186_1_headxflow,,169_1_headxflow,,155_1_headxflow,,all_1_npshxflow,,186_1_powerxflow,,169_1_powerxflow,,155_1_powerxflow,,186_1_effxflow,,169_1_effxflow,,155_1_effxflow,
X,Y,X,Y,X,Y,X,Y,X,Y,X,Y,X,Y,X,Y,X,Y,X,Y
4.376452351861055,55.0544047581213,4.340446457017702,45.93714354487916,4.542194166795908,37.542234933114464,4.3459074464230145,2.6692411639056495,4.373643144967252,4.348177031414458,4.340348285559018,3.337492286879211,4.544074132232632,2.638984623762912,4.372166995541268,20.534685624993088,4.337215515502695,22.13780883902548,4.539934099726418,23.95632054879556
4.418382838669604,54.95678954170543,4.382379201673798,45.85905137174647,4.5841254062203065,37.45112739779299,4.3878075188519965,2.6826340565422555,4.415544657390338,4.357331784535251,4.382252760685381,3.3448160893758434,4.585986014117181,2.6417310496991497,4.414108771587555,20.648438895881796,4.3791572915489825,22.270497994000863,4.581875875772705,24.082697742408712
4.460312572862304,54.85266664419517,4.424311193714045,45.77445151751939,4.626056645644704,37.36001986247151,4.429706113689115,2.6972444848730994,4.457444688461787,4.367402012968121,4.424161679866654,3.349393465936238,4.6278964146500945,2.645392950947464,4.456050547633843,20.76219216677049,4.42109906759527,22.406343129657344,4.623817651818992,24.209074936021878
4.502242307055004,54.74854374668491,4.466242433138444,45.683343982197904,4.667989390300801,37.28192768933882,4.471604708526236,2.7118549132039433,4.499347682236511,4.37564129077683,4.466067636344654,3.3558017931207935,4.669802371128093,2.6518012781320195,4.497992323680131,20.875945437659183,4.463040843641558,22.539032284632725,4.66575942786528,24.32282820691057
4.544172041247704,54.64442084917465,4.5081751777945405,45.605251809065216,4.709919877109349,37.18431247292295,4.51350625854708,2.7240302701463186,4.541249194659598,4.384796043897623,4.507975074174292,3.361294644993265,4.711715734364281,2.653632228756173,4.539934099726418,20.989698708547877,4.504982619687845,22.66856545892702,4.707701203911567,24.455517361885953
4.586101775440403,54.54029795166439,4.550107169834788,45.52065195483813,4.751851116533747,37.09320493760147,4.555404853384199,2.7386406984771625,4.583150707082684,4.393950797018412,4.549882512003928,3.36678749686574,4.753621690842281,2.6600405559407285,4.581875875772705,21.097140018074356,4.546924395734132,22.8044105945835,4.749642979957854,24.56927063277466
4.628031509633103,54.436175054154134,4.592039161875035,45.43605210061104,4.793783861189844,37.015112764468775,4.59730344822132,2.75325112680801,4.625053700857409,4.402190074827125,4.591789949833566,3.372280348738215,4.795532091375193,2.6637024571890464,4.623817651818992,21.207737308281935,4.58886617178042,22.933943768877782,4.791584756004142,24.692491845706698
4.669961243825802,54.332052156643876,4.633971153915282,45.35145224638396,4.835715100614243,36.9240052291473,4.639203520650302,2.7666440194446125,4.666955213280494,4.411344827947914,4.6336973876632035,3.37777320061069,4.837443973259743,2.6664488831252804,4.66575942786528,21.3151786178084,4.630807947826707,23.06347694317205,4.8335265320504295,24.80624511659539
4.7118924832502,54.24094462132239,4.675903145955529,45.26685239215687,4.87764634003864,36.83289769382582,4.681103593079283,2.780036912081222,4.708856725703581,4.420499581068704,4.675603344141202,3.384181527795242,4.879349929737743,2.672857210309836,4.707701203911567,21.422619927334864,4.672749723872994,23.1866981561041,4.875468308096717,24.919998387484085
4.75382146482705,54.13031404271774,4.717835137995776,45.182252537929784,4.9195783320788875,36.748297839598735,4.7230021879164035,2.7946473404120695,4.75075675677503,4.4305698095015735,4.717512263322478,3.3887589043556368,4.92126329297393,2.674688160933993,4.749642979957854,21.523749275499114,4.714691499919281,23.309919369036137,4.917410084143004,25.033751658372793
4.795750446403901,54.01968346411309,4.759767130036024,45.0976526837027,4.961510324119135,36.66369798537165,4.764900782753522,2.8092577687429134,4.792661231901391,4.437893611998206,4.759416738448839,3.396082706852269,4.963170730803568,2.680181012806468,4.791584756004142,21.628034604344464,4.756633275965569,23.433140581968175,4.959351860189291,25.141192967899258
4.837681685828299,53.928575928791616,4.801699122076271,45.01305282947561,5.003442316159382,36.57909813114456,4.806799377590643,2.8238681970737574,4.834564225676116,4.446132889806918,4.801327138981752,3.399744608100587,5.005078168633204,2.685673864678943,4.8335265320504295,21.732319933189814,4.798575052011857,23.556361794900212,5.001293636235578,25.251790258106837
4.8796099147893,53.81143766909257,4.84362960888482,44.915437613059744,5.045372802967931,36.481482914728694,4.848699450019625,2.837261089710367,4.876465738099203,4.455287642927708,4.843231614108114,3.407068410597219,5.046991531869392,2.6875048153031003,4.875468308096717,21.842917223397393,4.840516828058144,23.679583007832264,5.043235412281866,25.36554352899553
4.921538143750301,53.69429940939353,4.885560848309218,44.82433007773826,5.087304042392329,36.39037537940721,4.890598044856744,2.851871518041211,4.918368731873926,4.463526920736417,4.885142014641025,3.4107303118455334,5.088897488347392,2.693913142487652,4.917410084143004,21.937734610199414,4.882458604104431,23.8028042207643,5.085177188328154,25.469828857840895
4.963466372711302,53.57716114969449,4.927492840349465,44.73973022351118,5.129234529200878,36.29276016299134,4.9324966396938645,2.8664819463720583,4.960271725648651,4.471766198545129,4.927047971119025,3.4171386390300853,5.130809370231942,2.6966595684238897,4.959351860189291,22.035707977682534,4.924400380150718,23.916557491652995,5.127118964374441,25.57411418668623
5.005394601672303,53.46002288999544,4.9694233271580135,44.64211500709531,5.171165768625276,36.20165262766987,4.974395234530985,2.8810923747029022,5.002176200775012,4.479090001041762,4.9689568903003005,3.4217160155904836,5.172719770764855,2.700321469672204,5.001293636235578,22.133681345165655,4.966342156197006,24.03031076254169,5.169060740420728,25.68155549621271
5.047322830633304,53.3428846302964,5.011354566582412,44.55100747177383,5.213095502817975,36.09752973015961,5.016293829368104,2.895702803033746,5.0440777131980985,4.488244754162551,5.010864328129937,3.427208867462955,5.214625727242855,2.7067297968567594,5.043235412281866,22.231654712648776,5.008283932243293,24.144064033430396,5.2110025164670155,25.78268484437693
5.089252564826005,53.238761732786145,5.053285053390962,44.45339225535796,5.255026742242373,36.00642219483813,5.058192424205225,2.9103132313645936,5.085979225621186,4.497399507283344,5.052771765959575,3.43270171933543,5.256539090479042,2.7085607474809166,5.085177188328154,22.32962808013191,5.050225708289581,24.25781730431909,5.252944292513303,25.88381419254118
5.131181546402854,53.12813115418149,5.095216292815359,44.36228472003649,5.296957981666771,35.91531465951666,5.100089541450482,2.926141195389672,5.127882219395909,4.505638785092053,5.094679203789212,3.438194571207905,5.298445046957042,2.714969074665472,5.127118964374441,22.427601447615018,5.092167484335868,24.371570575207784,5.29488606855959,25.9817875600243
5.173109775363855,53.01099289448245,5.137147532239757,44.271177184715015,5.33888846847532,35.81769944310079,5.141988136287602,2.9407516237205193,5.169786694522271,4.512962587588685,5.136586641618849,3.4436874230803802,5.340355447489954,2.7186309759137863,5.169060740420728,22.519262853735924,5.134109260382155,24.485323846096477,5.336827844605877,26.079760927507436
5.215038004324857,52.89385463478341,5.179078019048306,44.17356196829915,5.380818955283869,35.72008422668492,5.183886731124722,2.9553620520513633,5.211689688296996,4.521201865397398,5.178494079448487,3.4491802749528517,5.382267329374504,2.721377401850024,5.2110025164670155,22.610924259856816,5.176051036428443,24.592765155622956,5.378769620652165,26.174578314309443
5.2569662332858575,52.77671637508436,5.221009258472703,44.08245443297766,5.422749442092418,35.62246901026905,5.2257838483699794,2.971190016076445,5.253592682071719,4.529441143206107,5.220401517278122,3.454673126825327,5.424174767204142,2.726870253722499,5.252944292513303,22.702585665977708,5.21799281247473,24.697050484468306,5.420711396698453,26.272551681792564
5.298894462246858,52.65957811538532,5.262938992665403,43.978331535467404,5.464680681516816,35.531361474947566,5.2676824432071,2.985800444407289,5.295497157198081,4.536764945702743,5.262311917811036,3.458335028073641,5.466086649088691,2.7296166796587364,5.29488606855959,22.7910910914175,5.259934588521017,24.807647774675885,5.46265317274474,26.36421308791347
5.34082193859201,52.53593217459189,5.304869479473952,43.88071631905154,5.506610415709515,35.427238577437315,5.30958103804422,3.000410872738133,5.337401632324443,4.544088748199375,5.3042163929373976,3.465658830570277,5.507998530973242,2.732363105594974,5.336827844605877,22.879596516857276,5.301876364567304,24.915089084202364,5.504594948791027,26.452718513353233
5.382748662321314,52.405778552704064,5.346799213666652,43.77659342154128,5.548540902518064,35.32962336102145,5.35147963288134,3.0150213010689804,5.3793046260991675,4.552328026008084,5.346128274821948,3.468405256506511,5.54990596880288,2.7378559574674455,5.378769620652165,22.96810194229704,5.3438181406135925,25.0162184323666,5.546536724837314,26.541223938793024
5.4246768912823145,52.288640293005024,5.388729700475201,43.67897820512541,5.590470636710763,35.22550046351118,5.393378227718459,3.0296317293998243,5.421207619873892,4.560567303816796,5.388034231299947,3.4748135836910663,5.591817850687429,2.740602383403683,5.420711396698453,23.050295406374616,5.38575991665988,25.11419179984972,5.5884785008836015,26.629729364232816
5.466602862395768,52.151978990022805,5.4306594346679,43.574855307615145,5.632400370903463,35.12137756600092,5.435275344963718,3.0454596934249096,5.4631135763518905,4.566975631001348,5.42994463183286,3.478475484939384,5.633731213923617,2.7424333340278437,5.46265317274474,23.13564485113328,5.427701692706167,25.22163310937617,5.630420276929889,26.71823478967258
5.508531091356769,52.034840730323765,5.472588416244751,43.464224729010496,5.674330857712013,35.02376234958505,5.4771724622089755,3.0612876574499914,5.505016570126615,4.575214908810061,5.471850588310859,3.484883812123936,5.675638651753254,2.7479261859003152,5.504594948791027,23.217838315210827,5.469643468752454,25.31960647685932,5.672362052976177,26.806740215112356
5.550457815086071,51.90468710843594,5.514519655669148,43.37311719368902,5.716259839288862,34.91313177098041,5.519069579454234,3.0771156214750697,5.54691956390134,4.58345418661877,5.513760988843772,3.4885457133722504,5.7175490522861665,2.751588087148633,5.546536724837314,23.300031779288375,5.5115852447987415,25.41757984434244,5.714303829022464,26.885777698508818
5.592385291431223,51.781041167642506,5.556449389861847,43.26899429617876,5.758190326097411,34.81551655456453,5.560966696699491,3.092943585500155,5.588825520379339,4.589862513803325,5.555666945321771,3.494954040556806,5.759462415522354,2.7534190377727903,5.5884785008836015,23.382225243365937,5.553527020845029,25.509241250463333,5.756245605068751,26.961659201224137
5.6343127677763745,51.657395226849076,5.5983791240545475,43.164871398668495,5.80012081290596,34.717901338148664,5.602863813944749,3.108771549525237,5.630728514154063,4.598101791612034,5.597577345854684,3.49861594180512,5.801369853351991,2.7589118896452653,5.630420276929889,23.458106746081256,5.595468796891316,25.604058637265325,5.798187381115039,27.0470086459828
5.676239491505678,51.52724160496125,5.640308858247248,43.060748501158244,5.8420497944828105,34.607270759544015,5.64476240878187,3.1233819778560807,5.672631507928787,4.606341069420747,5.6394847836843205,3.504108793677595,5.843280253884904,2.7625737908935797,5.672362052976177,23.537144229477676,5.637410572937604,25.698876024067346,5.840129157161326,27.12604612937922
5.718167720466679,51.4101033452622,5.682238592439947,42.95662560364798,5.88397952867551,34.50314786203376,5.686659526027126,3.1392099418811625,5.7145404271100615,4.610918445981142,5.681392221513957,3.5096016455500703,5.885193617121092,2.7644047415177404,5.714303829022464,23.616181712874138,5.679352348983891,25.790537430188238,5.882070933207613,27.201927632094552
5.760093691580132,51.27344204227999,5.724167574016797,42.84599502504333,5.9259100154840585,34.40553264561789,5.728556643272385,3.155037905906248,5.7564434208847866,4.619157723789854,5.72330262204687,3.5132635467983846,5.927101054950729,2.769897593390212,5.756245605068751,23.692063215589457,5.7212941250301785,25.882198836309144,5.9240127092539,27.27780913480987
5.802019662693586,51.13678073929777,5.766097308209496,42.74187212753307,5.96783899706091,34.29490206701324,5.770453760517643,3.170865869931326,5.79834641465951,4.627397001598563,5.76520857852487,3.51967187398294,5.969011455483641,2.77355949463853,5.798187381115039,23.767944718304776,5.763235901076466,25.97386024243002,5.9659544853001885,27.35053465684409
5.843945633807039,51.00011943631556,5.808025537170498,42.624733867834024,6.009767978637759,34.184271488408584,5.812352355354763,3.1854762982621736,5.840255333840785,4.6319743781589615,5.807120460409419,3.5224182999191775,6.01092481871983,2.775390445262687,5.840129157161326,23.843826221020095,5.805177677122753,26.056053706507583,6.007896261346476,27.416948217516065
5.885871604920492,50.86345813333334,5.849955271363197,42.520610970323766,6.05169696021461,34.073640909803935,5.854246517416297,3.2037393336757276,5.882156846263872,4.641129131279751,5.849026416887419,3.5288266271037294,6.0528337379011035,2.7799678218230817,5.882070933207613,23.9133957623732,5.84711945316904,26.141403151266246,6.049838037392763,27.4928297202314
5.927797576033945,50.72679683035113,5.891883500324198,42.40347271062472,6.09362594179146,33.963010331199285,5.896145112253416,3.218349762006575,5.9240628027418705,4.647537458464303,5.890938298771969,3.531573053039967,6.094742657082379,2.7845451983834764,5.9240127092539,23.979809323045174,5.8890612292153275,26.229908576706023,6.09177981343905,27.56555524226559
5.9697235471473995,50.59013552736891,5.933812481901049,42.29284213202007,6.135555675984159,33.85888743368902,5.938040751906813,3.2353952617258948,5.96596875921987,4.653945785648858,5.932845736601607,3.5370659049124384,6.136657501670204,2.7854606736955567,5.9659544853001885,24.04937886439825,5.931003005261616,26.315258021464686,6.133721589485337,27.62565684157535
6.011649518260853,50.45347422438669,5.9757414634779,42.18221155341543,6.17748390494516,33.74174917398998,5.979939346743933,3.2500056900567387,6.007871752994595,4.662185063457567,5.974753174431244,3.5425587567849135,6.178564939499841,2.7909535255680282,6.007896261346476,24.115792425070225,5.972944781307903,26.394295504861148,6.175663365531625,27.692070402247325
6.053575489374306,50.31681292140448,6.017669692438901,42.06507329371638,6.21941363913786,33.637626276479715,6.021834986397328,3.267051189776055,6.049779190824231,4.667677915330042,6.0166650563157935,3.545305182721151,6.220473858681117,2.7955309021284265,6.049838037392763,24.188517947104458,6.01488655735419,26.470177007576467,6.217605141577912,27.755327982238185
6.0955014604877595,50.18015161842226,6.0595994266316,41.96095039620612,6.261342620714711,33.526995697875066,6.063732103642587,3.28287915380114,6.091685147302231,4.674086242514594,6.0585695314421555,3.5526289852177833,6.262390184620579,2.7955309021284265,6.09177981343905,24.254931507776433,6.056828333400477,26.552370471654,6.2595469176242,27.818585562229046
6.137427431601212,50.043490315440046,6.101527655592601,41.843812136507076,6.303270849675712,33.409857438176026,6.105629220887845,3.298707117826222,6.133588141076955,4.682325520323307,6.100482894678344,3.5544599358419404,6.3042991038018545,2.800108278688821,6.133721589485337,24.315033107086165,6.098770109446765,26.62825197436932,6.301488693670487,27.878687161538792
6.179353402714666,49.90682901245783,6.143455884553601,41.726673876808036,6.34520133648426,33.31224222176016,6.147524860541241,3.3157526175455416,6.17549706025823,4.686902896883701,6.142388851156343,3.560868263026496,6.346209504334767,2.8037701799371355,6.175663365531625,24.375134706395926,6.140711885493052,26.707289457765782,6.3434304697167745,27.941944741529653
6.22127786859642,49.75715234728683,6.185384113514603,41.60953561710899,6.387129565445262,33.19510396206112,6.189421977786499,3.3315805815706234,6.217401535384592,4.694226699380334,6.184299251689255,3.56453016427481,6.388121386219317,2.806516605873373,6.217605141577912,24.441548267067915,6.182653661539339,26.780014979799972,6.385372245763062,27.9957343794772
6.263203087094025,49.613983363210224,6.227312342475605,41.49239735740995,6.429057794406263,33.07796570236207,6.231316139848033,3.349843616984181,6.259310454565866,4.698804075940728,6.226209652222169,3.5681920655231245,6.430036230807143,2.8074320811854534,6.2595469176242,24.50164986637766,6.224595437585627,26.849584521153076,6.427314021809349,28.05583597878693
6.30512755297578,49.46430669803922,6.2692405714366055,41.37525909771091,6.470986023367264,32.96082744266303,6.273213257093291,3.3656715810092592,6.301213448340591,4.707043353749441,6.2681156087001675,3.57460039270768,6.471945149988418,2.812009457745848,6.301488693670487,24.561751465687394,6.266537213631914,26.919154062506152,6.469255797855636,28.109625616734462
6.347052018857535,49.31463003286822,6.3111680477817576,41.25161315691747,6.512914252328264,32.84368918296399,6.315110374338549,3.3814995450343446,6.343119404818591,4.713451680933993,6.310030453287993,3.5755158680197603,6.513854069169692,2.816586834306243,6.3434304697167745,24.618697084316025,6.308478989678202,26.991879584540385,6.511197573901923,28.163415254681965
6.388977237355139,49.17146104879161,6.353095524126909,41.12796721612404,6.554842481289266,32.726550923264945,6.357006013991945,3.3985450447536607,6.3850268426482275,4.718944532806468,6.351936409765992,3.581924195204312,6.555768913757517,2.817502309618323,6.385372245763062,24.67248672226357,6.350420765724489,27.06144912589346,6.553139349948212,28.214048911948396
6.430901703236894,49.02178438362061,6.395023000472061,41.004321275330604,6.596770710250268,32.609412663565905,6.398903131237202,3.414373008778746,6.426929836422952,4.727183810615177,6.393845328947267,3.586501571764707,6.597680795642067,2.8202487355545607,6.427314021809349,24.726276360211088,6.392362541770776,27.127862686565436,6.595081125994499,28.261526588533684
6.472826169118648,48.87210771844962,6.4369512294330615,40.887183015631564,6.6386989392112685,32.49227440386686,6.440798770890599,3.431418508498062,6.468840236955865,4.730845711863495,6.4357572108318175,3.5892479977009444,6.6395911961749805,2.823910636802875,6.469255797855636,24.78322197883972,6.434304317817063,27.187964285875182,6.637022902040786,28.309004265118972
6.514751387616252,48.72893873437301,6.478879458394062,40.770044755932524,6.680627168172269,32.37513614416782,6.482694410543995,3.448464008217382,6.510743230730588,4.739084989672207,6.477663167309816,3.5956563248854962,6.681500115356255,2.8284880133632697,6.511197573901923,24.84016759746835,6.476246093863351,27.251221865866057,6.678964678087073,28.359637922385375
6.5566758534980085,48.57926206920202,6.520807687355065,40.65290649623348,6.72255539713327,32.25799788446878,6.524588572605529,3.4667270436309394,6.552653631263501,4.742746890920522,6.519576530546004,3.597487275509657,6.723416441295718,2.8284880133632697,6.553139349948212,24.887645274053654,6.518187869909639,27.314479445856932,6.7209064541333605,28.400803637608433
6.598600319379763,48.429585404031016,6.562734411084367,40.522752874345656,6.764483626094271,32.14085962476973,6.566484212258925,3.483772543350259,6.594558106389862,4.750070693417154,6.56148544972728,3.6020646520700517,6.765325360476993,2.833065389923668,6.595081125994499,24.938278931320056,6.560129645955926,27.371425064485564,6.762848230179648,28.441969352831507
6.640524785261518,48.279908738860016,6.604661887429518,40.39910693355222,6.806411855055273,32.02372136507069,6.6083798519123205,3.5008180430695752,6.636468506922775,4.753732594665472,6.6033914062052785,3.6084729792546035,6.807235761009906,2.8367272911719823,6.637022902040786,24.985756607905344,6.602071422002213,27.437838625157553,6.804790006225935,28.486291048735666
6.682448498527424,48.123724392594625,6.6465893637746705,40.27546099275879,6.848340084016274,31.906583105371652,6.650276969157579,3.5166460070946606,6.6783715006975,4.761971872474181,6.645306250793104,3.609388454566684,6.849147642894455,2.83947371710822,6.678964678087073,25.036390265171747,6.6440131980485,27.488472282423942,6.846731782272223,28.524300783277624
6.724372211793329,47.96754004632923,6.688515334888124,40.13879968977657,6.890267560361425,31.782937164578215,6.692171131219112,3.534909042508218,6.720281901230411,4.765633773722499,6.687213688622741,3.6148813064391554,6.891063968833919,2.83947371710822,6.7209064541333605,25.080711961075934,6.685954974094788,27.545417901052573,6.88867355831851,28.56231051781957
6.766294419827536,47.79834033787506,6.7304420586174265,40.00864606788875,6.932194284090729,31.652783542690393,6.734068248464371,3.5507370065333,6.762186376356773,4.772957576219131,6.729122607804016,3.6194586829995536,6.9329714066635555,2.8449665689806913,6.762848230179648,25.128189637661222,6.727896750141075,27.599207539000105,6.930615334364798,28.5971642716804
6.808218133093441,47.64215599160968,6.772369534962578,39.88500012709531,6.9741225130517295,31.535645282991347,6.7759624105259055,3.569000041946854,6.8040952955380485,4.777534952779526,6.771035971040204,3.621289633623711,6.974880325844831,2.8495439455410896,6.804790006225935,25.172511333565396,6.769838526187362,27.652997176947622,6.972557110411085,28.628862044860114
6.850141846359348,47.485971645344286,6.814296258691881,39.75484650520749,7.016049236781032,31.405491661103525,6.817858050179301,3.5860455416661736,6.846001252016047,4.7839432799640775,6.812941927518203,3.6276979608082627,7.0167951704326565,2.8504594208531664,6.846731782272223,25.210521068107354,6.81178030223365,27.70678681489514,7.014498886457372,28.663715798720958
6.892065559625253,47.329787299078895,6.856222982421184,39.62469288331967,7.057976713126184,31.281845720310088,6.8597551674245585,3.6018735056912554,6.887908689845685,4.789436131836553,6.854853809402754,3.6304443867445,7.0587085336688435,2.852290371477327,6.88867355831851,25.2485308026493,6.8537220782799375,27.751108510799327,7.056440662503659,28.698569552581787
6.933989272891159,47.1736029528135,6.898149706150487,39.49453926143183,7.099904189471335,31.158199779516657,6.901650807077956,3.618919005410575,6.929816127675322,4.794928983709028,6.896764209935666,3.6341062879928145,7.100618934201757,2.8559522727256414,6.930615334364798,25.292852498553458,6.895663854326225,27.795430206703486,7.0983824385499465,28.723955364399274
6.975912986157065,47.01741860654811,6.940076429879789,39.36438563954401,7.141830913200638,31.02804615762883,6.943544969139489,3.6371820408241327,6.971726528208235,4.798590884957342,6.938671647765303,3.6395991398652896,7.142529334734669,2.859614173973956,6.972557110411085,25.330862233095402,6.937605630372512,27.842907883288788,7.140324214596235,28.752497156897874
7.0178359468071205,46.85472657918833,6.982003153609091,39.23423201765619,7.18375914216164,30.91090789792979,6.985437653609162,3.6566626119319245,7.013631003334597,4.805914687453974,6.980585011001492,3.6414300904894503,7.184442697970857,2.8614451245981165,7.014498886457372,25.36571598695626,6.979547406418799,27.890385559874076,7.182265990642522,28.777882968715375
7.059758907457177,46.692034551828556,7.023929877338394,39.10407839576836,7.225685865890942,30.780754276041968,7.027333293262557,3.6737081116512442,7.055542885219146,4.808661113390212,7.022495411534403,3.6450919917377647,7.22635902391032,2.8614451245981165,7.056440662503659,25.40056974081709,7.0214891824650865,27.93470725577825,7.224207766688809,28.80326878053286
7.101681115491385,46.522834843374376,7.065855848451847,38.96741709278614,7.267613342236094,30.65710833524853,7.069228932915953,3.690753611370564,7.097447360345508,4.8159849158868475,7.0644043307156785,3.6496693682981594,7.268269424443232,2.865107025846431,7.0983824385499465,25.435423494677906,7.063430958511374,27.979028951682437,7.266149542735096,28.825498611669232
7.143603323525592,46.35363513492021,7.107781066949452,38.82424810870955,7.309540818581246,30.533462394455093,7.1111245725693495,3.7077991110898836,7.139359242230059,4.8187313418230815,7.106316212600229,3.652415794234397,7.310181306327783,2.8678534517826684,7.140324214596235,25.47027724853875,7.105372734557662,28.013882705543267,7.308091318781384,28.841416481443375
7.185525531559799,46.18443542646604,7.149707038062905,38.68758680572733,7.351467542310548,30.40330877256727,7.153017257039021,3.7272796821976755,7.18126371735642,4.826055144319714,7.148228094484779,3.6551622201706344,7.352090225509057,2.872430828343063,7.182265990642522,25.505131002399594,7.147314510603949,28.05189244008521,7.350033094827671,28.860490331898646
7.227447739594006,46.01523571801186,7.1916337617922075,38.5574331838395,7.39339426603985,30.27315515067945,7.194914374284279,3.743107646222761,7.22317559924097,4.828801570255951,7.190135532314416,3.6606550720431095,7.39400655144852,2.872430828343063,7.224207766688809,25.530516814217066,7.189256286650236,28.089902174627156,7.391974870873958,28.87640820167279
7.269369947628213,45.84603600955769,7.233558227673963,38.4077565186685,7.435320989769154,30.143001528791622,7.2368055811620895,3.763805753024787,7.265080074367332,4.8361253727525835,7.232047414198966,3.663401497979347,7.435922877387983,2.872430828343063,7.266149542735096,25.559058606715666,7.2311980626965235,28.1279119091691,7.433916646920246,28.89232607144693
7.311292155662421,45.67683630110352,7.2754841987874155,38.27109521568629,7.477247713498456,30.0128479069038,7.278699743223624,3.7820687884383446,7.306991956251882,4.838871798688821,7.273959296083516,3.6661479239155845,7.477830315217621,2.877923680215538,7.308091318781384,25.584444418533167,7.273139838742811,28.156453701667715,7.4758584229665335,28.90508796053996
7.353214363696628,45.50763659264934,7.317410169900869,38.13443391270407,7.51917368461191,29.87618660392158,7.32059538287702,3.7991142881576643,7.3489008754331575,4.843449175249216,7.315868215264791,3.6707253004759792,7.519742197102171,2.8806701061517757,7.350033094827671,25.609830230350653,7.315081614789098,28.184995494166316,7.517800199012821,28.914693868951886
7.395135819114985,45.33192920310078,7.359336141014322,37.99777260972185,7.561099655725363,29.739525300939363,7.362491022530415,3.816159787876984,7.390806831911156,4.849857502433768,7.357778615797703,3.6743872017242936,7.561654078986721,2.883416532088013,7.391974870873958,25.63521604216814,7.357023390835385,28.22300522870826,7.559741975059108,28.9242997773638
7.437058779765042,45.169237175741,7.401261359511927,37.85460362564524,7.6030271320705145,29.615879360145932,7.404383707000088,3.835640358984776,7.432720195147344,4.851688453057928,7.399693460385529,3.675302677036374,7.603570404926184,2.883416532088013,7.433916646920246,25.66060185398564,7.398965166881673,28.248391040525746,7.601683751105395,28.943373627819057
7.478979482567551,44.98702210509805,7.44318733062538,37.71794232266303,7.644953103183968,29.479218057163713,7.44627639146976,3.8551209300925677,7.474626151625344,4.85809678024248,7.441602379566804,3.6798800535967686,7.645482286810735,2.8861629580242507,7.4758584229665335,25.682831685121997,7.440906942927961,28.27693283302436,7.643625527151682,28.943511594187626
7.520903195833457,44.83083775883266,7.485112549122984,37.574773338586425,7.6868798269132705,29.349064435275892,7.488172031123155,3.8721664298118874,7.516538033509894,4.860843206178718,7.483509817396441,3.6853729054692437,7.687394168695285,2.8889093839604847,7.517800199012821,25.701905535577268,7.482848718974248,28.299162664160733,7.68556730319797,28.94364956055621
7.562823146020116,44.64211500709531,7.52703701500474,37.42509667341542,7.728806550642574,29.21891081338807,7.530064715592828,3.891647000919683,7.558446952691169,4.865420582739112,7.525426143335904,3.6853729054692437,7.729303087876559,2.893486760520883,7.559741975059108,25.720979386032525,7.524790495020535,28.327704456659333,7.727509079244258,28.94378752692478
7.604744601438474,44.46640761754675,7.568961480886494,37.275420008244424,7.7707325217560275,29.082249510405852,7.571958877654362,3.909910036333237,7.6003529091691675,4.871828909923664,7.567335062517179,3.6899502820296384,7.771217932464385,2.8944022358329597,7.601683751105395,25.740053236487782,7.566732271066822,28.337310365071247,7.769450855290545,28.94392549329335
7.646665304240982,44.284192546903796,7.610885946768248,37.12574334307343,7.81265924548533,28.952095888518024,7.613853039715896,3.9281730717467944,7.642266272405356,4.873659860547825,7.609243981698453,3.694527658590033,7.813134258403848,2.8944022358329597,7.643625527151682,25.762283067624153,7.60867404711311,28.36900813825099,7.811392631336832,28.944063459661933
7.688586007043491,44.101977476260835,7.652811165265852,36.98257435899682,7.854585216598783,28.815434585535805,7.65574720177743,3.946436107160352,7.684172228883356,4.880068187732377,7.651157344934641,3.6963586092141902,7.855043177585123,2.898979612393358,7.68556730319797,25.77188897603608,7.650615823159397,28.378614046662904,7.8533344073831195,28.944201426030503
7.7305074624618495,43.92627008671227,7.6947356311476085,36.83289769382582,7.896510435096387,28.672265601459202,7.697639886247103,3.9659166782681474,7.726084110767905,4.882814613668614,7.69307070817083,3.698189559838351,7.896955059469673,2.901726038329592,7.727509079244258,25.781494884447994,7.692557599205685,28.410311819842605,7.895276183429407,28.944339392399073
7.772428165264358,43.744055016069325,7.7366608496452125,36.68972870974921,7.93843640620984,28.53560429847699,7.739534048308636,3.9841797136817014,7.767995992652456,4.885561039604852,7.734973701945553,3.70642883764706,7.938865460002586,2.90538793957791,7.769450855290545,25.80056873490325,7.734499375251972,28.413605766892303,7.937217959475694,28.925541474680955
7.814348868066867,43.561839945426364,7.778585315526967,36.54005204457822,7.980362377323293,28.39894299549477,7.781428210370171,4.002442749095259,7.809903430482093,4.891053891477327,7.776888546533379,3.7073443129591404,7.980781785942049,2.90538793957791,7.811392631336832,25.800706701271835,7.776441151298259,28.423211675304216,7.979159735521981,28.92567944104954
7.856269570869376,43.37962487478341,7.8205090287928725,36.38386769831283,8.022287595820899,28.25577401141816,7.823322372431704,4.020705784508813,7.851815312366643,4.893800317413561,7.818801909769567,3.7091752635832975,8.022698111881512,2.90538793957791,7.8533344073831195,25.819780551727092,7.818382927344547,28.451753467802817,8.021101511568268,28.910037504012536
7.898190273671884,43.197409804140456,7.8624342472904765,36.24069871423622,8.064213566934352,28.11911270843595,7.865213579309515,4.041403891310843,7.893725712899556,4.897462218661879,7.860710828950841,3.713752640143692,8.064614437820975,2.90538793957791,7.895276183429407,25.819918518095662,7.860324703390834,28.451891434171387,8.063043287614557,28.897551547656647
7.940110976474393,43.0151947334975,7.9043594657880805,36.09752973015961,8.106139538047806,27.98245140545373,7.907106263779188,4.060884462418638,7.935633150729193,4.90295507053435,7.902619748132117,3.718330016704087,8.106521875650612,2.9108807914503814,7.937217959475694,25.82005648446423,7.902266479437121,28.461497342583314,8.104985063660845,28.881909610619644
7.9820316792769015,42.83297966285454,7.946283179053986,35.941345383894216,8.148064003929559,27.832774740282737,7.949000425840721,4.079147497832196,7.977546513965381,4.904786021158511,7.944536074071579,3.718330016704087,8.148436720238438,2.9117962667624617,7.979159735521981,25.839130334919503,7.944208255483408,28.471103250995228,8.146926839707131,28.86942365426377
8.02395162946356,42.6442569111172,7.988206892319893,35.785161037628825,8.189990727658863,27.7026211183949,7.9908931103103935,4.098628068939988,8.019456914498292,4.908447922406825,7.9864464746044925,3.721991917952405,8.19034563941971,2.9163736433228564,8.021101511568268,25.839268301288072,7.9861500315296965,28.471241217363797,8.188868615753417,28.853781717226767
8.06587157965022,42.45553415937986,8.030129100354099,35.61596132917466,8.231915193540617,27.55294445322391,8.032785794780066,4.1181086400477795,8.06136435232793,4.9139407742793,8.028356875137405,3.725653819200719,8.232261965359175,2.9163736433228564,8.063043287614557,25.839406267656642,8.028091807575983,28.471379183732367,8.230810391799706,28.83498379950865
8.10779077722103,42.260303726548116,8.072052813620004,35.45977698290927,8.273841164654069,27.41628315024169,8.0746799568416,4.136371675461337,8.103277715564117,4.915771724903458,8.070267275670316,3.729315720449037,8.274178291298638,2.9163736433228564,8.104985063660845,25.83954423402521,8.070033583622271,28.47467313078208,8.272752167845994,28.806717939747188
8.149709974791842,42.06507329371638,8.11397652688591,35.30359263664388,8.315765630535825,27.266606485070696,8.116572641311272,4.1558522465691325,8.14518811609703,4.9194336261517755,8.11218360160978,3.729315720449037,8.316093135886463,2.917289118634937,8.146926839707131,25.839682200393796,8.111975359668559,28.487435019875093,8.31469394389228,28.78476404134797
8.1916299249785,41.87635054197903,8.155900240151816,35.147408290378486,8.35769084903343,27.123437500994086,8.158463848189081,4.176550353371159,8.187098516629943,4.923095527400093,8.154092520791055,3.7338930970094317,8.35800205506774,2.9218664951953315,8.188868615753417,25.839820166762365,8.153917135714845,28.47179308283809,8.356635719938568,28.762810142948737
8.233549122549311,41.681120109147294,8.197823953417721,34.9912239441131,8.399616067531031,26.980268516917477,8.200358010250616,4.194813388784716,8.229008917162854,4.926757428648408,8.196002921323966,3.737554998257746,8.399918381007202,2.9218664951953315,8.230810391799706,25.821022249044248,8.195858911761132,28.47193104920666,8.398577495984854,28.73770026386839
8.27546832012012,41.48588967631556,8.239747666683627,34.83503959784771,8.441540533412788,26.830591851746483,8.242250694720289,4.214293959892512,8.27092376175068,4.9276729039604845,8.237914803208518,3.7403014241939836,8.44182581883684,2.9273593470678065,8.272752167845994,25.821160215412817,8.23780068780742,28.472069015575244,8.440519272031143,28.706278423425815
8.317387517690932,41.290659243483816,8.281671379949534,34.67885525158232,8.483464246678697,26.674407505481092,8.284141901598097,4.234992066694538,8.312832680931955,4.932250280520883,8.279831129147981,3.7403014241939836,8.483742144776302,2.9273593470678065,8.31469394389228,25.8212981817814,8.279742463853708,28.4658950205816,8.48246104807743,28.67170060230214
8.359306715261742,41.09542881065208,8.32359509321544,34.52267090531693,8.525390970407997,26.54425388359327,8.326036063659632,4.2532551021080955,8.354740118761594,4.937743132393358,8.321740048329255,3.744878800754382,8.525658470715767,2.9273593470678065,8.356635719938568,25.805656244744412,8.321684239899994,28.453409064225696,8.524402824123717,28.643434742540677
8.401225912832551,40.900198377820345,8.365518053865497,34.35997887795715,8.567314683673903,26.38806953732788,8.367927270537443,4.273953208910129,8.396656444701057,4.937743132393358,8.363651930213805,3.747625226690616,8.56757479665523,2.9273593470678065,8.398577495984854,25.79948224975074,8.363626015946283,28.45039104991315,8.566344600170005,28.6120129020981
8.443144357787514,40.69846026389422,8.407439509283854,34.184271488408584,8.609238396939809,26.23188519106249,8.409818477415254,4.294651315712159,8.438566845233968,4.941405033641672,8.405562330746719,3.7512871279389337,8.609488159891416,2.9291902976919637,8.440519272031143,25.783840312713735,8.405567791992569,28.434749112876162,8.608286376216292,28.574279100293296
8.485062802742476,40.49672214996809,8.44936322254976,34.02808714214319,8.651165120669113,26.10173156917466,8.451712639476789,4.312914351125716,8.480477245766881,4.94506693488999,8.447478656686181,3.7512871279389337,8.65139856042433,2.9328521989402816,8.48246104807743,25.765042394995632,8.447509568038857,28.415951195158044,8.65022815226258,28.533389317807405
8.526982000313286,40.30149171713635,8.491286935815666,33.8719027958778,8.693088833935015,25.94554722290927,8.493603846354597,4.333612457927742,8.522387646299794,4.948728836138304,8.489389057219093,3.754949029187248,8.693314886363792,2.9328521989402816,8.524402824123717,25.758868400001987,8.489451344085145,28.403465238802156,8.692169928308866,28.4956555160026
8.568900445268245,40.099753603210225,8.533207638618173,33.689687725234855,8.735012547200924,25.789362876643878,8.53549505323241,4.354310564729776,8.564303972239257,4.948728836138304,8.531300939103645,3.7576954551234856,8.735225286896704,2.936514100188596,8.566344600170005,25.74007048228387,8.531393120131431,28.384667321084038,8.734111704355154,28.454765733516666
8.610818137607357,39.89150780818971,8.575131351884078,33.53350337896946,8.77693626046683,25.633178530378487,8.577386260110218,4.3750086715318055,8.606215854123807,4.951475262074542,8.573209858284919,3.7622728316838803,8.777138650132892,2.938345050812753,8.608286376216292,25.72127256456575,8.57333489617772,28.36902538404705,8.776053480401442,28.407563989668517
8.652737335178166,39.696277375357965,8.617055065149984,33.37731903270407,8.818859973732732,25.476994184113096,8.61927894457989,4.394489242639597,8.648127736008357,4.9542216880107794,8.615126184224382,3.7622728316838803,8.819054976072355,2.938345050812753,8.65022815226258,25.69931866616652,8.615276672224006,28.347071485647817,8.817995256447729,28.360362245820383
8.694655780133129,39.49453926143183,8.658976520568345,33.20161164315551,8.86078368699864,25.32080983784771,8.6611701514577,4.415187349441631,8.690035173837995,4.9597145398832545,8.657042510163844,3.7622728316838803,8.860971302011817,2.938345050812753,8.692169928308866,25.6805207484484,8.657218448270294,28.32196160656747,8.859937032494017,28.313160501972234
8.736574225088088,39.29280114750571,8.7008994812184,33.03891961579573,8.902710410727941,25.19065621595989,8.703062835927373,4.434667920549423,8.731951499777457,4.9597145398832545,8.698949947993484,3.7677656835563553,8.90288762795128,2.938345050812753,8.734111704355154,25.65856685004917,8.69916022431658,28.300007708168238,8.901878808540303,28.265958758124086
8.778491164811353,39.0780476713908,8.742820936636758,32.863212226247164,8.944634123993847,25.0344718696945,8.744955520397045,4.4541484916572145,8.773866344365283,4.960630015195331,8.74086331122967,3.769596634180516,8.94480099118747,2.940176001436914,8.776053480401442,25.633456970968822,8.741102000362869,28.26858586772569,8.943820584586591,28.212445052913736
8.820409609766312,38.87630955746467,8.784743897286816,32.700520198887375,8.986557837259753,24.87828752342911,8.78684377209113,4.477281669847724,8.815775263546557,4.965207391755726,8.782773711762582,3.7732585354288304,8.986711391720382,2.943837902685228,8.817995256447729,25.608347091888504,8.783043776409157,28.2371640272831,8.983665271830564,28.163974018474704
8.862327302105424,38.668063762444156,8.826664600089323,32.51830512824443,9.028481550525658,24.722103177163717,8.828737934152665,4.495544705261278,8.857687145431107,4.9679538176919635,8.824690037702046,3.7732585354288304,9.028627717659845,2.943837902685228,8.859937032494017,25.5737692707648,8.824985552455443,28.212054148202768,9.027704136679166,28.11488558453631
8.904243489212838,38.44680260523485,8.868586808123531,32.34910541979025,9.070405263791564,24.565918830898326,8.870627663438613,4.517460347757545,8.899599027315658,4.970700243628201,8.866603400938233,3.7750894860529876,9.070544043599309,2.943837902685228,8.901878808540303,25.548659391684453,8.866927328501731,28.18063230776019,9.073141060729311,28.05822739584221
8.946161934167801,38.24506449130872,8.910509016157736,32.17990571133608,9.11232897705747,24.409734484632935,8.912518870316424,4.538158454559575,8.941515353255122,4.970700243628201,8.908513801471145,3.7787513873013054,9.112451481428945,2.949330754557703,8.943820584586591,25.52039353192302,8.908869104548018,28.146054486636515,9.303820828983891,27.65186470300557
8.988078121275212,38.02380333409942,8.952431224191944,32.01070600288191,9.154252690323375,24.253550138367544,8.954413032377959,4.556421489973129,8.983431679194585,4.970700243628201,8.950425683355697,3.7814978132375394,9.154367807368407,2.949330754557703,8.985762360632878,25.48897169148043,8.950810880594306,28.10832068483171,9.34226745702632,27.592027539235588
9.029996566230174,37.822065220173286,8.994352679610301,31.834998613333347,9.19617640358928,24.097365792102153,8.996302761663905,4.578337132469397,9.02533911702422,4.976193095500676,8.992337565240247,3.784244239173777,9.196284133307872,2.949330754557703,9.027704136679166,25.451237889675625,8.992752656640592,28.070586883026905,9.384209233072609,27.522733930619665
9.071912000721738,37.5942963818696,9.036274135028659,31.659291223784784,9.23809936423934,23.93467376474237,9.038193968541716,4.59903523927143,9.067255442963685,4.976193095500676,9.03425389117971,3.784244239173777,9.238200459247334,2.949330754557703,9.069645912725454,25.41350408787082,9.03469443268688,28.032853081222115,9.426151009118895,27.447128360641486
9.113830445676697,37.392558267943464,9.07819483783117,31.47707615314183,9.280020819657697,23.758966375193808,9.080085175419526,4.61973334607346,9.109162880793322,4.981685947373151,9.076170217119174,3.784244239173777,9.280116785186797,2.949330754557703,9.11158768877174,25.37577028606603,9.076636208733168,27.985651337373966,9.468092785165183,27.365210829301063
9.155747385399962,37.17780479182856,9.120115540633677,31.29486108249887,9.321944532923602,23.602782028928416,9.121976382297337,4.6404314528754895,9.151079206732785,4.981685947373151,9.11807765494881,3.789737091046252,9.322033111126261,2.949330754557703,9.153529464818028,25.338036484261224,9.118577984779455,27.944761554888032,9.510034561211471,27.286449278641797
9.197664325123224,36.96305131571364,9.162036996052034,31.119153692950306,9.363868246189508,23.446597682663025,9.16387054435887,4.658694488289047,9.19299553267225,4.981685947373151,9.159993980888272,3.789737091046252,9.363944993010811,2.9520771804939407,9.195471240864315,25.30030268245642,9.160519760825743,27.900715791721012,9.551976337257758,27.20768772798249
9.239579759614788,36.73528247740995,9.203957698854545,30.93693862230736,9.405791959455414,23.29041333639765,9.205758796052958,4.681827666479553,9.234911858611712,4.981685947373151,9.201901418717911,3.795229942918727,9.405856874895361,2.9548236064301783,9.237413016910603,25.259412899970513,9.202461536872029,27.85035806719175,9.593918113304046,27.11945823527985
9.281498204569747,36.53354436348382,9.245879906888753,30.76773891385318,9.447714920105469,23.127721309037867,9.247650002930767,4.702525773281582,9.27682374049626,4.984432373309385,9.243817744657374,3.795229942918727,9.447773200834826,2.9548236064301783,9.27935479295689,25.21221115612238,9.244403312918317,27.800000342662486,9.635859889350332,27.034384723258327
9.323412886445464,36.29926784408574,9.28779985707541,30.579016162115835,9.489637880755524,22.965029281678085,9.289538254624853,4.725658951472088,9.318735622380812,4.987178799245623,9.285734070596837,3.795229942918727,9.489689526774288,2.9548236064301783,9.321296569003177,25.161853431593116,9.286345088964604,27.752798598814337,9.67780166539662,26.94299924987459
9.365327568321177,36.064991324687654,9.329722065109618,30.40981645366167,9.531561594021433,22.808844935412694,9.331429461502665,4.746357058274114,9.360648985616999,4.989009749869783,9.327642989778113,3.7998073194791218,9.531604371362112,2.955739081742255,9.363238345049465,25.11149570706384,9.328286865010892,27.702440874285088,9.719743441442906,26.85161377649085
9.407242250196894,35.83071480528957,9.371642767912128,30.22760138301871,9.573484554671488,22.646152908052912,9.37331771319675,4.769490236464623,9.40255938614991,4.992671651118098,9.369557834365937,3.800722794791202,9.573513290543389,2.96031645830265,9.405180121095752,25.06744994389682,9.37022864105718,27.64577118839361,9.761685217489195,26.757072322425984
9.449160695151853,35.62897669136344,9.413563470714635,30.045386312375754,9.615407515321543,22.48346088069313,9.415210397666423,4.788970807572415,9.444475712089375,4.992671651118098,9.4114741603054,3.800722794791202,9.615429616482851,2.96031645830265,9.44712189714204,25.013936238686455,9.412170417103466,27.58594552182099,9.803626993535483,26.656218906998873
9.491076129643417,35.401207853059745,9.455483420901295,29.85666356063841,9.657328218124054,22.301245810050176,9.457101604544231,4.809668914374445,9.486392038028837,4.992671651118098,9.453383079486674,3.805300171351597,9.657345942422314,2.96031645830265,9.489063673188326,24.96357851415719,9.454112193149754,27.526119855248382,9.845568769581769,26.55852147225292
9.532990811519134,35.166931333661665,9.497404123703802,29.67444848999545,9.69925193138996,22.145061463784785,9.498992811422044,4.830367021176475,9.5283083639683,4.992671651118098,9.495297924074501,3.8062156466636736,9.699262268361776,2.96031645830265,9.531005449234614,24.90375284758457,9.49605396919604,27.46313820799466,9.887510545628057,26.45766805682581
9.574905493394848,34.93265481426358,9.539324073890462,29.485725738258104,9.741174892040014,21.982369436425003,9.540884018299852,4.851065127978508,9.570224689907764,4.992671651118098,9.537214250013964,3.8062156466636736,9.74117859430124,2.96031645830265,9.5729472252809,24.840771200330863,9.537995745242329,27.403312541422068,9.929452321674344,26.34734669935537
9.61682318573396,34.72440901924306,9.581244024077122,29.297002986520766,9.783096347458372,21.80666204687644,9.5827737475858,4.872980770474772,9.612132127737402,4.998164502990573,9.579130575953426,3.8062156466636736,9.783094920240703,2.96031645830265,9.614889001327189,24.784101514439385,9.579937521288615,27.33717491348723,9.971394097720632,26.24964926460939
9.658739372841374,34.50314786203376,9.623164726879633,29.114787915877805,9.82501930810843,21.643970019516658,9.62466347687175,4.89489641297104,9.654048453676864,4.998164502990573,9.621039495134701,3.810793023224072,9.825011246180166,2.96031645830265,9.656830777373477,24.727431828547893,9.621879297334903,27.271037285552396,10.013335873766918,26.139327907138963
9.700654054717088,34.26887134263567,9.665083924450443,28.91955748304607,9.866940763526788,21.468262629968095,9.666553206157698,4.916812055467307,9.695964779616327,4.998164502990573,9.662954339722527,3.8117084985361487,9.86692757211963,2.96031645830265,9.698772553419763,24.66760616197527,9.663821073381191,27.195431715574216,10.055277649813206,26.02585056898741
9.742568736592801,34.03459482323758,9.7070053798688,28.743850093497507,9.908864476792694,21.312078283702704,9.708445890627369,4.936292626575103,9.737881105555791,4.998164502990573,9.704866221607077,3.814454924472386,9.908843898059093,2.96031645830265,9.740714329466051,24.59515657267822,9.705762849427478,27.129294087639394,10.097219425859494,25.912373230835854
9.784483418468518,33.800318303839504,9.74892457743961,28.54861966066577,9.950785179595204,21.12986321305975,9.750332664729594,4.960643340459843,9.779788543385427,5.003657354863048,9.746778103491627,3.8172013504086237,9.950760223998556,2.96031645830265,9.782656105512338,24.532174925424513,9.747704625473766,27.05684449834233,10.13916120190578,25.7988958926843
9.826398100344232,33.56604178444142,9.79084452762627,28.359896908928427,9.992707387629409,20.960663504605577,9.792222394015543,4.98255898295611,9.82170486932489,5.003657354863048,9.78869442943109,3.8172013504086237,9.99267654993802,2.96031645830265,9.824597881558626,24.456569355446334,9.789646401520052,26.98123892836415,10.181102977952069,25.682262573851645
9.868312782219945,33.33176526504333,9.832762972581232,28.158158795002294,10.034629595663617,20.791463796151405,9.834112123301491,5.004474625452378,9.863621195264354,5.003657354863048,9.830610755370552,3.8172013504086237,10.034583987767657,2.965809310175125,9.866539657604912,24.393587708192598,9.83158817756634,26.902477377704855,10.223044753998355,25.559317293656747
9.910227464095662,33.097488745645244,9.874682922767889,27.96943604326495,10.076551051081974,20.61575640660284,9.87600185258744,5.026390267948646,9.905537521203817,5.003657354863048,9.872527081310016,3.8172013504086237,10.07650031370712,2.965809310175125,9.9084814336512,24.321138118895547,9.873529953612627,26.817403865683346,10.264986530044643,25.439527994142978
9.952142145971376,32.863212226247164,9.916602872954549,27.780713291527597,10.118472506500332,20.440049017054278,9.917891581873388,5.048305910444913,9.94745384714328,5.003657354863048,9.91443748184293,3.820863251656938,10.118416639646584,2.965809310175125,9.950423209697489,24.251844510279597,9.915471729658915,26.741798295705166,10.2929477140755,25.363876435375275
9.994056827847093,32.62893570684908,9.958521317909511,27.578975177601478,10.16039471453454,20.270849308600106,9.959781311159334,5.070221552941181,9.989370173082744,5.003657354863048,9.956350845079116,3.822694202281099,10.160332965586047,2.965809310175125,9.992364985743775,24.173082959620317,9.957413505705203,26.656724783683643,,
10.035971509722806,32.39465918745099,10.000441268096168,27.390252425864126,10.202315417337047,20.08863423795715,10.001669562853422,5.0933547311316865,10.031286499022206,5.003657354863048,9.99826717101858,3.822694202281099,10.20224929152551,2.965809310175125,10.034306761790063,24.091165428279893,9.99935528175149,26.568495290981033,,
10.07788619159852,32.16038266805291,10.042360465666981,27.195021993032384,10.244237625371255,19.91943452950298,10.043560769731233,5.114052837933716,10.073202824961669,5.003657354863048,10.040177571551492,3.826356103529413,10.244165617464974,2.965809310175125,10.07624853783635,24.015559858301728,10.041297057797777,26.48026579827838,,
10.119800873474237,31.926106148654824,10.08427966323779,26.99979156020065,10.282665287494286,19.755440965924322,10.08545049901718,5.135968480429984,10.115119150901133,5.003657354863048,10.08209093478768,3.8281870541535703,10.282588916242814,2.965809310175125,10.118190313882637,23.933642326961333,10.083238833844064,26.392036305575743,,
10.1617148027341,31.685321948162347,10.126198108192753,26.79805344627453,,,10.127337273119403,5.160319194314727,10.157035476840596,5.003657354863048,10.124007260727142,3.8281870541535703,,,10.160132089928924,23.854880776302025,10.125180609890352,26.30065083219199,,
10.203625721530571,31.418507023292307,10.168116553147712,26.596315332348397,,,10.169228479997216,5.181017301116757,10.198951802780059,5.003657354863048,10.165923586666606,3.8281870541535703,,,10.202073865975212,23.763495302918287,10.167122385936638,26.206109378127138,,
10.245540403406284,31.18423050389422,10.210034998102675,26.394577218422263,,,10.211113776507577,5.206585550695735,10.240868128719523,5.003657354863048,10.207839912606069,3.8281870541535703,,,10.2440156420215,23.681577771577892,10.209064161982926,26.105255962700056,,
10.2874535800503,30.93693862230736,10.251953443057634,26.192839104496144,,,10.253006460977248,5.22606612180353,10.282784454658985,5.003657354863048,10.249756238545531,3.8281870541535703,,,10.285957418067786,23.590192298194125,10.251005938029214,26.004402547272946,,
10.329365251462619,30.676631378531702,10.293872640628443,25.997608671664402,,,10.294893235079474,5.25041683568827,10.324700780598448,5.003657354863048,10.291669601781722,3.830018004777731,,,10.327899194114075,23.498806824810387,10.2929477140755,25.90986109320808,,
10.371279933338332,30.442354859133623,10.335790332967559,25.789362876643878,,,10.336782964365423,5.272332478184538,10.36661710653791,5.003657354863048,10.333580002314633,3.8336799060260454,,,10.36984097016036,23.407421351426635,10.334889490121789,25.799539735737653,,
10.413193862598199,30.20157065864114,10.377709530538365,25.594132443812143,,,10.378669738467647,5.296683192069281,10.408533432477375,5.003657354863048,10.375496328254096,3.8336799060260454,,,10.411782746206649,23.312879897361782,10.376831266168075,25.695530339629443,,
10.455104781394667,29.934755733771105,10.419627975493327,25.392394329886017,,,10.420559467753595,5.318598834565549,10.450449758416838,5.003657354863048,10.41741265419356,3.8336799060260454,,,10.453724522252935,23.205714520572457,10.418773042214363,25.591520943521232,,
10.497019463270384,29.70047921437302,10.461546420448286,25.19065621595989,,,10.462447719447681,5.341732012756051,10.4923660843563,5.003657354863048,10.459323054726472,3.8373418072743597,,,10.495666298299223,23.11117306650759,10.46071481826065,25.47804360536969,,
10.5389326399144,29.453187332786158,10.503464865403249,24.98891810203375,,,10.504333015958043,5.3673002623350285,10.534282410295765,5.003657354863048,10.501236417962659,3.8391727578985204,,,10.537608074345512,23.00716367039938,10.502656594306938,25.36456626721815,,
10.580844311326718,29.1928800890105,10.545381805126514,24.774164625918843,,,10.546225700427716,5.386780833442824,10.576198736235227,5.003657354863048,10.543152743902123,3.8391727578985204,,,10.579549850391798,22.903154274291182,10.544598370353226,25.251088929066597,,
10.622758993202432,28.958603569612414,10.587299497465622,24.565918830898326,,,10.58811247452994,5.411131547327564,10.61811506217469,5.003657354863048,10.585069069841586,3.8391727578985204,,,10.621491626438086,22.808612820226315,10.586540146399512,25.131299629552814,,
10.6646699119989,28.69178864474238,10.629217189804738,24.35767303587781,,,10.629999248632163,5.435482261212307,10.660031388114154,5.003657354863048,10.626985395781048,3.8391727578985204,,,10.663433402484372,22.69513548207476,10.6284819224458,25.011510330039016,,
10.706582336027068,28.437989082061122,10.671134882143846,24.149427240857293,,,10.671888977918114,5.457397903708575,10.701947714053617,5.003657354863048,10.668901721720513,3.8391727578985204,,,10.70537517853066,22.581658143923207,10.670423698492087,24.89172103052526,,
10.748494007439383,28.177681838285466,10.713052574482958,23.941181445836776,,,10.713775752020338,5.481748617593318,10.74386403999308,5.003657354863048,10.710818047659975,3.8391727578985204,,,10.747316954576947,22.468180805771667,10.712365474538375,24.765619769649234,,
10.790404926235855,27.910866913415433,10.75497026682207,23.73293565081626,,,10.755665481306284,5.503664260089586,10.785786291339095,4.99999545361473,10.752734373599438,3.8391727578985204,,,10.789258730623235,22.354703467620112,10.754307250584661,24.639518508773236,,
10.832317350264024,27.657067350734174,10.796887959161182,23.524689855795728,,,10.79755225540851,5.528014973974326,10.827705579981833,4.998164502990573,10.794643292780714,3.843750134458915,,,10.831200506669523,22.241226129468558,10.79624902663095,24.510261267216094,,
10.874229021676339,27.396760106958517,10.838806404116145,23.322951741869602,,,10.839441984694458,5.5499306164705935,10.869621905921296,4.998164502990573,10.83655813736854,3.8446656097709955,,,10.87314228271581,22.11828084927366,10.838190802677238,24.374692064296767,,
10.916140693088657,27.136452863182868,10.880723343839406,23.108198265754694,,,10.881328758796682,5.574281330355337,10.91153823186076,4.998164502990573,10.878474463308002,3.8446656097709955,,,10.915084058762098,21.995335569078776,10.880132578723524,24.248590803420754,,
10.958053117116823,26.88265330050161,,,,,10.923219965674491,5.594979437157367,10.95345603915186,4.997249027678492,,,,,10.957025834808384,21.86607832752165,,,,
10.999964035913294,26.61583837563157,,,,,10.965106739776717,5.6193301510421065,10.99537977184951,4.992671651118098,,,,,10.998967610854672,21.74944500868898,,,,
11.041875707325609,26.35553113185592,,,,,11.00699351387894,5.64368086492685,11.037296097788975,4.992671651118098,,,,,11.040909386900958,21.617031786450738,,,,
11.083788131353778,26.10173156917466,,,,,11.04888324316489,5.665596507423118,11.079212423728437,4.992671651118098,,,,,11.082851162947247,21.500398467618083,,,,
,,,,,,11.087279058734099,5.688242671335924,,,,,,,,,,,,
