097_1_headxflow,,095_1_headxflow,,086_1_headxflow,,all_1_npshxflow,,097_1_powerxflow,,095_1_powerxflow,,086_1_powerxflow,,097_1_effxflow,,095_1_effxflow,,086_1_effxflow,
X,Y,X,Y,X,Y,X,Y,X,Y,X,Y,X,Y,X,Y,X,Y,X,Y
1.836412782713615,16.9861743068397,1.8154462879903592,14.061212146875949,1.7874909616926855,11.58280909530361,1.842830590852496,2.017251893517706,1.8352809656869384,0.27728456385215994,1.8143428424044457,0.1977752206190555,1.7864253446944547,0.1327553289092891,1.843563325736378,41.809961148033835,1.8231812327723995,47.97355722877495,1.7961677107336147,57.99412754409025
1.8783457721601255,16.947100384855453,1.8573792774368698,14.024929219319148,1.829423951139196,11.535362190037024,1.8847351896494153,2.0248835189052556,1.877157212251925,0.2794762455951858,1.8562190889694312,0.19984514226524652,1.8283015912594411,0.13433821016814118,1.8854788014342656,42.24481608624558,1.8651001196992354,48.44622563987474,1.8380814808170287,58.41007574585814
1.9202787616066361,16.908026462871206,1.8993122668833804,13.9858552973349,1.8713569405857067,11.49349727362533,1.9266397884463347,2.0340414693703153,1.9190334588169113,0.2819114475318809,1.8980953355344177,0.20154978362093345,1.8701778378244267,0.13579933133015842,1.9273925715176787,42.66076428801341,1.907020712240545,48.937800787418496,1.8799952509004418,58.82602394762597
1.9622117510531467,16.86616154645951,1.9412452563298919,13.94678137535065,1.9132899300322173,11.448841362786187,1.968544387243254,2.035567794447825,1.960909705381897,0.2842248893717416,1.9399715820994041,0.20349794517028963,1.9120540843894132,0.13738221258901007,1.969309752830041,43.114525962669234,1.9489413047818553,49.42937593496225,1.9219056097549085,59.204158676505756
2.0041447404996573,16.821505635620365,1.9831782457764024,13.910498447793849,1.9552229194787287,11.4013944575196,2.0104489860401733,2.0447257449128813,2.0027859519468834,0.2865383312116019,1.9818478286643906,0.20520258652597656,1.9539303309543996,0.1388433337510273,2.0112269341424023,43.568287637325,1.9908584860942167,49.88313760961802,1.9638142629948998,59.56338666894163
2.046077729946168,16.779640719208672,2.025111235222913,13.874215520237044,1.9971559089252393,11.359529541107904,2.0523535848370926,2.053883695377941,2.04466219851187,0.28897353314829743,2.023724075229377,0.20702898797849834,1.995806577519386,0.14030445491304455,2.0531407042258163,43.98423583909272,2.0327790786355253,50.37471275716189,2.0057246218493656,59.94152139782142
2.0880107193926785,16.737775802796975,2.0670442246694236,13.83235060382535,2.03908889837175,11.309291641413871,2.094258183634012,2.0554100204554473,2.0865384450768563,0.291408735084993,2.0656003217943635,0.20873362933418482,2.0376828240843725,0.14188733617189664,2.0950578855381785,44.43799751374854,2.074694554333414,50.80956769537363,2.0476315694748832,60.28184265381327
2.12994370883919,16.693119891957835,2.108977214115934,13.793276681841103,2.0810218878182605,11.267426725002174,2.1361627824309313,2.0660942959980204,2.1284146916418427,0.2937221769248537,2.107476568359349,0.21056003078670615,2.079559070649358,0.14334845733391388,2.1369682443926443,44.81613224262844,2.1166100300313015,51.24442263358537,2.0895402227148754,60.64107064624909
2.1718766982857005,16.648463981118695,2.150910203562445,13.759784748711745,2.122954877264771,11.219979819735588,2.1780673812278506,2.0721995963080566,2.170290938206829,0.29603561876471396,2.1493528149243355,0.21226467214239308,2.1214353172143445,0.14480957849593112,2.1788786032471092,45.19426697150823,2.1585238001147156,51.660370835353206,2.1314454647259193,60.96248516579692
2.213809687732211,16.603808070279552,2.1928431930089554,13.717919832300051,2.1648878667112816,11.175323908896448,2.21997198002477,2.0813575467731162,2.2121671847718147,0.2984708207014095,2.191229061489322,0.21409107359491486,2.163311563779331,0.1463924597547832,2.220788962101575,45.57240170038801,2.2004375701981287,52.076319037121095,2.1733490011224887,61.26499294890084
2.2557426771787217,16.559152159440412,2.234776182455466,13.678845910315804,2.206820856157792,11.127877003629862,2.2618765788216892,2.0905154972381723,2.254043431336801,0.3007842625412702,2.2331053080543084,0.2159174750474362,2.2051878103443174,0.14785358091680045,2.262702732184989,45.988349902155846,2.2423530458960172,52.51117397533284,2.215252537519059,61.567500732004646
2.2976756666252323,16.511705254173826,2.2767091719019765,13.642562982759,2.248753845604303,11.083221092790719,2.3037811776186086,2.096620797548212,2.2959196779017876,0.30321946447796533,2.274981554619295,0.21750035630628828,2.247064056909304,0.14919294198198285,2.3046147966539285,46.385391367479656,2.284263404750482,52.889308704212624,2.2571560739156293,61.87000851510851
2.339608656071743,16.467049343334683,2.318642161348488,13.59790707191986,2.2906868350508134,11.038565181951576,2.345685776415527,2.1088313981682916,2.337795924466774,0.3054111462209912,2.3168578011842813,0.2193267577588096,2.2889403034742903,0.1506540631440001,2.346521744279447,46.72571262347151,2.326173763604948,53.267443433092524,2.299059610312198,62.17251629821243
2.3815416455182534,16.419602438068097,2.3605751507949986,13.553251161080716,2.332619824497325,10.99111827668499,2.3875903752124463,2.113410373400818,2.3796721710317605,0.30760282796401706,2.358734047749267,0.2209096390176617,2.330816550039276,0.15211518430601734,2.3884286919049638,47.06603387946336,2.368084122459414,53.64557816197231,2.3409580298653463,62.41830387198422
2.423474634964764,16.36936453837406,2.402508140241509,13.511386244669023,2.3745528139438354,10.940880376990954,2.4294949740093656,2.1256209740208973,2.421548417596747,0.3097945097070429,2.4006102943142533,0.22261428037334818,2.3726927966042624,0.15345454537119974,2.4303356395304823,47.406355135455215,2.4099893644704578,53.96699268152014,2.3828564494184947,62.66409144575613
2.4654076244112746,16.32470862753492,2.4444411296880197,13.463939339402433,2.416485803390346,10.890642477296922,2.471399572806285,2.134778924485957,2.4634246641617326,0.3119861914500688,2.4424865408792398,0.22419716163220071,2.414569043169249,0.15479390643638213,2.472242587156,47.74667639144707,2.451901428939397,54.36403414684395,2.424756574586117,62.928785755972
2.507340613857785,16.274470727840885,2.4863741191345303,13.419283428563293,2.4584187928368566,10.84040457760289,2.5133041716032043,2.145463200028523,2.505300910726719,0.31417787319309465,2.4843627874442262,0.22602356308472205,2.4564452897342353,0.15625502759839938,2.5141495347815175,48.086997647438864,2.4938083765649157,54.7043554028358,2.466656699753739,63.19348006618793
2.5492736033042966,16.224232828146853,2.528307108581041,13.3774185121516,2.500351782283367,10.790166677908854,2.5552087704001236,2.156147475571089,2.5471771572917055,0.3163695549361205,2.5262390340092127,0.22760644434357413,2.4983215362992217,0.15771614876041662,2.5560530711780878,48.38950543054278,2.5357153241904324,55.044676658827655,2.508551708077939,63.40145416707179
2.5912065927508072,16.17399492845282,2.5702400980275515,13.32997160688501,2.5422847717298778,10.739928778214821,2.597113369197043,2.1653054260361486,2.589053403856692,0.3185612366791464,2.5681152805741982,0.22918932560242578,2.540197782864208,0.15905550982559902,2.597956607574658,48.69201321364659,2.5776154493580545,55.309370969043584,2.5504467164021376,63.60942826795565
2.633139582197318,16.123757028758785,2.612173087474062,13.28531569604587,2.5842177611763884,10.689690878520786,2.6390179679939623,2.177516026656228,2.6309296504216784,0.32075291842217224,2.6099915271391847,0.23101572705494755,2.5820740294291937,0.16039487089078142,2.639858438356753,48.97561426030643,2.6195241025980467,55.66859896147935,2.592340019111864,63.7984956323956
2.6750725716438284,16.07351912906475,2.6541060769205727,13.243450779634177,2.626150750622899,10.639452978826753,2.6809225667908816,2.185147652043778,2.672805896986665,0.3229446001651981,2.651867773704171,0.23259860831379964,2.62395027599418,0.16185599205279866,2.6817619747533232,49.27812204341035,2.6614259333801424,55.95220000813924,2.634236733050538,64.02537646972354
2.717005561090339,16.023281229370717,2.6960390663670832,13.198794868795034,2.6680837400694095,10.589215079132718,2.722827165587801,2.1988845777413637,2.7146821435516504,0.32513628190822397,2.6937440202691576,0.23430324966948612,2.6658265225591666,0.1631953531179815,2.723663805535419,49.56172309007019,2.7033294697767127,56.254707791243106,2.6761300357602646,64.21444383416349
2.7589385505368496,15.973043329676683,2.7379720558135947,13.151347963528448,2.71001672951592,10.538977179438685,2.7647317643847202,2.2095688532839297,2.756558390116637,0.32732796365124983,2.735620266834144,0.2358861309283382,2.707702769124153,0.16453471418316346,2.7655673419319893,49.86423087317411,2.7452313005588085,56.538308837903,2.7180233384699903,64.40351119860333
2.80087153998336,15.917223441127756,2.7799050452601053,13.101110063834412,2.7519497189624316,10.48873927974465,2.8066363631816396,2.2202531288264957,2.7984346366816233,0.3295196453942757,2.7774965133991305,0.2374690121871903,2.7495790156891395,0.16575231515151145,2.807465761485137,50.1100184469459,2.7871331313409042,56.82190988456284,2.759911524336294,64.53585835371126
2.8428045294298707,15.864194547006276,2.821838034706616,13.05087216414038,2.793882708408942,10.438501380050617,2.848540961978559,2.233990054524085,2.8403108832466097,0.33171132713730156,2.819372759964116,0.23893013334920754,2.791455262254126,0.166969916119859,2.8493641810382853,50.355806020717864,2.829031550894052,57.06769745833475,2.801803121431546,64.70601898170719
2.8847375188763813,15.811165652884796,2.8637710241531265,13.000634264446344,2.8358156978554527,10.379890497074243,2.890445560775478,2.2446743300666547,2.882187129811596,0.3335377285898229,2.8612490065291025,0.24063477470489447,2.8333315088191116,0.16818751708820656,2.8912643062059065,50.62050033093368,2.8709299704472,57.3134850321066,2.8436964241412728,64.89508634614714
2.9266705083228928,15.75534576433587,2.905704013599637,12.950396364752311,2.8777486873019633,10.32686160295276,2.9323501595723975,2.2568849306867307,2.9240633763765818,0.33572941033284875,2.903125253094089,0.24209589586691171,2.875207755384098,0.16940511805655456,2.933162725759055,50.86628790470559,2.9128300956148223,57.57817934232253,2.885582904393103,65.00852676481111
2.9686034977694034,15.70231687021439,2.9476370030461476,12.900158465058276,2.919681676748474,10.271041714403836,2.974254758369317,2.2706218563843166,2.965939622941568,0.33767757188220493,2.9450014996590754,0.24367877712576336,2.9170840019490845,0.1708662392185718,2.9750611453122024,51.11207547847749,2.9547302207824444,57.8428736525384,2.9274676790304595,65.103060447031
3.010536487215914,15.649287976092909,2.989569992492658,12.849920565364243,2.9616146661949845,10.220803814709804,3.016159357166236,2.282832457004396,3.0078158695065547,0.3397474935283964,2.986877746224062,0.24526165838461544,2.958960248514071,0.1722056002837542,3.016959564865351,51.35786305224934,2.996623523492171,58.03194101697835,2.9693558648967633,65.23540760213899
3.0524694766624245,15.593468087543982,3.031502981939169,12.799682665670208,3.003547655641495,10.16219293173343,3.0580639559631546,2.2950430576244756,3.049692116071541,0.3418174151745874,3.0287539927890483,0.24684453964346753,3.0008364950790574,0.17342320125210176,3.058854573189551,51.565837153133316,3.038520237430844,58.258821854306234,3.011240639534119,65.32994128435894
3.094402466108935,15.53485720456761,3.0734359713856794,12.749444765976175,3.0454806450880056,10.109164037611947,3.099968554760074,2.3103063083995714,3.0915683626365276,0.3437655767239436,3.070630239354034,0.24842742090231962,3.042712741644043,0.17476256231728415,3.1007495815137514,51.773811254017176,3.080415245755044,58.46679595519009,3.0531288254004227,65.46228843946687
3.1363354555554457,15.479037316018683,3.115368960832191,12.699206866282143,3.0874136345345162,10.053344149063022,3.1418731535569933,2.3255695591746672,3.133444609201514,0.34595725846696945,3.1125064859190203,0.24988854206433686,3.0845889882090294,0.1758584031887973,3.1426462954524244,52.00069209134506,3.12230854846477,58.65586331963004,3.0950084831943574,65.50010191235486
3.1782684450019563,15.42042643304231,3.1573019502787014,12.646177972160661,3.1293466239810277,10.00031525494154,3.1837777523539126,2.339306484872253,3.1753208557664996,0.3477836599194908,3.154382732484007,0.2513496632263541,3.126465234774016,0.17695424406031002,3.184539598162151,52.18975945578501,3.1642052624034447,58.882744156957926,3.136893257831714,65.59463559457475
3.220201434448467,15.361815550065938,3.199234939725212,12.593149078039183,3.1712796134275383,9.944495366392616,3.225682351150832,2.354569735647356,3.217197102331486,0.34997534166251665,3.1962589790489933,0.25281078438837135,3.1683414813390023,0.17817184502865802,3.226436312100825,52.41664029311289,3.206095153884222,59.03399804850983,3.1787746212401222,65.65135580390671
3.2621344238949774,15.303204667089565,3.2411679291717226,12.534538195062808,3.213212602874049,9.888675477843691,3.2675869499477512,2.369832986422452,3.2590733488964725,0.3518017431150384,3.2381352256139797,0.2542719055503886,3.2102177279039887,0.17938944599700557,3.268327909196077,52.58680092110882,3.2479884565939487,59.22306541294978,3.220657690263004,65.72698274968275
3.304067413341488,15.244593784113192,3.283100918618233,12.47871830651388,3.2551455923205594,9.835646583722209,3.3094915487446706,2.3835699121200378,3.300949595461459,0.3537499046643946,3.2800114721789653,0.25573302671240583,3.252093974468975,0.18060704696535312,3.3102178006768552,52.73805481266072,3.2898783480747262,59.37431930450168,3.262540759285886,65.80260969545873
3.3460004027879995,15.180400912281925,3.3250339080647437,12.422898417964955,3.29707858176707,9.774244706318388,3.35139614754159,2.3988331628951336,3.3428258420264454,0.35557630611691593,3.3218877187439517,0.2571941478744231,3.2939702210339608,0.18182464793370112,3.3521093977721073,52.90821544065665,3.33176653394103,59.50666645960962,3.30442041707982,65.84042316834666
3.38793339223451,15.124581023733,3.3669668975112543,12.36707852941603,3.3390115712135806,9.715633823342017,3.393300746338509,2.415622738747743,3.384702088591432,0.35752446766627255,3.363763965308938,0.2586552690364403,3.335846467598947,0.182798728708379,3.3940009948673584,53.078376068652574,3.3736598366507566,59.69573382404951,3.3462966636448064,65.84042316834666
3.4298663816810206,15.060388151901734,3.408899886957765,12.311258640867102,3.380944560660091,9.657022940365643,3.4352053451354285,2.429359664445329,3.4265783351564174,0.3593508691187943,3.4056402118739246,0.26011639019845756,3.3777227141639337,0.184016329676727,3.4358908863481368,53.22962996020448,3.415549728131535,59.84698771560147,3.388172910209793,65.84042316834666
3.4717993711275312,15.00177726892536,3.4508328764042755,12.252647757890728,3.4228775501066018,9.598412057389272,3.477109943932348,2.4476755653754445,3.468454581721404,0.3612990306681505,3.447516458438911,0.26157751136047436,3.41959896072892,0.18523393064507454,3.4777841890578634,53.41869732464443,3.4574345027688906,59.94152139782142,3.4300491567747793,65.84042316834666
3.513732360574042,14.937584397094096,3.492765865850786,12.199618863769249,3.4648105395531124,9.539801174412897,3.519014542729267,2.464465141228054,3.5103308282863903,0.36312543212067183,3.4893927050038975,0.2629168724256572,3.4614752072939066,0.1864515316134221,3.519672374924167,53.55104447975242,3.499320983020721,60.05496181648533,3.4719254033397657,65.84042316834666
3.5556653500205524,14.876182519690277,3.5346988552972975,12.14379897522032,3.506743528999623,9.481190291436526,3.5609191415261865,2.481254717080656,3.5522070748513768,0.3649518335731936,3.531268951568883,0.26437799358767444,3.503351453858893,0.1874256123881004,3.5615588551759974,53.66448489841633,3.541207463272551,60.1684022351493,3.5138016499047513,65.84042316834666
3.597598339467063,14.81198964785901,3.576631844743808,12.08518809224395,3.5486765184461344,9.419788414032709,3.602823740323106,2.4980442929332654,3.594083321416363,0.3668999951225498,3.5731451981338695,0.2658391147496917,3.5452277004238786,0.18839969316277871,3.6034487466567757,53.815738789968236,3.5830922379099066,60.26293591736925,3.5556778964697378,65.84042316834666
3.6395313289135736,14.745005781600298,3.6185648341903187,12.029368203695022,3.590609507892645,9.36396852548378,3.644728339120025,2.5148338687858747,3.635959567981349,0.3687263965750711,3.615021444698856,0.26705671571803924,3.587103946988865,0.18961729413112627,3.6453369325230796,53.94808594507623,3.6249804237762113,60.395283072477184,3.597554143034724,65.84042316834666
3.681464318360084,14.689185893051373,3.6604978236368293,11.965175331863758,3.6325424973391556,9.302566648079964,3.6866329379169445,2.5331497697159904,3.6778358145463352,0.37067455812442773,3.6568976912638425,0.26839607678322164,3.6289801935538515,0.19071313500263898,3.6872234127749097,54.06152636374014,3.6668617871846196,60.4520032818092,3.6394303895997107,65.84042316834666
3.7233973078065956,14.622202026792662,3.70243081308334,11.903773454459937,3.674475486785666,9.243955765103589,3.728537536713864,2.549939345568596,3.7197120611113217,0.3723791994801142,3.698773937828829,0.26973543784840404,3.670856440118838,0.1916872157773173,3.7291115986412136,54.19387351884802,3.708751678665398,60.603257173361044,3.681298108092328,65.74588948612677
3.765330297253106,14.555218160533949,3.7443638025298505,11.842371577056117,3.7164084762321767,9.185344882127218,3.7704421355107822,2.566728921421202,3.761588307676308,0.37420560093263555,3.7406501843938154,0.27107479891358643,3.7127326866838244,0.19266129655199515,3.7709946676640964,54.269500464624,3.7506296308448572,60.62216390980507,3.72317264904284,65.72698274968275
3.8072632866996168,14.488234294275237,3.786296791976361,11.775387710797407,3.7583414656786873,9.118361015868505,3.8123467343077015,2.585044822351321,3.8034645542412946,0.3757884821914881,3.782526430958801,0.2725359200756037,3.75460893324881,0.19387889752034315,3.8128811479159266,54.38294088328797,3.7925109942532655,60.67888411913708,3.7650403675354562,65.6324490674628
3.8491962761461274,14.421250428016528,3.8282297814228716,11.716776827821032,3.800274455125198,9.054168144037238,3.854251333104621,2.6048870483589432,3.845340800806281,0.37749312354717457,3.8244026775237874,0.27375352104395123,3.7964851798137964,0.19497473839185586,3.8547676281677568,54.49638130195194,3.834395768890622,60.77341780135697,3.806914908485968,65.61354233101878
3.891129265592638,14.354266561757814,3.870162770869382,11.652583955989769,3.8422074445717085,8.995557261060863,3.89615593190154,2.6247292743665724,3.8872170473712666,0.3793195249996959,3.866278924088774,0.2750928821091341,3.838361426378783,0.19582705906969933,3.896648991576164,54.5531015112839,3.876278837913505,60.84904474713301,3.848780921364111,65.50010191235486
3.9330622550391485,14.287282695499101,3.9120957603158937,11.593973073013395,3.884140434018219,8.928573394802154,3.9380605306984595,2.644571500374198,3.929093293936253,0.38102416635538283,3.9081551706537603,0.27643224317431647,3.8802376729437693,0.19692289994121248,3.9385337662135207,54.647635193503845,3.9181550844784914,60.84904474713301,3.890650345471202,65.42447496657883
3.974995244485659,14.220298829240392,3.9540287497624043,11.529780201182131,3.9260734234647305,8.864380522970887,3.979965129495379,2.6644137263818237,3.9709695405012395,0.3826070476142349,3.9500314172187467,0.277649844142664,3.9221139195087558,0.1980187408127252,3.9804168352364027,54.723262139279825,3.960031331043478,60.84904474713301,3.93252318080724,65.3866614936909
4.01692823393217,14.150523968554232,3.995961739208915,11.462796334923421,3.968006412911241,8.80297864556707,4.021869728292298,2.6827296273119394,4.012845787066226,0.38443344906675625,3.9919076637837323,0.2789892052078464,3.963990166073742,0.1987493013937338,4.022296493030337,54.76107561216776,4.001909283222937,60.86795148357703,3.9743857824564346,65.23540760213899
4.05886122337868,14.077958113440626,4.037894728655425,11.40697644637449,4.009939402357752,8.738785773735803,4.0637743270892175,2.7025718533195686,4.054722033631212,0.38601633032560834,4.033783910348719,0.2802068061761944,4.005866412638728,0.19984514226524652,4.064179562053219,54.83670255794374,4.043794057860294,60.96248516579692,4.01625350094905,65.14087391991899
4.100794212825191,14.008183252754467,4.079827718101936,11.33999258011578,4.051872391804262,8.67459290190454,4.105678925886137,2.7208877542496843,4.096598280196199,0.38772097168129527,4.075660156913705,0.281424407144542,4.047742659203714,0.20081922303992483,4.106064336690576,54.931236240163685,4.08567030442528,60.96248516579692,4.058117808212719,65.00852676481111
4.142727202271702,13.941199386495757,4.121760707548447,11.270217719429624,4.093805381250773,8.610400030073272,4.147583524683056,2.74072998025731,4.138474526761184,0.3895473731338166,4.117536403478692,0.2827637682097244,4.089618905768701,0.20154978362093345,4.147942288870036,54.95014297660771,4.1275465509902665,60.96248516579692,4.099982115476387,64.87617960970312
4.184660191718213,13.868633531382152,4.163693696994957,11.200442858743465,4.1357383706972835,8.548998152669455,4.1894881234799755,2.7620985313424455,4.180350773326171,0.3911302543926687,4.159412650043678,0.28398136917807193,4.131495152333687,0.2026456244924466,4.189818535435022,54.95014297660771,4.169422797555253,60.96248516579692,4.141846422740056,64.74383245459518
4.2265931811647235,13.79606767626855,4.205626686441468,11.133458992484751,4.177671360143794,8.482014286410742,4.231392722276895,2.784993407505091,4.222227019891157,0.39259137555468593,4.201288896608665,0.28495544995275024,4.173371398898674,0.20361970526712447,4.231701604457904,55.02576992238369,4.211299044120239,60.96248516579692,4.183712435618199,64.63039203593121
4.268526170611234,13.72629281558239,4.247559675887978,11.066475126226042,4.219604349590305,8.415030420152032,4.273297321073814,2.8063619585902266,4.264103266456144,0.3942960169103724,4.24316514317365,0.28629481101793264,4.21524764546366,0.20447202594496794,4.273581262251839,55.06358339527168,4.253171879456277,60.92467169290899,4.225573331652919,64.46023140793528
4.310459160057745,13.650935966041338,4.289492665334489,10.993909271112436,4.261537339036815,8.348046553893319,4.315201919870733,2.829256834752872,4.30597951302113,0.39575713807238966,4.285041389738637,0.2875124119862802,4.257123892028646,0.2055678668164811,4.315457508816825,55.06358339527168,4.295041303563368,60.84904474713301,4.267435933302114,64.30897751638338
4.352392149504255,13.581161105355179,4.331425654781,10.926925404853726,4.303470328483326,8.281062687634606,4.357106518667653,2.8506253858380077,4.347855759586116,0.3973400193312422,4.326917636303623,0.28873001295462775,4.299000138593632,0.20629842739748971,4.357333755381812,55.06358339527168,4.336917550128354,60.84904474713301,4.309293418107886,64.10100341549952
4.394325138950766,13.50580425581413,4.373358644227511,10.859941538595013,4.345403317929837,8.214078821375896,4.399011117464572,2.871993936923147,4.389732006151102,0.39892290059009383,4.3687938828686095,0.2900693740198106,4.3408763851586185,0.20715074807533274,4.3992100019467975,55.06358339527168,4.378790385464392,60.81123127424502,4.351156019757081,63.9497495239475
4.436258128397276,13.427656411845632,4.4152916336740216,10.7929576723363,4.387336307376348,8.141512966262287,4.440915716261491,2.893362488008279,4.431608252716089,0.4005057818489459,4.410670129433596,0.2910434547944889,4.382752631723605,0.20812482885001105,4.441094776584153,55.15811707749157,4.420659809571482,60.73560432846904,4.393015210177327,63.76068215950767
4.478191117843787,13.355090556732026,4.457224623120532,10.72597380607759,4.429269296822858,8.074529100003577,4.48282031505841,2.9162573641709244,4.473484499281075,0.40196690301096316,4.452546375998582,0.29226105576283645,4.424628878288591,0.20873362933418482,4.482964200691244,55.0824901317157,4.462530939293047,60.67888411913708,4.434874400597574,63.57161479506772
4.5201241072902985,13.279733707190978,4.499157612567043,10.653407950963981,4.471202286269369,8.007545233744864,4.524724913855329,2.93915224033357,4.515360745846062,0.40354978426981525,4.494422622563568,0.29335689663434916,4.466505124853577,0.20982947020569753,4.524838741641757,55.06358339527168,4.504402069014611,60.62216390980507,4.476731885403347,63.36364069418386
4.562057096736809,13.20437685764993,4.541090602013553,10.580842095850379,4.51313527571588,7.940561367486154,4.5666295126522485,2.9620471164962154,4.557236992411048,0.40513266552866734,4.536298869128554,0.2944527375058623,4.508381371418563,0.21043827068987175,4.566714988206743,55.06358339527168,4.546269787507227,60.52763022758518,4.518587664594645,63.136759856855974
4.60399008618332,13.126229013681428,4.583023591460064,10.50269425188188,4.55506826516239,7.8679955123725485,4.608534111449168,2.9864683177363744,4.599113238976034,0.4065937866906846,4.578175115693541,0.295548578377375,4.55025761798355,0.21141235146455006,4.608591234771729,55.06358339527168,4.588137505999844,60.43309654536512,4.560443443785943,62.90987901952809
4.64592307562983,13.053663158567826,4.6249565809065745,10.432919391195725,4.597001254608901,7.801011646113839,4.650438710246087,3.0124158440540363,4.64098948554102,0.4081766679495362,4.620051362258527,0.2966444192488882,4.592133864548536,0.21214291204555868,4.650458953264345,54.96904971305173,4.630008635721409,60.37637633603316,4.602300928591716,62.70190491864412
4.687856065076341,12.972724320171881,4.666889570353085,10.357562541654673,4.638934244055411,7.734027779855126,4.6923433090430064,3.035310720216682,4.6828657321060065,0.4093942689178842,4.661927608823514,0.2977402601204009,4.634010111113523,0.2129952327234017,4.692333494214858,54.95014297660771,4.671872942985077,60.24402918092528,4.644156707783015,62.47502408131618
4.729789054522851,12.891785481775937,4.7088225597995965,10.279414697686175,4.680867233501922,7.661461924741523,4.734247907839926,3.061258246534347,4.724741978670993,0.41085539007990146,4.703803855388499,0.29883610099191404,4.675886357678509,0.21396931349808002,4.7342097407798445,54.95014297660771,4.71373895586322,60.13058876226137,4.686009075745366,62.21032977110036
4.771722043969362,12.813637637807439,4.750755549246107,10.212430831427465,4.722800222948433,7.588896069627914,4.776152506636845,3.0856794477745026,4.7666182252359794,0.4123165112419187,4.745680101953486,0.29993194186342675,4.717762604243495,0.21445635388541895,4.776084281730356,54.931236240163685,4.755603263126888,59.998241607153375,4.727861443707717,61.94563546088449
4.8136550334158725,12.73828078826639,4.792688538692618,10.134282987458967,4.764733212394944,7.516330214514312,4.818057105433764,3.1101006490146617,4.808494471800966,0.41353411221026626,4.787556348518472,0.3010277827349399,4.759638850808481,0.21543043466009726,4.817952000222973,54.83670255794374,4.79746927600503,59.884801188489405,4.769712106055593,61.66203441422465
4.855588022862383,12.657341949870446,4.834621528139128,10.058926137917915,4.8066662018414545,7.44376435940071,4.859961704230684,3.1345218502548136,4.8503707183659515,0.4149952333722835,4.829432595083459,0.3020018635096178,4.801515097373468,0.2159174750474362,4.8598231299445365,54.77998234861178,4.839333583268699,59.75245403338147,4.811566179632417,61.41624684045274
4.897521012308894,12.576403111474505,4.876554517585639,9.989151277231759,4.848599191287965,7.371198504287101,4.901866303027603,3.158943051494969,4.892246964930938,0.41645635453430074,4.871308841648445,0.30309770438113093,4.843391343938454,0.2168915558221145,4.901694259666101,54.723262139279825,4.88119447930342,59.58229340538554,4.853418547594768,61.15155253023687
4.939454001755405,12.492673278651115,4.918487507032149,9.91100343326326,4.890532180734476,7.2986326491734985,4.943770901824522,3.183364252735128,4.934123211495924,0.417917475696318,4.913185088213432,0.30395002505897395,4.885267590503441,0.21737859620945343,4.943565389387666,54.66654192994787,4.923057080952614,59.43103951383364,4.895267504328172,60.84904474713301
4.981386991201915,12.408943445827724,4.960420496478661,9.838437578149659,4.932465170180986,7.228857788487339,4.985675500621442,3.20778545397528,4.975999458060911,0.41913507666466554,4.955061334778417,0.30492410583365226,4.927143837068427,0.21835267698413174,4.985434813494756,54.59091498417183,4.964921388216283,59.298692358725646,4.937116461061574,60.54653696402909
5.023319980648426,12.32800460743178,5.002353485925171,9.75749873975371,4.974398159627497,7.153500938946287,5.02758009941836,3.2352593053704553,5.017875704625896,0.4205961978266828,4.996937581343404,0.3060199467051654,4.969020083633413,0.21883971737147068,5.027302531987373,54.49638130195194,5.0067822842510035,59.128531730729776,4.978963712180503,60.22512244448126
5.065252970094936,12.249856763463285,5.044286475371682,9.67655990135777,5.016331149074008,7.080935083832685,5.06948469821528,3.2627331567656306,5.059751951190884,0.4220573189887,5.038813827908391,0.30687226738300843,5.0108963301984,0.219813798146149,5.069177072937884,54.47747456550792,5.0486431802857235,58.95837110273385,5.020814374528379,59.94152139782142
5.1071859595414475,12.160544941784998,5.086219464818192,9.595621062961825,5.058264138520518,7.008369228719083,5.111389297012199,3.290207008160806,5.101628197755869,0.42315315986021274,5.0806900744733765,0.30784634815768674,5.0527725767633855,0.22030083853348792,5.111036263358133,54.288407201068026,5.090500665091498,58.75039700184993,5.062659920032835,59.601200141829565
5.149118948987959,12.079606103389057,5.128152454264703,9.514682224565881,5.1001971279670295,6.933012379178031,5.153293895809119,3.3176808595559812,5.143504444320857,0.4244925209253956,5.122566321038362,0.3090639491260343,5.094648823328371,0.22115315921133138,5.1529090986941695,54.25059372817998,5.132361561126216,58.58023637385406,5.104510582380711,59.31759909516967
5.191051938434469,11.99308527613822,5.170085443711213,9.436534380597386,5.142130117413539,6.860446524064425,5.195198494606037,3.345154710951153,5.185380690885842,0.42571012189374313,5.164442567603349,0.3097945097070429,5.136525069893358,0.22176195969550516,5.194769994728891,54.08043310018411,5.174220751546463,58.391169009414114,5.146357833499638,58.996184575621896
5.23298492788098,11.906564448887387,5.212018433157724,9.352804547773996,5.184063106860051,6.779507685668481,5.237103093402958,3.3726285623463284,5.227256937450828,0.4269277228620907,5.206318814168335,0.3108903505785561,5.178401316458344,0.22249252027651378,5.23663941883598,54.004806154408186,5.2160765307377615,58.164288172086174,5.383455301526632,56.765189675230886
5.27491791732749,11.82562561049144,5.253951422604234,9.271865709378051,5.22599609630656,6.7041508361274325,5.279007692199876,3.4001024137415037,5.269133184015815,0.4281453238304387,5.248195060733322,0.3118644313532344,5.220277563023331,0.2232230808575224,5.2785037260996495,53.87245899930019,5.25793230992906,57.93740733475829,5.425304258260035,56.462681892126966
5.316850906774001,11.73631378881316,5.295884412050746,9.190926870982107,5.267929085753072,6.626002992158934,5.320912290996796,3.427576265136679,5.311009430580801,0.4294846848956211,5.290071307298308,0.3127167520310774,5.262153809588317,0.2235883611480265,5.320371444592266,53.7779253170803,5.299789794734834,57.72943323387443,5.467144686921068,56.06564042680316
5.358783896220511,11.647001967134877,5.337817401497257,9.109988032586166,5.309862075199583,6.54785514819044,5.362816889793715,3.4550501165318543,5.352885677145788,0.43045876567029895,5.331947553863293,0.3136908328057557,5.3040300561533025,0.22444068182586996,5.362237457470408,53.66448489841633,5.341645573926132,57.50255239654655,5.508986821196577,55.68750569792337
5.4007168856670225,11.56048113988404,5.379750390943767,9.029049194190222,5.351795064646093,6.47528929307683,5.404721488590635,3.484050293004536,5.394761923710774,0.43179812673548135,5.373823800428281,0.31442139338676434,5.34590630271829,0.22468420201953965,5.404100059119604,53.513231006864316,5.383499647502956,57.256764822774585,5.5508272498576074,55.29046423259956
5.442649875113532,11.473960312633203,5.421683380390278,8.948110355794277,5.3937280540926045,6.397141449108336,5.446626087387553,3.5145767945547313,5.436638170275759,0.4330157277038289,5.415700046993266,0.3152737140646078,5.387782549283275,0.22553652269738267,5.445962660768797,53.36197711531247,5.425353721079781,57.01097724900279,5.592662561675218,54.83670255794374
5.484582864560044,11.384648490954923,5.463616369836788,8.86996251182578,5.435661043539114,6.318993605139838,5.488530686184474,3.5451032961049265,5.4785144168407465,0.4342333286721769,5.457576293558254,0.3163695549361205,5.429658795848263,0.2261453231815569,5.487825262417991,53.21072322376057,5.467206089042132,56.74628293878686,5.634497873492831,54.38294088328797
5.526515854006555,11.298127663704083,5.505549359283299,8.77785969572005,5.477594032985626,6.243636755598786,5.530435284981392,3.575629797655118,5.520390663405732,0.43545092964052445,5.499452540123239,0.31710011551712913,5.471535042413248,0.22651060347206098,5.529687864067186,53.05946933220855,5.509060162618957,56.50049536501501,5.676333185310441,53.929179208632206
5.568448843453065,11.21160683645325,5.547482348729809,8.694129862896663,5.519527022432135,6.162697917202845,5.5723398837783105,3.6061562992053133,5.562266909970719,0.436668530608872,5.541328786688225,0.31807419629180744,5.513411288978236,0.2272411640530696,5.571552171330855,52.92712217710067,5.5509108249668335,56.21689431835517,5.718168497128052,53.47541753397638
5.610381832899576,11.116713025920074,5.5894153381763205,8.607609035645826,5.561460011878647,6.090132062089239,5.614244482575231,3.636682800755512,5.604143156535705,0.4376426113835503,5.583205033253212,0.31880475687281606,5.555287535543221,0.22760644434357413,5.613413067365577,52.756961549104744,5.59276148731471,55.93329327169528,5.760003808945663,53.02165585932062
5.652314822346086,11.027401204241794,5.63134832762283,8.521088208394989,5.6033930013251565,6.009193223693295,5.656149081372149,3.6672093023057037,5.646019403100692,0.4384949320613938,5.625081279818198,0.31965707755065953,5.597163782108207,0.22809348473091307,5.655277374629244,52.62461439399681,5.634610444048113,55.630785488591414,5.801835709534326,52.53008071177686
5.694247811792597,10.935298388136065,5.673281317069342,8.434567381144152,5.645325990771668,5.925463390869908,5.698053680169069,3.697735803855899,5.687895649665678,0.4397125330297418,5.666957526383185,0.32050939822850255,5.639040028673194,0.22894580540875653,5.697136565049491,52.43554702955686,5.676459400781515,55.328277705487494,5.836705291840231,52.227572928673
5.736180801239107,10.845986566457778,5.715214306515853,8.348046553893319,5.687258980218178,5.841733558046517,5.739958278965988,3.7267359803285807,5.729771896230663,0.44068661380441965,5.708833772948171,0.3212399588095112,5.68091627523818,0.22906756550559138,5.738997461084211,52.26538640156093,5.7183083575149185,55.02576992238369,5.95521138549188,50.639407067377704
5.778113790685619,10.751092755924606,5.757147295962363,8.264316721069928,5.729191969664689,5.760794719650573,5.781862877762908,3.757262481878776,5.771648142795651,0.44190421477276765,5.750710019513158,0.32209227948735464,5.722792521803167,0.22967636598976515,5.780853240275509,52.03850556423305,5.76015731424832,54.723262139279825,5.997043286080541,50.14783191983395
5.820046780132128,10.658989939818877,5.799080285408874,8.172213904964199,5.771124959111201,5.6826468756820745,5.823767476559826,3.789315308506481,5.813524389360636,0.4428782955474455,5.7925862660781435,0.32282284006836326,5.764668768368153,0.23040692657077377,5.822710725081282,51.83053146334913,5.802004565367251,54.401847619731996,6.038871775440257,49.6184432994022
5.86197976957864,10.566887123713148,5.841013274855384,8.082902083285916,5.81305794855771,5.598917042858687,5.865672075356747,3.8183154849791627,5.855400635925624,0.4440958965157935,5.834462512643129,0.3235534006493719,5.806545014933138,0.23052868666760862,5.864568209887055,51.62255736246527,5.8438552277151254,54.118246573072156,6.08069514795655,49.032334469638386
5.903912759025151,10.471993313179972,5.8829462643018955,7.993590261607633,5.854990938004222,5.517978204462743,5.907576674153665,3.8534209617618878,5.897276882490609,0.4450699772904714,5.876338759208116,0.32440572132721535,5.8484212614981255,0.2311374871517824,5.906425694692827,51.4145832615813,5.8856973619906325,53.740111844192256,6.122521931701789,48.48403911276267
5.945845748471661,10.379890497074243,5.924879253748405,7.901487445501907,5.8969239274507315,5.437039366066799,5.949481272950585,3.8870001134670993,5.939153129055595,0.4461658181619841,5.918215005773102,0.32513628190822397,5.890297508063111,0.23174628763595617,5.9482848851130745,51.22551589714146,5.927542907495089,53.3997905882004,6.164345304218084,47.897930282998914
5.987778737918172,10.279414697686175,5.966812243194917,7.812175623823624,5.938856916897243,5.353309533243408,5.991385871747504,3.920579265172318,5.981029375620582,0.4471398989366624,5.960091252338089,0.32598860258606743,5.932173754628098,0.23198980782962586,5.990140664304373,50.99863505981358,5.969385041770594,53.02165585932062,6.206168676734376,47.31182145323527
6.029711727364682,10.181729892725556,6.008745232641426,7.722863802145341,5.980789906343753,5.266788705992575,6.033290470544424,3.9511057667225096,6.022905622185568,0.44799221961450586,6.001967498903075,0.32671916316707605,5.974050001193084,0.23235508812012995,6.031996443495671,50.7717542224857,6.011227176046103,52.64352113044083,6.247990343636197,46.706805887027485
6.0716447168111936,10.089627076619827,6.050678222087938,7.6335519804670575,6.022722895790264,5.185849867596627,6.075195069341342,3.986211243505231,6.064781868750555,0.44908806048601857,6.0438437454680605,0.32732796365124983,6.0159262477580695,0.23308564870113857,6.073848811458022,50.50705991226971,6.053071015936083,52.284293138004955,6.289812010538015,46.101790320819816
6.113577706257703,9.994733266086651,6.0926112115344475,7.538658169933882,6.064655885236774,5.10212003477324,6.117099668138263,4.018264070132936,6.106658115315541,0.4500621412606969,6.085719992033048,0.3279367641354236,6.057802494323057,0.2334509289916431,6.1157045906493215,50.28017907494183,6.094914855826063,51.92506514556908,6.33163197182536,45.47786801816807
6.155510695704215,9.894257466698583,6.134544200980959,7.446555353828153,6.106588874683285,5.018390201949849,6.159004266935181,4.053369546915661,6.148534361880526,0.45091446193854035,6.127596238598033,0.32866732471643223,6.099678740888042,0.2334509289916431,6.1575569586116705,50.01548476472601,6.13675699010157,51.54693041668929,6.3734519331127055,44.853945715516375
6.197443685150724,9.793781667310515,6.1764771904274705,7.351661543294981,6.148521864129797,4.931869374699016,6.200908865732101,4.082369723388343,6.1904106084455135,0.45201030281005306,6.169472485163021,0.329276125200606,6.14155498745303,0.23418148957265172,6.199411032188498,49.76969719095405,6.178594007533655,51.11207547847749,6.415271894400051,44.23002341286468
6.239376674597236,9.69888785677734,6.21841017987398,7.259558727189251,6.190454853576306,4.850930536303068,6.24281346452902,4.122054175403598,6.232286855010499,0.4528626234878965,6.211348731728006,0.3298849256847798,6.183431234018015,0.2347902900568255,6.241265105765321,49.523909617182255,6.220432730580215,50.69612727670966,6.457086738843974,43.549380900880976
6.281309664043746,9.601203051816718,6.260343169320492,7.164664916656076,6.232387843022818,4.758827720197342,6.284718063325938,4.151054351876283,6.274163101575486,0.45371494416574,6.253224978292992,0.3306154862657884,6.225307480583003,0.23491205015366035,6.28311747372767,49.259215306966325,6.262269748012298,50.26127233849792,6.498901583287897,42.86873838889727
6.323242653490257,9.50072725242865,6.302276158767001,7.0697711061229,6.274320832469328,4.675097887373951,6.326622662122858,4.187686153736514,6.316039348140472,0.454567264843583,6.295101224857979,0.331346046846797,6.267183727147988,0.23491205015366035,6.324968136075548,48.97561426030643,6.304106765444385,49.82641740028606,6.540716427731822,42.18809587691362
6.3651756429367685,9.400251453040582,6.344209148213513,6.977668290017171,6.316253821915839,4.588577060123118,6.368527260919777,4.224317955596746,6.357915594705459,0.4554195855214269,6.336977471422965,0.33195484733097125,6.309059973712974,0.23564261073466897,6.366818798423425,48.69201321364659,6.3459488997198905,49.448282671406275,6.582531272175744,41.507453364929916
6.407108632383278,9.299775653652514,6.3861421376600225,6.879983485056549,6.358186811362349,4.502056232872281,6.410431859716697,4.260949757456981,6.399791841270445,0.45627190619926994,6.378853717987952,0.3325636478151446,6.350936220277961,0.23600789102517306,6.408667755156828,48.38950543054278,6.387789328380923,49.051241206082466,6.624346116619667,40.82681085294627
6.44904162182979,9.19929985426445,6.428075127106534,6.779507685668481,6.40011980080886,4.412744411193998,6.452336458513615,4.299107884394722,6.44166808783543,0.4571242268771134,6.420729964552938,0.33305068820248396,6.392812466842947,0.2363731713156776,6.45051671189023,48.086997647438864,6.42614518667163,48.71091995009061,6.666159255449117,40.12726160451854
6.490974611276299,9.098824054876381,6.470008116553044,6.684613875135305,6.44205279025537,4.323432589515715,6.494241057310536,4.331160711022427,6.483544334400418,0.4580983076517917,6.462606211117925,0.33365948868665773,6.434688713407934,0.2363731713156776,6.492367374238106,47.803396600779024,6.590661936373173,46.53286391174282,6.70796557182067,39.35208541031494
6.532907600722811,8.99276626663342,6.511941105999555,6.586929070174687,6.483985779701881,4.239702756692324,6.536145656107454,4.369318837960172,6.525420580965403,0.4587071081359655,6.504482457682911,0.3342682891708315,6.47656495997292,0.23661669150934683,6.534214625357035,47.481982081231195,6.631801357485403,46.101790320819816,6.74977871065012,38.65253616188721
6.5748405901693205,8.889499472817906,6.553874095446067,6.486453270786619,6.525918769148393,4.147599940586595,6.578050254904374,4.40442431474289,6.567296827530391,0.45955942881380896,6.546358704247896,0.33475532955817044,6.518441206537905,0.2371037318966862,6.576060170861489,47.14166082523934,6.673636669303016,45.64802864616399,6.791586732636147,37.89626670412764
6.616773579615832,8.789023673429838,6.595807084892576,6.385977471398551,6.5678517585949026,4.058288118908312,6.619954853701293,4.438003466448109,6.609173074095376,0.4602899893948176,6.5882349508128835,0.33536413004234467,6.5603174531028925,0.2374690121871903,6.61790742198042,46.820246305691455,6.715470275506152,45.175360235064204,6.833394754622174,37.139997246367955
6.658706569062342,8.68575687961432,6.637740074339088,6.291083660865375,6.609784748041414,3.968976297230032,6.661859452498213,4.47463526830834,6.651049320660362,0.4610205499758262,6.630111197377869,0.33572941033284875,6.602193699667878,0.23783429247769483,6.6597512618704,46.46101831325569,6.757297059251392,44.62706487818849,6.875197659764781,36.32700757927631
6.700639558508853,8.579699091371364,6.679673063785597,6.185025872622415,6.651717737487924,3.876873481124303,6.703764051295131,4.509740745091062,6.692925567225349,0.4617511105568348,6.671987443942856,0.3364599709138574,6.644069946232865,0.23783429247769483,6.701596807374854,46.12069705726384,6.79912213738216,44.059862784868756,6.917003976136333,35.55183138507266
6.742572547955365,8.479223291983295,6.721606053232109,6.084550073234347,6.693650726934435,3.790352653873466,6.7456686500920515,4.549425197106316,6.734801813790335,0.46260343123467784,6.713863690507842,0.337190531494866,6.685946192797851,0.23783429247769483,6.743442352879309,45.78037580127199,6.840947215512926,43.49266069154902,6.95880688127894,34.73884171798102
6.784505537401874,8.373165503740335,6.763539042678619,5.984074273846279,6.735583716380945,3.7010408321951864,6.78757324888897,4.589109649121568,6.776678060355322,0.46321223171885206,6.7557399370728275,0.3374340516885357,6.7278224393628365,0.23795605257452923,6.7852861927692905,45.42114780883611,6.882772293643694,42.925458598229284,7.000609786421543,33.92585205088949
6.826438526848386,8.267107715497374,6.80547203212513,5.883598474458211,6.777516705827456,3.608938016089457,6.82947784768589,4.627267776059309,6.818554306920308,0.4641863124935304,6.797616183637815,0.3379210920758746,6.769698685927824,0.23856485305870345,6.827133443888219,45.09973328928828,6.924599077388934,42.37716324135357,7.042407574720728,33.05614217446583
6.8683715162948955,8.158258932826968,6.84740502157164,5.7831226750701425,6.819449695273966,3.5196261944111704,6.871382446482809,4.666952228074564,6.860430553485293,0.4647951129777037,6.8394924302028,0.33865165265688324,6.811574932492809,0.23856485305870345,6.868972166934777,44.68378508752045,6.966419038676279,41.75324093870182,7.084208774248858,32.224245770930224
6.910304505741407,8.049410150156561,6.889338011018151,5.6826468756820745,6.8613826847204775,3.427523378305441,6.913287045279729,4.706636680089815,6.9023068000502805,0.4656474336555476,6.881368676767788,0.33865165265688324,6.853451179057797,0.23929541363971163,6.910816006824759,44.32455709508457,7.008242411192573,41.16713210893806,7.126008268162516,31.37344263095065
6.952237495187917,7.9433523619136,6.931271000464663,5.57938008186656,6.903315674166989,3.3354205621997117,6.955191644076647,4.74174215687254,6.944183046615266,0.4660127139460517,6.923244923332773,0.33938221323789186,6.895327425622782,0.23929541363971163,6.952656435485792,43.92751562976076,7.0500623724799185,40.54320980628637,7.167804350847226,30.48482601808297
6.994170484634428,7.831712584815747,6.973203989911172,5.4733222936236,6.945248663613499,3.2377357572390935,6.997096242873566,4.784479259042808,6.986059293180253,0.4667432745270603,6.965121169897759,0.3399910137220661,6.93720367218777,0.23929541363971163,6.994498569761297,43.549380900880976,7.091882333767264,39.91928750363468,7.209598727917462,29.57730266877138
7.036103474080938,7.725654796572787,7.015136979357684,5.364473510953193,6.98718165306001,3.142841946705918,7.039000841670486,4.822637385980556,7.027935539745239,0.46723031491439926,7.006997416462746,0.3401127738189005,6.979079918752755,0.23929541363971163,7.036338998422331,43.15233943555717,7.133705706283556,39.33317867387092,7.251393104987698,28.66977931945985
7.078036463527449,7.61680601390238,7.057069968804194,5.263997711565125,7.02911464250652,3.0535301250276348,7.080905440467404,4.862321837995804,7.069811786310226,0.4679608754954079,7.048873663027732,0.3407215743030747,7.020956165317741,0.23929541363971163,7.078177721468889,42.736391233789334,7.175522256341956,38.671442898331236,7.293187482057932,27.76225597014826
7.119969452973961,7.507957231231973,7.099002958250705,5.160730917749611,7.071047631953031,2.9530543256395667,7.1228100392643245,4.902006290011059,7.111688032875212,0.4686914360764165,7.090749909592719,0.34133037478724804,7.062832411882728,0.23929541363971163,7.120014738900976,42.301536295577534,7.217337100785877,37.99080038634753,7.334976742284746,26.798012411504715
7.1619024424204705,7.399108448561567,7.140935947697215,5.049091140651761,7.112980621399541,2.863742503961287,7.164714638061243,4.9401644169488,7.1535642794401975,0.46917847646375543,7.132626156157705,0.3415738949809177,7.104708658447714,0.23990421412388585,7.161855167562009,41.904494830253725,7.2591519452298,37.31015787436388,7.37676600251156,25.833768852861112
7.203835431866982,7.287468671463714,7.182868937143726,4.945824346836247,7.1549136108460525,2.7688486934281116,7.206619236858163,4.981375194041561,7.195440526005185,0.46990903704476406,7.174502402722692,0.34193917527142226,7.146584905012701,0.24002597422072025,7.203690479379618,41.45073315559796,7.300966789673724,36.629515362380175,7.418551851509425,24.831711821329634
7.245768421313492,7.175828894365861,7.224801926590236,4.83697556416584,7.196846600292562,2.6683728940400435,7.248523835655082,5.022585971134323,7.23731677257017,0.47015255723843374,7.216378649287678,0.34230445556192635,7.188461151577687,0.24002597422072025,7.24552579119723,40.996971480942136,7.342781634117647,35.94887285039647,7.460339406121766,23.848561526242065
7.287701410760003,7.058607128413115,7.266734916036747,4.728126781495433,7.238779589739074,2.584643061216653,7.290428434452002,5.063796748227087,7.279193019135158,0.47088311781944237,7.258254895852663,0.3427914959492653,7.230337398142672,0.24002597422072025,7.287361103014841,40.54320980628637,7.384596478561572,35.26823033841282,7.495163789644109,23.045025227372435
7.329634400206513,6.949758345742708,7.308667905483259,4.622068993252473,7.280712579185583,2.484167261828585,7.33233303324892,5.106533850397362,7.321069265700143,0.4713701582067813,7.3001311424176505,0.34303501614293497,7.2722136447076595,0.24002597422072025,7.3291964148324515,40.089448131630604,7.426411323005493,34.587587826429115,,
7.371567389653024,6.835327574217409,7.3506008949297685,4.51042921615462,7.322645568632095,2.3836914624405168,7.3742376320458405,5.144691977335103,7.362945512265129,0.471613678400451,7.342007388982636,0.3434002964334395,7.314089891272645,0.24063477470489447,7.371031726650062,39.63568645697478,7.468215933762573,33.793504895781496,,
7.413500379099534,6.723687797119556,7.39253388437628,4.398789439056763,7.364578558078606,2.2832156630524487,7.416142230842759,5.1889554045828845,7.404821758830116,0.4723442389814596,7.383883635547623,0.3437655767239436,7.355966137837632,0.24075653480172887,7.412863627238727,39.144111309431025,7.510030778206496,33.11286238379779,,
7.455433368546045,6.609257025594253,7.43446687382279,4.292731650813806,7.406511547525116,2.199485830229058,7.458046829639679,5.231692506753156,7.446698005395102,0.47283127936879854,7.425759882112609,0.3442526171112825,7.397842384402618,0.24075653480172887,7.454695527827389,38.65253616188721,7.55183709457805,32.337686189594194,,
7.497366357992557,6.494826254068958,7.476399863269301,4.178300879288507,7.4484445369716274,2.0990100308409936,7.499951428436598,5.274429608923427,7.488574251960089,0.47307479956246823,7.4676361286775945,0.3444961373049522,7.4397186309676036,0.24075653480172887,7.496525722801578,38.14205427789943,7.593643410949604,31.562509995390485,,
7.539299347439067,6.374813493688762,7.518332852715811,4.0694520966181,7.490377526418137,1.9985342314529255,7.541856027233518,5.3171667110937015,7.530450498525075,0.47380536014347685,7.509512375242582,0.3447396574986219,7.481594877532591,0.24063477470489447,7.538355917775767,37.631572393911654,7.635449727321157,30.78733380118689,,
7.581232336885578,6.260382722163467,7.560265842162322,3.9578123195202473,,,7.583760626030436,5.359903813263973,7.57232674509006,0.4742924005308158,7.551388621807567,0.34522669788596083,,,7.58018781836443,37.139997246367955,7.677259454921658,30.049971079871227,,
7.623165326332088,6.143160956210721,7.602198831608832,3.843381547994948,,,7.625665224827356,5.399588265279224,7.6142029916550475,0.47453592072448547,7.593264868372555,0.34522669788596083,,,7.622016307724146,36.61060862593615,7.719062360064263,29.236981412779585,,
7.665098315778599,6.025939190257972,7.6441318210553435,3.7289507764696452,,,7.667569823624275,5.443851692527005,7.656079238220033,0.4752664813054941,7.63514111493754,0.34571373827329976,,,7.663843091469386,36.06231326906044,7.760863559592393,28.405085009243976,,
7.707031305225109,5.9115084187326765,7.686064810501855,3.6201019937992385,,,7.709474422421193,5.48658879469728,7.6979554847850205,0.4756317615959982,7.677017361502528,0.34595725846696945,,,7.7056715808291,35.53292464862864,7.802664759120527,27.573188605708424,,
7.74896429467162,5.791495658352481,7.727997799948365,3.502880227846493,,,7.7513790212181135,5.533904872100077,7.739831731350006,0.4759970418865027,7.718893608067513,0.34595725846696945,,,7.747498364574342,34.984629291752924,7.844465958648658,26.7412922021727,,
7.79089728411813,5.668691903544847,7.769930789394876,3.3912404507486436,,,7.793283620015032,5.578168299347862,7.781707977914993,0.4759970418865027,7.760769854632499,0.3460790185638043,,,7.789323442705109,34.41742719843319,7.8862654525623155,25.890489062193126,,
7.832830273564642,5.545888148737205,7.811863778841386,3.274018684795898,,,7.835188218811952,5.623958051673153,7.823584224479979,0.4766058423706765,7.802646101197486,0.3466878190479781,,,7.831148520835877,33.85022510511345,7.928064946475973,25.039685922213494,,
7.874763263011151,5.425875388357014,7.853796768287897,3.1595879132705953,,,7.877092817608871,5.666695153843424,7.8654604710449645,0.47672760246751134,7.844522347762472,0.3466878190479781,,,7.8729735989666425,33.283023011793716,7.969859323546207,24.132162572901905,,
7.916696252457663,5.305862627976822,7.895729757734407,3.04236614731785,,,7.918997416405791,5.712484906168715,7.907336717609952,0.47745816304851996,7.886398594327459,0.34705309933848216,,,7.914796971482937,32.69691418202996,8.011653700616446,23.224639223590316,,
7.958629241904174,5.185849867596627,7.9376627471809185,2.9251443813651044,,,7.960902015202709,5.756748333416496,7.949212964174937,0.47745816304851996,7.928274840892445,0.3474183796289867,,,7.956618638384756,32.09189861582229,8.053448077686678,22.317115874278784,,
8.000562231350685,5.0658371072164385,7.979595736627428,2.807922615412359,,,8.00280661399963,5.804064410819297,7.991089210739925,0.47745816304851996,7.97015108745743,0.3474183796289867,,,7.998440305286574,31.486883049614562,8.095242454756917,21.409592524967195,,
8.042495220797196,4.943033352408797,8.021528726073939,2.6907008494596134,,,8.044711212796548,5.849854163144588,8.032965457304911,0.4781887236295286,8.012027334022417,0.3474183796289867,,,8.040261972188393,30.88186748340678,8.137030009369255,20.426442229879683,,
8.084428210243704,4.825811586456052,8.06346171552045,2.5706880890794217,,,8.086615811593468,5.897170240547389,8.074841703869897,0.478310483726363,8.053903580587402,0.3474183796289867,,,8.082080227861265,30.239038444311177,8.178820975210542,19.481105407680047,,
8.10888912075417,4.769991697907127,8.105394704966962,2.4534663231266762,,,8.128520410390387,5.947538968105206,8.099269514366139,0.4781887236295286,8.095779827152391,0.3477836599194908,,,8.1064756316825,29.8798104518753,8.220608529822883,18.49795511259265,,
,,8.147327694413473,2.3306625683190347,,,8.170425009187307,5.993328720430501,,,8.137656073717377,0.3481489402099953,,,,,8.262397790049697,17.533711553949047,,
,,8.189260683859981,2.216231796793739,,,8.212329607984225,6.042171122910812,,,8.179532320282362,0.3481489402099953,,,,,8.293741867237898,16.834162305521318,,
,,8.231193673306493,2.093428041986101,,,8.254234206781145,6.086434550158593,,,8.221408566847348,0.3481489402099953,,,,,,,,
,,8.273126662753004,1.9706242871784596,,,8.289154705778577,6.126882164712601,,,8.263284813412334,0.34863598059733425,,,,,,,,
,,8.301081989050676,1.8896854487825188,,,,,,,8.291202311122326,0.34887950079100394,,,,,,,,
