240_1_headxflow,,225_1_headxflow,,209_1_headxflow,,193_1_headxflow,,all_1_npshxflow,,240_1_powerxflow,,225_1_powerxflow,,209_1_powerxflow,,193_1_powerxflow,,240_1_effxflow,,225_1_effxflow,,209_1_effxflow,,193_1_effxflow,
X,Y,X,Y,X,Y,X,Y,X,Y,X,Y,X,Y,X,Y,X,Y,X,Y,X,Y,X,Y,X,Y
24.640120988560504,98.89014089196353,24.166162138100532,85.11085613709164,23.121688621277098,77.27474779018324,23.083579197599537,65.36423669214616,23.117135080172435,1.6637460211600512,24.640045327946584,22.709469407133184,24.203057767735046,19.901926519490928,23.1105888672062,14.897638620139873,23.066890111185046,12.061018966692728,24.640045327946584,39.562501849842164,24.159359011713892,38.11920668633559,23.1105888672062,44.23152226949185,23.066890111185046,45.93508377395864
24.90220577447763,98.77999456919214,24.428237495659502,85.0208968719739,23.38374512211975,77.22516264037279,23.345654555158507,65.27427742702842,23.379046036354282,1.6601255417940308,24.90223786407351,22.794572362896332,24.465250303861968,19.964093202163866,23.37278140333312,14.921578180995851,23.329082647311967,12.15376734681925,24.90223786407351,39.79910761435144,24.421551547840814,38.324265015577,23.37278140333312,44.46024117518414,23.329082647311967,46.17168953846789
25.16429527457384,98.65975471759394,24.690322281576627,84.91075054920252,23.6458251938578,77.12510984642822,23.607715770180235,65.21459874839115,23.640901463711497,1.6619957526076448,25.16443040020043,22.887320743022855,24.727442839988893,20.056841582290417,23.634973939460046,14.999035712395568,23.591275183438892,12.185352332038605,25.16443040020043,40.02782652004376,24.68374408396774,38.55298392126929,23.634973939460046,44.72839437496134,23.591275183438892,46.416182161794154
25.426380060490963,98.54960839482256,24.952407067493755,84.80060422643112,23.907914693954005,77.00486999483002,23.869795841918283,65.11454595444658,23.90277540067692,1.66203573336138,25.426622936327355,22.9647782744226,24.989635376115814,20.141944538053565,23.897166475586967,15.068847819431937,23.853467719565813,12.247519014711571,25.426622936327355,40.24865856691906,24.94593662009466,38.77381596814462,23.897166475586967,44.98077385710454,23.853467719565813,46.65278792630343
25.688441275512695,98.48992971618529,25.214487139231803,84.70055143248656,24.16997119479666,76.95528484501958,24.131885342014492,64.99430610284837,24.164630828034134,1.6639059441749922,25.688815472454277,23.05752665454912,25.25182791224274,20.196465796363128,24.159359011713892,15.16159619955846,24.115660255692738,12.31733112174794,25.688815472454277,40.45371689616047,25.208129156221585,38.97098743856898,24.159359011713892,45.209492762796856,24.115660255692738,46.88150683199572
25.950530775608904,98.36968986458707,25.476557782611692,84.62068569619565,24.432065409071942,76.82495146459453,24.39396069957346,64.90434683773064,24.426495510195455,1.6648610399586659,25.9510080085812,23.134984185948838,25.51402044836966,20.289214176489622,24.421551547840814,15.193181184777842,24.37785279181966,12.34127068260392,25.9510080085812,40.69032266066972,25.47032169234851,39.183932626627325,24.421551547840814,45.46187224494008,24.37785279181966,47.11022573768801
26.21262027570511,98.24945001298886,25.73865199688698,84.49035231577061,24.69413605245183,76.74508572830362,24.65603605713243,64.8143875726129,24.68836944716088,1.664901020712401,26.213200544708123,23.22773256607539,25.776212984496585,20.359026283525992,24.68374408396774,15.27828414054099,24.640045327946584,12.434019062730414,26.213200544708123,40.88749413109409,25.73251422847543,39.38110409705175,24.68374408396774,45.69847800944936,24.640045327946584,47.33894464338033
26.474690919085,98.16958427669795,26.000736782804108,84.38020599299924,24.95622083836896,76.63493940553224,24.918116128870476,64.71433477866833,24.950243384126303,1.6649410014661363,26.475393080835047,23.32048094620191,26.03840552062351,20.451774663652515,24.94593662009466,15.317514550123718,24.90223786407351,12.435022350496212,26.475393080835047,41.10043931915246,25.994706764602356,39.59404928511009,24.94593662009466,45.903536338690714,24.90223786407351,47.56766354907262
26.736770990823047,98.06953148275338,26.262816854542155,84.28015319905468,25.218296195927927,76.5449801404145,25.180196200608528,64.61428198472377,25.21211732109173,1.6649809822198716,26.73758561696197,23.413229326328462,26.30059805675043,20.521586770688856,25.208129156221585,15.402617505886866,25.16443040020043,12.527770730622763,26.73758561696197,41.3133845072108,26.256899300729277,39.775447037900506,25.208129156221585,46.15591582083397,25.16443040020043,47.78060873713096
26.998851062561098,97.96947868880882,26.52490635463836,84.15991334745647,25.480385696024136,76.4247402888163,25.44227627234657,64.5142291907792,25.473991258057154,1.6650209629736068,26.999778153088894,23.49833228209158,26.562790592877356,20.606689726451975,25.47032169234851,15.472429612923207,25.426622936327355,12.567001140205548,26.999778153088894,41.51055597763519,26.5190918368562,39.996279084775836,25.47032169234851,46.34520043244137,25.426622936327355,47.9935539251893
27.260949991015462,97.82905177955698,26.78699114055549,84.04976702468508,25.74247048194126,76.3145939660449,25.7043610582637,64.40408286800783,25.735865195022576,1.665060943727342,27.26197068921582,23.598726086581507,26.824983129004277,20.676501833488345,25.73251422847543,15.54988714432298,25.688815472454277,12.621522398515054,27.26197068921582,41.73138802451055,26.781284372983123,40.16978997874932,25.73251422847543,46.58180619695065,25.688815472454277,48.206499113247645
27.523030062753506,97.7289989856124,27.049075926472614,83.9396207019137,26.004536411142073,76.24482175858081,25.96645055835991,64.28384301640963,25.997739131988002,1.6651009244810773,27.52416322534274,23.65324734489107,27.087175665131202,20.75395936488809,25.994706764602356,15.589117553905737,25.9510080085812,12.698979929914799,27.52416322534274,41.936446353751904,27.043476909110048,40.359074590356755,25.994706764602356,46.81052510264294,25.9510080085812,48.419444301306015
27.785124277028796,97.59866560518738,27.311165426568824,83.8193808503155,26.26662591123828,76.12458190698261,26.228525915918876,64.19388375129188,26.259613068953428,1.6651409052348125,27.786355761469665,23.73835030065422,27.349368201258123,20.816126047561056,26.256899300729277,15.651284236578675,26.213200544708123,12.738210339497584,27.786355761469665,42.1336178241763,27.30566944523697,40.55624606078112,26.256899300729277,47.02347029070128,26.213200544708123,48.60872891291342
28.047204348766844,97.49861281124282,27.57324549830687,83.71932805637094,26.528715411334485,76.0043420553844,26.490615416015086,64.07364389969368,26.521487005918853,1.6651808859885477,28.048548297596586,23.83109868078074,27.611560737385048,20.893583578960772,26.5190918368562,15.713450919251642,26.475393080835047,12.808022446533926,28.048548297596586,42.32290243578373,27.567861981363894,40.753417531205514,26.5190918368562,47.22852861994264,26.475393080835047,48.80590038333784
28.309289134683972,97.38846648847144,27.83533499840308,83.59908820477273,26.790795483072536,75.90428926143984,26.75270020193221,63.96349757692229,26.78335168808017,1.6661359817722197,28.31074083372351,23.923847060907264,27.87375327351197,20.97868653472389,26.781284372983123,15.813844723741568,26.73758561696197,12.831962007389905,28.31074083372351,42.51218704739114,27.83005451749082,40.926928425179,26.781284372983123,47.43358694918405,26.73758561696197,49.018845571396184
28.571378634780178,97.26822663687324,28.097433926857445,83.45866129552088,27.05288498316874,75.78404940984163,27.01478498784934,63.853351254150894,27.04514233180865,1.6744119977954028,28.572933369850432,24.001304592307008,28.135945809638894,21.04849864176026,27.043476909110048,15.853075133324324,26.999778153088894,12.901774114426246,28.572933369850432,42.7093585178155,28.09224705361774,41.0925524603355,27.043476909110048,47.6386452784254,26.999778153088894,49.2002433241866
28.83345399233914,97.17826737175548,28.359513998595492,83.35860850157633,27.31497448326495,75.66380955824343,27.276874487945545,63.733111402552694,27.307034778382285,1.672621748489263,28.835125905977357,24.09405297243356,28.398138345765815,21.125956173160006,27.30566944523697,15.930532664724069,27.26197068921582,12.95629537273581,28.835125905977357,42.906529988239924,28.354439589744665,41.28183707194293,27.30566944523697,47.83581674884982,27.26197068921582,49.389527935794035
29.095548206614428,97.04793399133047,28.621603498691695,83.2383686499781,27.577054555002995,75.56375676429886,27.538954559683592,63.633058608608124,27.56890871534771,1.6726617292429982,29.09731844210428,24.18680135256008,28.66033088189274,21.20341370455975,27.567861981363894,15.985053923033604,27.52416322534274,12.995525782318566,29.09731844210428,43.08792774103034,28.61663212587159,41.46323482473335,27.567861981363894,48.03298821927419,27.52416322534274,49.55515197095053
29.35763299253156,96.93778766855908,28.88369299878791,83.1181287983799,27.839144055099204,75.44351691270064,27.8010440597798,63.512818757009924,27.830764142704922,1.6745319400566085,29.3595109782312,24.279549732686633,28.922523418019665,21.280871235959495,27.83005451749082,16.04722060570657,27.786355761469665,13.080628738081714,29.3595109782312,43.269325493820816,28.878824661998507,41.6130851422559,27.83005451749082,48.22227283088159,27.786355761469665,49.73654972374095
29.61972249262777,96.81754781696088,29.145791927242275,82.97770188912806,28.101224126837252,75.3434641187561,28.063124131517846,63.41276596306538,28.092619570062137,1.6764021508702207,29.621703514358124,24.372298112813127,29.18471595414659,21.350683342995808,28.09224705361774,16.117032712742912,28.048548297596586,13.127504572027902,29.621703514358124,43.46649696424518,29.141017198125432,41.786596036229355,28.09224705361774,48.41155744248903,28.048548297596586,49.925834335348355
29.881802564365817,96.71749502301631,29.407871998980323,82.87764909518349,28.363304198575296,75.24341132481153,28.325213631614055,63.29252611146717,28.354484252223457,1.6773572466538944,29.88389605048505,24.465046492939678,29.446908490273508,21.435786298758956,28.354439589744665,16.194490244142656,28.31074083372351,13.182025830337409,29.88389605048505,43.63212099940168,29.403209734252357,41.97588064783676,28.354439589744665,48.59295519527947,28.31074083372351,50.09934522932184
30.143906206999258,96.56697458493764,29.66998035579284,82.717035128278,28.625393698671505,75.12317147321332,28.587307845889338,63.16219273104214,28.616284150756037,1.6847181476471391,30.146088586611974,24.519567751249213,29.709101026400432,21.520889254522103,28.61663212587159,16.241366078088816,28.572933369850432,13.205965391193388,30.146088586611974,43.81351875219215,29.665402270379282,42.14150468299326,28.61663212587159,48.782239806886906,28.572933369850432,50.25708240566135
30.405986278737313,96.46692179099308,29.932060427530896,82.61698233433343,28.887487912946792,74.99283809278829,28.849402060164625,63.03185935061711,28.87813032330915,1.6875034734906897,30.4082811227389,24.60467070701236,29.971293562527357,21.575410512831667,28.878824661998507,16.303532760761755,28.835125905977357,13.275777498229758,30.4082811227389,43.99491650498257,29.927594806506207,42.29135500051581,28.878824661998507,48.97152441849431,28.835125905977357,50.430593299634836
30.66809463554983,96.30630782408758,30.19416878434342,82.45636836742794,29.149572698863924,74.8826917700169,29.111482131902672,62.93180655667254,29.140004260274573,1.687543454244425,30.670473658865816,24.69741908713891,30.233486098654282,21.660513468594786,29.141017198125432,16.373344867798124,29.09731844210428,13.330298756539321,30.670473658865816,44.16054054013907,30.189787342633124,42.44120531803836,29.141017198125432,49.12926159483382,29.09731844210428,50.580443617157385
30.93017470728788,96.20625503014301,30.45624885608147,82.35631557348339,29.411671627318288,74.74226486076506,29.373576346177966,62.80147317624751,29.401859687631784,1.689413665058039,30.93266619499274,24.782522042902002,30.495678634781207,21.722680151267724,29.403209734252357,16.420220701744284,29.3595109782312,13.377174590485481,30.93266619499274,44.318277716478576,30.45197987876005,42.614716212011814,29.403209734252357,49.30277248880731,29.3595109782312,50.74606765231388
31.192278349921327,96.05573459206434,30.718361927073065,82.18560807775106,29.67375169905633,74.6422120668205,29.635670560453246,62.671139795822484,29.663705860184898,1.6921989909015895,31.194858731119666,24.86762499866515,30.757871170908125,21.792492258304094,29.665402270379282,16.490032808780626,29.621703514358124,13.4622775462486,31.194858731119666,44.483901751635074,30.714172414886974,42.76456652953436,29.665402270379282,49.49205710041474,29.621703514358124,50.91169168747038
31.454363135838452,95.94558826929297,30.980446712990197,82.07546175497968,29.935836484973468,74.53206574404912,29.897755346370378,62.5609934730511,29.925515013521583,1.698644776864894,31.45705126724659,24.945082530064894,31.02006370703505,21.885240638430616,29.927594806506207,16.559844915816967,29.88389605048505,13.501507955831386,31.45705126724659,44.63375206915762,30.9763649510139,42.91441684705691,29.927594806506207,49.65768113557121,29.88389605048505,51.05365514617594
31.716462064292823,95.80516136004113,31.24254564144457,81.93503484572781,30.19794012760691,74.38154530597045,30.15985898900382,62.41047303497244,30.187388950487005,1.6986847576186275,31.71924380337351,25.037830910191445,31.282256243161974,21.9244710480134,30.189787342633124,16.599075325399724,30.146088586611974,13.55602921414092,31.71924380337351,44.80726296313111,31.238557487140817,43.064267164579434,30.189787342633124,49.80753145309373,30.146088586611974,51.203505463698434
31.978556278568103,95.67482797961608,31.504644569898932,81.79460793647598,30.46002962770311,74.26130545437225,30.421939060741874,62.310420241027856,30.449225868236013,1.7023851984921148,31.981436339500434,25.122933865954593,31.5444487792889,22.001928579413146,30.45197987876005,16.67653285679947,30.4082811227389,13.587614199360303,31.981436339500434,44.972886998287606,31.50075002326774,43.22200434091897,30.45197987876005,49.97315548825023,30.4082811227389,51.35335578122101
32.240650492843386,95.54449459919107,31.766734069995135,81.67436808487778,30.722128556157475,74.12087854512038,30.684047417554392,62.14980627412238,30.711035021572698,1.7088309844554228,32.24362887562736,25.192745972990906,31.806641315415817,22.087031535176266,30.714172414886974,16.74634496383581,30.670473658865816,13.64978088203327,32.24362887562736,45.13062417462709,31.762942559394666,43.371854658441464,30.714172414886974,50.138779523406726,30.670473658865816,51.487432381109585
32.50274942129775,95.40406768993921,32.028832998449495,81.53394117562593,30.984208627895523,74.02082575117583,30.94612748929244,62.04975348017783,30.972899703734022,1.7097860802390947,32.50582141175428,25.277848928754054,32.06883385154274,22.149198217849204,30.9763649510139,16.81615707087218,30.93266619499274,13.681365867252595,32.50582141175428,45.288361350966596,32.02513509552159,43.49015754069612,30.9763649510139,50.288629840929275,30.93266619499274,51.621508980998186
32.764848349752114,95.26364078068737,32.29094135526202,81.37332720872043,31.24631227052898,73.87030531309715,31.20823113192588,61.89923304209914,31.234727366678918,1.714401636142524,32.76801394788121,25.362951884517173,32.33102638766967,22.241946597975755,31.238557487140817,16.86303290481831,31.194858731119666,13.766468823015742,32.76801394788121,45.453985386123094,32.28732763164851,43.655781575852615,31.238557487140817,50.446367017268756,31.194858731119666,51.76347243970375
33.026933135669246,95.15349445791597,32.55303085535823,81.25308735712223,31.50841591316242,73.71978487501849,31.470315917843013,61.78908671932777,31.496545774819708,1.71993230707589,33.030206484008126,25.455700264643724,32.59321892379659,22.28117700755851,31.50075002326774,16.940490436218056,31.45705126724659,13.820990081325306,33.030206484008126,45.60383570364564,32.549520167775434,43.76619759929031,31.50075002326774,50.580443617157385,31.45705126724659,51.90543589840931
33.289036778302695,95.0029740198373,32.815139212170756,81.09247339021672,31.770514841616784,73.57935796576663,31.732414846297385,61.6486598100759,31.758410456981032,1.7208874028595638,33.29239902013505,25.53315779604344,32.855411459923516,22.373925387685034,31.762942559394666,16.97972084580084,31.71924380337351,13.844929642181285,33.29239902013505,45.75368602116819,32.81171270390236,43.92393477562979,31.762942559394666,50.74606765231388,31.71924380337351,52.02373878066396
33.55113570675706,94.86254711058547,33.0772428548042,80.94195295213805,32.03259491335483,73.47930517182208,31.994504346393587,61.5284199584777,32.02021961031771,1.7273331888228682,33.554591556261975,25.610615327443185,33.117603996050434,22.466673767811557,32.02513509552159,17.049532952837183,31.981436339500434,13.930032597944432,33.554591556261975,45.871988903422846,33.07390524002928,44.06589823433535,32.02513509552159,50.888031111019444,31.981436339500434,52.157815380552535
33.81323463521142,94.72212020133361,33.339337069079484,80.81161957171304,32.294703270167346,73.31869120491658,32.25661270320611,61.367805991572226,32.282047273262606,1.7319487447262958,33.8167840923889,25.68807285884293,33.37979653217736,22.513549601757745,32.28732763164851,17.119345059873524,32.24362887562736,13.931035885710202,33.8167840923889,46.02183922094534,33.33609777615621,44.19208797540699,32.28732763164851,51.029994569725005,32.24362887562736,52.26823140399017
34.07532884948671,94.59178682090857,33.60145485425017,80.6308185471539,32.55680219862172,73.17826429566475,32.51871163166047,61.227379082320354,32.543884191011614,1.7356491855997849,34.07897662851582,25.78082123896948,33.641989068304284,22.59100713315746,32.549520167775434,17.15857546945628,32.50582141175428,14.01613884147335,34.07897662851582,46.1638026796509,33.598290312283126,44.318277716478576,32.549520167775434,51.14829745197966,32.50582141175428,52.378647427427865
34.337437206299235,94.43117285400308,33.863553782704535,80.49039163790205,32.81888698453884,73.06811797289333,32.780801131756675,61.107139230722154,32.805684089544194,1.7430100865930296,34.34116916464274,25.873569619096003,33.90418160443121,22.653173815830428,32.81171270390236,17.24367842521943,32.76801394788121,14.055369251056106,34.34116916464274,46.30576613835646,33.86048284841005,44.4365805987332,32.81171270390236,51.29814776950215,32.76801394788121,52.48906345086553
34.599540848932676,94.28065241592441,34.1256527111589,80.34996472865019,33.08099062717229,72.91759753481467,33.04290948856921,60.94652526381667,33.0675210072932,1.7467105274665187,34.60336170076967,25.958672574859122,34.166374140558126,22.730631347230144,33.07390524002928,17.328781380982576,33.030206484008126,14.117535933729073,34.60336170076967,46.43984273824509,34.122675384536976,44.539109763353906,33.07390524002928,51.44011122820771,33.030206484008126,52.607366333120154
34.86163977738704,94.14022550667256,34.38776106797142,80.1893507617447,33.34309898398481,72.75698356790917,33.30500841702357,60.80609835456481,33.3293579250422,1.7504109683400095,34.86555423689659,26.028484681895492,34.42856667668505,22.785152605539736,33.33609777615621,17.329784668748374,33.29239902013505,14.187348040765414,34.86555423689659,46.57391933813366,34.3848679206639,44.688960080876456,33.33609777615621,51.566300969279354,33.29239902013505,52.71778235655779
35.12374342002049,93.98970506859389,34.649869424783944,80.02873679483922,33.605188484081026,72.63674371631097,33.567107345477936,60.66567144531297,33.59117633318299,1.7559416392733755,35.12774677302352,26.098296788931833,34.690759212811976,22.862610136939452,33.598290312283126,17.414887624511522,33.554591556261975,14.211287601621393,35.12774677302352,46.700109079205305,34.64706045679082,44.80726296313111,33.598290312283126,51.68460385153398,33.554591556261975,52.820311521178496
35.38584706265394,93.83918463051522,34.911968353238315,79.88830988558735,33.86730155507263,72.46603622057866,33.82919684557414,60.54543159371475,33.852966976911475,1.7642176552965587,35.389939309150435,26.18339974469498,34.9529517489389,22.93242224397582,33.86048284841005,17.461763458457654,33.8167840923889,14.265808859930928,35.389939309150435,46.8499593967278,34.90925299291774,44.917678986568745,33.86048284841005,51.81079359260562,33.8167840923889,52.9228406857992
35.64793656275014,93.718944778917,35.17407671005084,79.72769591868187,34.129386340989754,72.35588989780727,34.09130520238667,60.38481762680925,34.114822404268686,1.766087866110169,35.65213184527736,26.276148124821503,35.215144285065826,22.994588926648788,34.122675384536976,17.52393014113059,34.07897662851582,14.305039269513713,35.65213184527736,46.96826227898245,35.17144552904467,45.0359818688234,34.122675384536976,51.92120961604326,34.07897662851582,53.01748299160292
35.91004020538359,93.56842434083833,35.436175638505205,79.58726900943002,34.39148526944412,72.21546298855543,34.353404130841035,60.24439071755742,34.37661304799716,1.7743638821333505,35.914324381404285,26.33831480749444,35.47733682119274,23.072046458048504,34.3848679206639,17.60903309689374,34.34116916464274,14.390142225276861,35.914324381404285,47.078678302420144,35.43363806517159,45.15428475107802,34.3848679206639,52.0473993571149,34.34116916464274,53.10423843858962
36.17214856219611,93.40781037393285,35.698293423675885,79.40646798487087,34.653607768793876,72.02456843516947,34.615512487653554,60.08377675065191,34.638440710942064,1.7789794380367798,36.17651691753121,26.431063187620964,35.73952935731967,23.12656771635804,34.64706045679082,17.67884520393008,34.60336170076967,14.398790937406034,36.17651691753121,47.21275490230872,35.69583060129852,45.24892705688174,34.64706045679082,52.17358909818648,34.60336170076967,53.198880744393335
36.43425220482956,93.25728993585417,35.96039235213025,79.26604107561903,34.91570198306917,71.89423505474443,34.87762084446608,59.923162783746434,34.90023135467054,1.7872554540599612,36.43870945365813,26.516166143384112,36.00172189344659,23.211670672121187,34.90925299291774,17.72572103787627,34.86555423689659,14.468603044442375,36.43870945365813,47.33105778456334,35.958023137425435,45.37511679795335,34.90925299291774,52.25245768635625,34.86555423689659,53.29352305019705
36.69636056164208,93.09667596894869,36.2225195656591,79.06505299340625,35.177810339881695,71.73362108783896,35.139719772920444,59.78273587449458,35.162077527223644,1.7900407799035118,36.70090198978505,26.593623674783856,36.26391442957352,23.281482779157557,35.17144552904467,17.795533144912582,35.12774677302352,14.50783345402516,36.70090198978505,47.44147380800098,36.22021567355236,45.46975910375707,35.17144552904467,52.370760568610876,35.12774677302352,53.36450477954983
36.95846891845461,92.9360620020432,36.48461849411346,78.9246260841544,35.43991398251514,71.58310064976028,35.401818701374815,59.64230896524272,35.423868170952126,1.798316795926695,36.96309452591198,26.663435781820198,36.526106965700436,23.343649461830523,35.43363806517159,17.850054403222146,35.389939309150435,14.570000136698098,36.96309452591198,47.55977669025563,36.482408209679285,45.588061986011695,35.43363806517159,52.47328973323158,35.389939309150435,53.45126022653656
37.22058670362529,92.75526097748406,36.74672685092598,78.76401211724891,35.702022339327655,71.42248668285478,35.66392705818734,59.48169499833723,35.6856588146806,1.8065928119498764,37.2252870620389,26.748538737583317,36.78829950182736,23.39817072014003,35.69583060129852,17.896930237168306,35.65213184527736,14.593939697554077,37.2252870620389,47.678079572510256,36.74460074580621,45.674817432998424,35.69583060129852,52.5679320390353,35.65213184527736,53.52224195588934
37.482695060437806,92.59464701057857,37.00884463609666,78.58321109268977,35.964121267782026,71.28205977360294,35.92603541499986,59.32108103143173,35.947504987233714,1.8093781377934288,37.48747959816583,26.818350844619687,37.050492037954285,23.483273675903177,35.958023137425435,17.982033192931453,35.914324381404285,14.679042653317197,37.48747959816583,47.8042693135819,37.00679328193313,45.76945973880214,35.958023137425435,52.68623492128992,35.914324381404285,53.6089974028761
37.7447892747131,92.46431363015354,37.270952992909194,78.42259712578428,36.226224910415475,71.13153933552427,36.188143771812385,59.160467064526244,36.2093141405704,1.8158239237567315,37.749672134292744,26.91109922474621,37.31268457408121,23.522504085485934,36.22021567355236,18.02126360251421,36.17651691753121,14.680045941082994,37.749672134292744,47.898911619385615,37.26898581806005,45.87987576223978,36.22021567355236,52.77299036827665,36.17651691753121,53.65631855577794
38.00689291734654,92.31379319207487,37.533070778079875,78.24179610122515,36.488328553048916,70.9810188974456,36.450242700266756,59.0200401552744,36.47113254871118,1.8213545946900993,38.01186467041967,27.00384760487276,37.574877110208135,23.615252465612485,36.482408209679285,18.075784860823774,36.43870945365813,14.772794321209545,38.01186467041967,48.00932764282325,37.53117835418698,45.966631209226534,36.482408209679285,52.86763267408034,36.43870945365813,53.74307400276467
38.269005988338144,92.14308569634255,37.7951791348924,78.08118213431963,36.75043690986144,70.8204049305401,36.712360485437436,58.83923913071526,36.73291393763556,1.830545725743221,38.274057206546594,27.0736597119091,37.83706964633505,23.677419148285452,36.74460074580621,18.168533240950296,36.70090198978505,14.81202473079233,38.274057206546594,48.10396994862697,37.7933708903139,46.05338665621326,36.74460074580621,52.95438812106707,36.70090198978505,53.81405573211745
38.53112377350883,91.96228467178341,38.05728749170492,77.92056816741416,37.01254055249488,70.66988449246142,36.974468842249955,58.67862516380977,36.99470458136403,1.8388217417664041,38.53624974267352,27.13582639458204,38.09926218246198,23.747231255321765,37.00679328193313,18.20011822616968,36.96309452591198,14.866545989101866,38.53624974267352,48.21438597206463,38.05556342644083,46.15591582083397,37.00679328193313,53.056917285687774,36.96309452591198,53.84560316738538
38.79323684450043,91.79157717605109,38.31941470523376,77.71958008520136,37.274639480949254,70.52945758320958,37.236567770704326,58.538198254557926,37.25649522509251,1.8470977577895855,38.79844227880044,27.22092935034516,38.3614547185889,23.78646166490455,37.26898581806005,18.262284908842645,37.2252870620389,14.89813097432122,38.79844227880044,48.3248019955023,38.317755962567745,46.2426712678207,37.26898581806005,53.127899015040555,37.2252870620389,53.93235861437208
39.05534520131296,91.6309632091456,38.58151363368813,77.57915317594953,37.53677612283625,70.30828244334316,37.49868555587501,58.35739722999878,37.5183043784292,1.85354354375289,39.06063481492736,27.31367773047171,38.62364725471583,23.863919196304295,37.53117835418698,18.332097015878958,37.48747959816583,14.960297656994186,39.06063481492736,48.419444301306015,38.57994849869467,46.34520043244137,37.53117835418698,53.23042817966126,37.48747959816583,53.96390604964
39.31745827230456,91.46025571341329,38.84364556139605,77.36807156490993,37.79887033711154,70.17794906291812,37.760789198508455,58.20687679192011,37.78008576735357,1.8627346748060098,39.322827351054286,27.391135261871455,38.885839790842745,23.933731303340636,37.7933708903139,18.356036576734937,37.749672134292744,15.01481891530372,39.322827351054286,48.498312889475784,38.842141034821594,46.4319558794281,37.7933708903139,53.29352305019705,37.749672134292744,54.027000920175794
39.579571343296166,91.28954821768099,39.10574920402949,77.21755112683124,38.06097869392406,70.01733509601263,38.02291169785821,58.01598223853415,38.04192268510257,1.8664351156795007,39.58501988718121,27.445656520181018,39.14803232696967,24.01118883474038,38.05556342644083,18.441139532498084,38.01186467041967,15.054049324886506,39.58501988718121,48.61661577173041,39.10433357094852,46.47139017351296,38.05556342644083,53.36450477954983,38.01186467041967,54.097982649528575
39.84167498592961,91.1390277796023,39.3678858459165,76.99637598696482,38.32308705073658,69.85672112910713,38.28502005467074,57.85536827162865,38.30369481922284,1.876541361762559,39.847212423308136,27.53840490030754,39.410224863096595,24.050419244323137,38.317755962567745,18.503306215171023,38.274057206546594,15.093279734469291,39.847212423308136,48.70337121871714,39.36652610707544,46.566032479316675,38.317755962567745,53.45914708535355,38.274057206546594,54.12164322597951
40.10379748527937,90.94813322621634,39.629994202729016,76.83576202005933,38.58520012172819,69.68601363337483,38.54713783984142,57.67456724706952,38.56547620814721,1.8857324928156807,40.109404959435054,27.623507856070688,39.67241739922352,24.14316762444966,38.57994849869467,18.542536624753808,38.53624974267352,15.147800992778826,40.109404959435054,48.79012666570384,39.62871864320236,46.644901067486444,38.57994849869467,53.54590253234025,38.53624974267352,54.176851237698344
40.3659058420919,90.78751925931084,39.892121416257865,76.63477393784655,38.847327335257035,69.48502555116204,38.809246196653945,57.51395328016403,38.82726685187569,1.8940085088388638,40.37159749556198,27.71625623619721,39.934609935350444,24.182398034032445,38.842141034821594,18.619994156153524,38.79844227880044,15.232903948541974,40.37159749556198,48.87688211269062,39.89091117932929,46.73165651447317,38.842141034821594,53.59322368524212,38.79844227880044,54.21628553178323
40.62802362726258,90.60671823475171,40.15423448724947,76.46406644211423,39.10943569206955,69.32441158425655,39.07135455346647,57.35333931325853,39.089038985995955,1.9041147549219204,40.6337900316889,27.76313207014337,40.19680247147736,24.25985556543219,39.10433357094852,18.65922456573631,39.06063481492736,15.241552660671147,40.6337900316889,48.96363755967732,40.15310371545621,46.79475138500899,39.10433357094852,53.648431696960955,39.06063481492736,54.255719825868084
40.89015084079142,90.40573015253892,40.416356986599226,76.27317188872827,39.37153462052392,69.1839846750047,39.33347233863715,57.1725382886994,39.350857394136746,1.9096454258552846,40.89598256781583,27.855880450269893,40.45899500760429,24.329667672468503,39.36652610707544,18.72903667277265,39.322827351054286,15.311364767707516,40.89598256781583,49.05827986548104,40.415296251583136,46.8499593967278,39.36652610707544,53.719413426313736,39.322827351054286,54.31092783758692
41.152249769245785,90.26530324328708,40.678474771769906,76.09237086416913,39.63366183405276,68.98299659279192,39.59559012380784,56.991737264140255,39.612638783061115,1.918836556908408,41.158175103942746,27.940983406033013,40.72118754373121,24.361252657687885,39.62871864320236,18.783557931082214,39.58501988718121,15.335304328563495,41.158175103942746,49.14503531246777,40.677488787710054,46.928827984897566,39.62871864320236,53.7746214380326,39.58501988718121,54.31092783758692
41.414376982774634,90.06431516107429,40.940601985298755,75.89138278195637,39.89577019086529,68.82238262588642,39.85769848062036,56.831123297234754,39.874401662377274,1.9298579180214048,41.42036764006967,28.00315008870598,40.98338007985814,24.454001037814407,39.89091117932929,18.822788340665,39.847212423308136,15.397471011236433,41.42036764006967,49.2002433241866,40.93968132383698,47.00769657306736,39.89091117932929,53.83771630856839,39.847212423308136,54.318814696403905
41.676480625408075,89.91379472299563,41.2027056279322,75.74086234387768,40.15788797603597,68.64158160132729,40.119825694149206,56.630135215021994,40.13620156090985,1.9372188190146478,41.682560176196596,28.080607620105724,41.245572615985054,24.516167720487374,40.15310371545621,18.877309598974506,40.109404959435054,15.43670142081919,41.682560176196596,49.29488562999032,41.201873859963904,47.06290458478614,40.15310371545621,53.89292432028722,40.109404959435054,54.405570143390634
41.93861726729507,89.69261958312921,41.464837555640116,75.52978073283808,40.41999633284849,68.48096763442179,40.38193405096173,56.46952124811648,40.397973695030124,1.9473250650977079,41.94475271232352,28.173356000232246,41.50776515211198,24.57833440316034,40.415296251583136,18.924185432920666,40.37159749556198,15.521804376582338,41.94475271232352,49.3658673593431,41.46406639609083,47.118112596505,40.415296251583136,53.93235861437208,40.37159749556198,54.405570143390634
42.2007256241076,89.5320056162237,41.72697419752712,75.30860559297166,40.68212354637733,68.279979552209,40.64405183613241,56.28872022355735,40.659755083954494,1.9565161961508277,42.206945248450445,28.243168107268588,41.769957688238904,24.625210237106472,40.677488787710054,19.009288388683842,40.6337900316889,15.522807664348136,42.206945248450445,49.44473594751287,41.726258932217746,47.19698118467477,40.677488787710054,54.027000920175794,40.6337900316889,54.405570143390634
42.4628386950992,89.3612981204914,41.98909669687688,75.1177110395857,40.94424133154802,68.09917852764987,40.90616019294493,56.12810625665186,40.921527218074765,1.9666224422338878,42.46913778457736,28.305334789941554,42.03215022436583,24.702667768506217,40.93968132383698,19.07145507135678,40.89598256781583,15.546747225204086,42.46913778457736,49.50783081804866,41.98845146834467,47.236415478759625,40.93968132383698,54.027000920175794,40.89598256781583,54.405570143390634
42.724961194448966,89.17040356710544,42.25120976786849,74.94700354385338,41.20635911671871,67.91837750309072,41.168282692294696,55.9372117032659,41.183308606999134,1.9758135732870077,42.73133032070429,28.38279232134127,42.294342760492746,24.749543602452377,41.201873859963904,19.110685480939537,41.158175103942746,15.616559332240428,42.73133032070429,49.57881254740144,42.250644004471596,47.307397208112405,41.201873859963904,54.10586950834556,41.158175103942746,54.405570143390634
42.98708840797781,88.96941548489266,42.51333698139733,74.7460154616406,41.46846747353123,67.75776353618525,41.43040519164446,55.74631714987994,41.4450899959235,1.9850047043401293,42.99352285683121,28.467895277104446,42.55653529661967,24.796419436398565,41.46406639609083,19.18814301233928,41.42036764006967,15.686371439276797,42.99352285683121,49.65768113557121,42.51283654059852,47.315284066929394,41.46406639609083,54.12164322597951,41.42036764006967,54.405570143390634
43.249210907327566,88.77852093150669,42.775464194926165,74.54502737942782,41.73059468706007,67.55677545397246,41.69252297681514,55.5655161253208,41.70685287523967,1.9960260654531279,43.25571539295814,28.537707384140788,42.818727832746596,24.881522392161713,41.726258932217746,19.242664270648845,41.682560176196596,15.710311000132776,43.25571539295814,49.73654972374095,42.775029076725446,47.40203951391612,41.726258932217746,54.19262495533229,41.682560176196596,54.42134386102458
43.51132397831917,88.60781343577437,43.03759140845501,74.34403929721505,41.99270775805167,67.38606795824015,41.95463133362767,55.40490215841531,41.968625009359926,2.006132311536186,43.517907929085055,28.622810339903907,43.08092036887352,24.943689074834623,41.98845146834467,19.289540104595005,41.94475271232352,15.764832258442311,43.517907929085055,49.77598401782586,43.03722161285236,47.40992637273311,41.98845146834467,54.21628553178323,41.94475271232352,54.45289129629248
43.773455906027095,88.39673182473479,43.29970919362569,74.16323827265589,42.2548396857596,67.17498634720054,42.216767975514664,55.18372701854889,42.230406398284295,2.015323442589308,43.78010046521198,28.71555872003043,43.343112905000446,25.00585575750759,42.250644004471596,19.32877051417779,42.206945248450445,15.804062668025068,43.78010046521198,49.86273946481256,43.29941414897929,47.49668181971984,42.250644004471596,54.224172390600216,42.206945248450445,54.45289129629248
44.035573691197776,88.21593080017564,43.56183640715454,73.96225019044313,42.5169527567512,67.00427885146823,42.478885760685344,55.00292599398975,42.49216927760046,2.0263448037023064,44.042293001338905,28.754789129613187,43.60530544112736,25.07566786454393,42.51283654059852,19.383291772487325,42.46913778457736,15.843293077607854,44.042293001338905,49.917947476531424,43.56160668510621,47.49668181971984,42.51283654059852,54.30304097876993,42.44728840656679,54.45289129629248
44.29769619054754,88.02503624678968,43.82396833486246,73.75116857940353,42.77907525610096,66.81338429808227,42.74100354585604,54.82212496943062,42.753959921328935,2.034620819725488,44.30448553746583,28.847537509739738,43.86749797725429,25.1454799715803,42.775029076725446,19.43781303079686,42.73133032070429,15.897814335917417,44.30448553746583,49.95738177061628,43.82379922123314,47.57555040788961,42.775029076725446,54.31092783758692,44.91626812176198,54.168964378881356
44.55982340407638,87.8240481645769,44.086100262570376,73.54008696836391,43.04118832709256,66.64267680234997,43.003126045205796,54.631230416044644,43.015741310253304,2.0438119507786077,44.566678073592755,28.932640465502885,44.12969051338121,25.16941953243628,43.03722161285236,19.48468886474302,42.99352285683121,15.967626442953758,44.566678073592755,50.04413721760301,44.085991757360055,47.591324125523556,43.03722161285236,54.31092783758692,45.178460657888905,54.168964378881356
44.82194118924706,87.64324714001776,44.34823690445737,73.31891182849749,43.30332025480048,66.43159519131035,43.26525325873464,54.43024233383187,43.27746717035305,2.0584937720113583,44.82887060971967,28.98716172381242,44.39188304950814,25.231586215109218,43.29941414897929,19.56979182050617,43.25571539295814,15.991566003809737,44.82887060971967,50.05202407642,44.34818429348698,47.64653213724239,43.29941414897929,54.37402270812271,45.44065319401583,54.14530380243045
45.08406368859683,87.4523525866318,44.6103688321653,73.10783021745787,43.56544746832933,66.23060710909756,43.527375758084396,54.23934778044591,43.53923930447331,2.0686000180944184,45.0910631458466,29.072264679575568,44.654075585635056,25.316689170872337,43.56160668510621,19.609022230088954,43.517907929085055,16.046087262119272,45.0910631458466,50.12300580577278,44.610376829613905,47.685966431327245,43.56160668510621,54.405570143390634,45.702845730142755,54.12164322597951
45.34620033048383,87.23117744676537,44.872491331515064,72.91693566407193,43.82756525350001,66.04980608453843,43.78950768579232,54.02826616940631,43.801011438593584,2.0787062641774785,45.35325568197352,29.157367635338716,44.91626812176198,25.355919580455122,43.82379922123314,19.66354348839849,43.78010046521198,16.085317671702057,45.35325568197352,50.1545532410407,44.87256936574083,47.685966431327245,43.82379922123314,54.405570143390634,45.96503826626967,54.07432207307764
45.60832282983359,87.04028289337941,45.13461383086482,72.72604111068598,44.089692467028854,65.84881800232564,44.051620756783926,53.85755867367399,44.06273729869332,2.093388085410231,45.61544821810045,29.21188889364825,45.178460657888905,25.410440838764657,44.085991757360055,19.748646444161636,44.042293001338905,16.132193505648218,45.61544821810045,50.2413086880274,45.134761901867755,47.77272187831397,44.085991757360055,54.405570143390634,46.2272308023966,54.027000920175794
45.87045475754151,86.82920128233982,45.39674575857274,72.51495949964637,44.35181968055769,65.64782992011288,44.31375739867092,53.636383533807575,44.32451868761768,2.1025792164633508,45.877640754227365,29.3046372737748,45.44065319401583,25.48789837016443,44.34818429348698,19.787876853744393,44.30448553746583,16.179069339594378,45.877640754227365,50.24919554684439,45.39695443799467,47.78060873713096,44.34818429348698,54.405570143390634,46.48942333852352,53.99545348490787
46.13258197107035,86.62821320012704,45.6588918288179,72.2735973021263,44.61394689408654,65.44684183790008,44.575884612199765,53.435395451594786,44.58628156693385,2.1136005775763476,46.13983329035429,29.382094805174518,45.702845730142755,25.542419628473965,44.610376829613905,19.85004353641736,44.566678073592755,16.218299749177163,46.13983329035429,50.32806413501413,45.6591469741216,47.78060873713096,44.610376829613905,54.405570143390634,46.75161587465045,53.93235861437208
46.39469975624104,86.4474121755679,45.92102847070491,72.05242216225987,44.87606467925722,65.26604081334095,44.838002397370445,53.254594427035656,44.8480259366418,2.126452168749225,46.402025826481214,29.45190691221086,45.96503826626967,25.5969408867835,44.87256936574083,19.87398309727334,44.82887060971967,16.272821007486698,46.402025826481214,50.33595099383112,45.92133951024852,47.78849559594795,44.87256936574083,54.405570143390634,47.013808410777365,53.85349002620231
46.656836398128036,86.22623703570147,46.183155684233746,71.8514340800471,45.138201321144216,65.04486567347453,45.10014846761561,53.01323222951558,45.10977956115385,2.13838864489216,46.66421836260814,29.52171901924723,46.2272308023966,25.636171296366285,45.134761901867755,19.94379520430965,45.0910631458466,16.296760568342677,46.66421836260814,50.4069327231839,46.18353204637545,47.87525104293468,45.134761901867755,54.405570143390634,47.27600094690429,53.81405573211745
46.918968325835955,86.01515542466187,46.44529232612075,71.63025894018067,45.4003191063149,64.86406464891539,45.36225682442814,52.85261826261008,45.37153318566591,2.150325121035097,46.926410898735064,29.59153112628357,46.48942333852352,25.728919676492836,45.39695443799467,19.998316462619215,45.35325568197352,16.366572675379018,46.926410898735064,50.430593299634836,46.445724582502365,47.87525104293468,45.39695443799467,54.405570143390634,47.538193483031215,53.74307400276467
47.1810955393648,85.81416734244908,46.70742896800775,71.40908380031425,45.6624557482019,64.64288950904897,45.624393466315134,52.631443122743676,45.633286810177964,2.1622615971780323,47.18860343486198,29.67663408204669,46.75161587465045,25.752859237348815,45.6591469741216,20.037546872202,45.61544821810045,16.37522138750822,47.18860343486198,50.446367017268756,46.70791711862929,47.87525104293468,45.6591469741216,54.405570143390634,47.80038601915814,53.67997913222888
47.443227467072724,85.6030857314095,46.96957032407383,71.17781513162099,45.924578247551665,64.45199495566301,45.88653010820213,52.410267982877244,45.89503117988592,2.1751131883509096,47.450795970988906,29.738800764719656,47.013808410777365,25.822671344385128,45.92133951024852,20.130295252328523,45.877640754227365,16.460324343271367,47.450795970988906,50.52523560543855,46.970109654756214,47.87525104293468,45.92133951024852,54.405570143390634,48.062578555285064,53.632657979327035
47.70536410895972,85.38191059154306,47.231702251781755,70.9667335205814,46.18669131854327,64.2812874599307,46.14864789337282,52.2294669583181,46.15678480439797,2.187049664493845,47.71298850711583,29.83919456920958,47.27600094690429,25.87719260269469,46.18353204637545,20.13129854009432,46.13983329035429,16.5072001772175,47.71298850711583,50.52523560543855,47.23230219088314,47.87525104293468,46.18353204637545,54.405570143390634,48.32477109141198,53.54590253234025
47.96749132248856,85.18092250933027,47.493834179489674,70.75565190954178,46.448842102967504,64.0298317335838,46.41077510690166,52.02847887610534,46.41851991930181,2.200816370696659,47.975181043242756,29.878424978792367,47.538193483031215,25.916423012277477,46.445724582502365,20.21640149585744,46.402025826481214,16.55407601116366,47.975181043242756,50.52523560543855,47.494494727010064,47.9067984782026,46.445724582502365,54.405570143390634,48.58696362753891,53.45914708535355
48.22963739273372,84.93956031181021,47.75597553555575,70.52438324084855,46.71096460231727,63.838937180197846,46.67290703460958,51.81739726506572,46.680282798617974,2.2118377318096556,48.237373579369674,29.97117335891889,47.80038601915814,26.009171392404,46.70791711862929,20.247986481076822,46.66421836260814,16.555079298929456,48.237373579369674,50.60410419360832,47.75668726313698,47.914685337019534,46.70791711862929,54.405570143390634,48.84915616366583,53.36450477954983
48.4917551779044,84.75875928725108,48.018112177442745,70.30320810098212,46.97309653002519,63.62785556915824,46.9350389623175,51.60631565402612,46.94200865871771,2.2265195530424062,48.4995661154966,30.048630890318606,48.062578555285064,26.048401801986756,46.970109654756214,20.317798588113163,46.926410898735064,16.624891405965826,48.4995661154966,50.61987791124224,48.01887979926391,47.9067984782026,46.970109654756214,54.405570143390634,49.11134869979276,53.30140990901404
48.75388710561233,84.54767767621148,48.28025824768791,70.06184590346204,47.23523788609128,63.396586900464996,47.197189746741735,51.354859927679215,47.203743773621554,2.24028625924522,48.76175865162352,30.095506724264766,48.32477109141198,26.10292306029632,47.23230219088314,20.37996527078613,47.18860343486198,16.648830966821777,48.76175865162352,50.61987791124224,48.28107233539083,47.9067984782026,47.23230219088314,54.405570143390634,49.373541235919674,53.206767603210324
49.01602846167841,84.31640900751823,48.54238546121675,69.86085782124928,47.497369813799196,63.18550528942538,47.45931224609151,51.16396537429327,47.465497398133614,2.252222735388159,49.02395118775045,30.165318831301136,48.58696362753891,26.17273516733266,47.494494727010064,20.411550256005512,47.450795970988906,16.710997649494743,49.02395118775045,50.61987791124224,48.543264871517756,47.9067984782026,47.494494727010064,54.37402270812271,49.6357337720466,53.127899015040555
49.27817453192357,84.07504680999816,48.80453153146191,69.61949562372921,47.759501741507115,62.97442367838579,47.721448887978504,50.94279023442685,47.72722325823335,2.2669045566209096,49.28614372387737,30.235130938337477,48.84915616366583,26.21961100127882,47.75668726313698,20.481362363041825,47.71298850711583,16.742582634714097,49.28614372387737,50.667199064144114,48.805457407644674,47.92257219583652,47.75668726313698,54.31092783758692,49.897926308173524,53.03325670923684
49.54029231709425,83.89424578543903,49.06667760170707,69.37813342620913,48.021633669215035,62.76334206734619,47.9835855298655,50.72161509456042,47.988995392353615,2.2770108027039697,49.54833626000429,30.320233894100625,49.11134869979276,26.28942310831519,48.01887979926391,20.505301923897804,47.975181043242756,16.789458468660257,49.54833626000429,50.71452021704596,49.0676499437716,47.9067984782026,48.01887979926391,54.31092783758692,50.16011884430045,52.93861440343315
49.802428958981245,83.67307064557261,49.32883310031038,69.11658417103543,48.2837561685648,62.57244751396023,48.245722171752504,50.50043995469399,48.25072125245335,2.2916926239367204,49.810528796131216,30.39769142550034,49.373541235919674,26.298071820444335,48.28107233539083,20.59040487966095,48.237373579369674,16.836334302606446,49.810528796131216,50.71452021704596,49.329842479898524,47.914685337019534,48.28107233539083,54.30304097876993,50.422311380427374,52.828198379995484
50.06457502922641,83.43170844805253,49.59096031383923,68.91559608882264,48.54589752463088,62.34117884526698,48.507839956923185,50.31963893013486,48.512456367357196,2.3054593301395325,50.07272133225814,30.452212683809876,49.6357337720466,26.383174776207483,48.543264871517756,20.63728071360714,48.4995661154966,16.86791928782577,50.07272133225814,50.71452021704596,49.59203501602545,47.88313790175167,48.543264871517756,54.21628553178323,50.68450391655429,52.749329791825716
50.32671167111341,83.2105333081861,49.853115812442546,68.65404683364893,48.808038880696955,62.10991017657375,48.76998602716835,50.07827673261478,48.774172972652835,2.3210562664022234,50.334913868385065,30.514379366482842,49.897926308173524,26.430050610153643,48.805457407644674,20.691801971916675,48.76175865162352,16.930085970498737,50.334913868385065,50.71452021704596,49.85422755215237,47.87525104293468,48.805457407644674,54.21628553178323,50.946696452681216,52.63891376838808
50.58885302717949,82.97926463949287,50.11525716850863,68.4227781649557,49.07017552258395,61.8887350367073,49.03212266905535,49.85710159274838,49.03592659716489,2.3329927425451604,50.59710640451198,30.59948232224599,50.16011884430045,26.47692644409983,49.0676499437716,20.715741532772654,49.02395118775045,16.93873468262794,50.59710640451198,50.71452021704596,50.11642008827929,47.87525104293468,49.0676499437716,54.19262495533229,51.20888898880814,52.51272402731644
50.85099438324556,82.74799597079962,50.377393810395624,68.20160302508926,49.33229802193372,61.69784048332136,49.294259310942344,49.63592645288193,49.2976061832441,2.352250138927605,50.85929894063891,30.676939853645735,50.422311380427374,26.56202939986298,49.329842479898524,20.785553639808995,49.28614372387737,17.023837638391086,50.85929894063891,50.71452021704596,50.378612624406216,47.87525104293468,49.329842479898524,54.12164322597951,51.471081524935066,52.41019486269573
51.113131025132574,82.52682083093319,50.63955402317802,67.92996024108874,49.594439377999805,61.4665718146281,49.55639595282935,49.414751313015515,49.559332043343844,2.366931960160356,51.12149147676583,30.73146111195527,50.68450391655429,26.593614385082304,49.59203501602545,20.84007489811856,49.54833626000429,17.024840926156884,51.12149147676583,50.72240707586295,50.64080516053314,47.87525104293468,49.59203501602545,54.12164322597951,51.733274061061984,52.29189198044111
51.37526766701957,82.30564569106677,50.90170009342319,67.68859804356866,49.856571305707725,61.255490203588494,49.81852788053727,49.20366970197591,49.8210856678559,2.3788684363032946,51.38368401289276,30.808918643355042,50.946696452681216,26.663426492118674,49.85422755215237,20.879305307701316,49.810528796131216,17.109943881920003,51.38368401289276,50.79338880521573,50.902997696660066,47.87525104293468,49.85422755215237,54.027000920175794,51.99546659718891,52.18147595700347
51.63741845144381,82.05418996471988,51.16383202113111,67.47751643252906,50.1187126617738,61.02422153489526,50.08066923660335,48.972401033282665,50.08280227315152,2.3944653725659837,51.64587654901968,30.88637617475476,51.20888898880814,26.71794775042821,50.11642008827929,20.926181141647504,50.07272133225814,17.118592594049176,51.64587654901968,50.80127566403269,51.16519023278698,47.79638245476491,50.11642008827929,54.027000920175794,52.25765913331583,52.071059933565806
51.89955037915173,81.84310835368028,51.42598280555534,67.22606070618217,50.38085873201896,60.782859337375186,50.34281530684851,48.731038835762604,50.34454664285948,2.407316963738859,51.9080690851466,30.948542857427725,51.471081524935066,26.757178160010994,50.378612624406216,20.973056975593636,50.334913868385065,17.19605012544892,51.9080690851466,50.80127566403269,51.42738276891391,47.78060873713096,50.378612624406216,53.93235861437208,52.51985166944276,51.94487019249419
52.161696449396885,81.6017461561602,51.68813830415866,66.96451145100845,50.64300008808504,60.55159066868195,50.60494723455643,48.519957224723,50.606272502959214,2.42199878497161,52.170261621273525,31.033645813190873,51.733274061061984,26.811699418320558,50.64080516053314,21.058159931356784,50.59710640451198,17.212344261941524,52.170261621273525,50.753954511130814,51.68957530504083,47.78060873713096,50.64080516053314,53.93235861437208,52.78204420556968,51.787133016154684
52.42383309128389,81.38057101629377,51.950279660224744,66.73324278231522,50.9051461583302,60.31022847116188,50.86709801898066,48.2685014983761,50.867970598646636,2.4394259512941794,52.43245415740045,31.088167071500408,51.99546659718891,26.850929827903315,50.902997696660066,21.066808643485956,50.85929894063891,17.243929247160878,52.43245415740045,50.71452021704596,51.95176784116776,47.76483501949701,50.902997696660066,53.84560316738538,53.0442367416966,51.67671699271699
52.68597916152905,81.13920881877371,52.212435158828065,66.4716935271415,51.167278086038124,60.099146860122275,51.12922523250951,48.06751341616332,51.129705713550486,2.4531926574969933,52.694646693527375,31.165624602900152,52.25765913331583,26.943678208029837,51.16519023278698,21.136620750522326,51.12149147676583,17.306095929833816,52.694646693527375,50.71452021704596,52.21396037729468,47.685966431327245,51.16519023278698,53.81405573211745,53.306429277823526,51.550527251645406
52.94810637505789,80.93822073656094,52.47459065743138,66.21014427196778,51.429424156283275,59.857784662602214,51.39138544529191,47.7958706321628,51.39141306404201,2.469704708789621,52.95683922965429,31.235436709936494,52.51985166944276,26.982908617612622,51.42738276891391,21.183496584468458,51.38368401289276,17.36061718814338,52.95683922965429,50.71452021704596,52.4761529134216,47.685966431327245,51.42738276891391,53.74307400276467,53.56862181395045,51.42433751057379
53.21027601619844,80.64639089490674,52.736741441855614,65.95868854562089,51.69156079817028,59.63660952273577,51.653536229716146,47.5444149058159,51.653129669337645,2.48530164505231,53.21903176578122,31.312894241336238,52.78204420556968,27.037429875922186,51.68957530504083,21.2533086915048,51.64587654901968,17.399847597726165,53.21903176578122,50.71452021704596,52.738345449548525,47.65441899605935,51.68957530504083,53.67997913222888,53.830814350077375,51.26660033423428
53.472403229727284,80.44540281269397,52.998896940458934,65.69713929044718,51.95369744005728,59.41543438286935,51.91566344324499,47.343426823603124,51.91486478424149,2.499068351255124,53.48122430190814,31.375060924009205,53.0442367416966,27.06901486114154,51.95176784116776,21.307829949814362,51.9080690851466,17.400850885491963,53.48122430190814,50.71452021704596,53.00053798567545,47.591324125523556,51.95176784116776,53.648431696960955,53.98375999615141,51.187731746064514
53.73456344250969,80.17376002869344,53.261038296525015,65.46587062175394,52.21584822448152,59.163978656522474,52.177809513490146,47.10206462608305,52.17656287992891,2.5164955175776935,53.74341683803507,31.437227606682143,53.306429277823526,27.131181543814478,52.21396037729468,21.347060359397148,52.170261621273525,17.470662992528304,53.74341683803507,50.71452021704596,53.262730521802375,47.57555040788961,52.21396037729468,53.55378939115724,,
53.996700084396686,79.952584888827,53.52319850930741,65.1942278377534,52.47800372308484,58.90242940134874,52.43995558373531,46.86070242856299,52.43828874002865,2.531177338810444,54.00560937416199,31.514685138081887,53.56862181395045,27.170411953397263,52.4761529134216,21.386290768979933,52.43245415740045,17.494602553384254,54.00560937416199,50.69874649941201,53.52492305792929,47.49668181971984,52.4761529134216,53.45914708535355,,
54.25885086882092,79.70112916248011,53.78534457955257,64.95286564023333,52.740140364971836,58.68125426148234,52.70209222562231,46.639527288696556,52.699986835716075,2.548604505133012,54.26780191028891,31.561560972028047,53.830814350077375,27.224933211706826,52.738345449548525,21.44081202728944,52.694646693527375,17.503251265513455,54.26780191028891,50.62776477005923,53.78711559405622,47.49668181971984,52.738345449548525,53.419712791268665,,
54.52100165324516,79.44967343613322,54.04750479233497,64.68122285623281,53.00228172103792,58.449985592789076,52.96424772422562,46.37797803352284,52.9616849314035,2.5660316714555815,54.529994446415834,31.661954776517973,54.09300688620429,27.271809045652986,53.00053798567545,21.518269558689184,52.95683922965429,17.588354221276603,54.529994446415834,50.61987791124224,54.04930813018314,47.40203951391612,53.00053798567545,53.32507048546498,,
54.783157151848485,79.18812418095953,54.30966500511736,64.40958007223227,53.264427791283076,58.208623395269,53.22639379447078,46.136615836002775,53.22336451748271,2.5852890678380263,54.79218698254276,31.72412145919091,54.35519942233122,27.318684879599118,53.262730521802375,21.534563695181788,53.21903176578122,17.5893575090424,54.79218698254276,50.61987791124224,54.31150066631007,47.40203951391612,53.262730521802375,53.269862473746116,,
55.04529379373548,78.96694904109309,54.571811075362525,64.1682178747122,53.52659271824455,57.92688708244167,53.48853515053686,45.90534716730954,53.485090377582445,2.599970889070777,55.054379518669684,31.793933566227253,54.61739195845814,27.37320613790868,53.52492305792929,21.60437580221813,53.48122430190814,17.682105889168923,55.054379518669684,50.61987791124224,54.57369320243699,47.32317092574635,53.52492305792929,53.1752201679424,,
55.30744457815972,78.7154933147462,54.83397128814492,63.896575090711664,53.78871993177339,57.725899000228864,53.75069064914018,45.64379791213581,53.74678847326987,2.6173980553933447,55.3165720547966,31.85610024890022,54.87958449458507,27.412436547491467,53.78711559405622,21.65125163616429,53.74341683803507,17.683109176934693,55.3165720547966,50.5725567583404,54.83588573856391,47.307397208112405,53.78711559405622,53.09635157977263,,
55.56960007676304,78.45394405957249,55.096126786748236,63.635025835537945,54.05088485873487,57.444162687401516,53.9691386364092,45.457803040776,54.0084958237614,2.6339101066859723,55.57876459092353,31.92591235593656,55.14177703071199,27.497539503254615,54.04930813018314,21.72106374320063,53.961910618140834,17.74128593279832,55.57876459092353,50.52523560543855,55.098078274690835,47.236415478759625,54.04930813018314,52.99382241515198,,
55.8317461470082,78.21258186205242,55.35827757117248,63.38357010919107,54.31301678644279,57.23308107636193,,,54.27020317425293,2.6504221579786016,55.84095712705045,32.003369887336305,55.40396956683891,27.506188215383787,54.31150066631007,21.72206703096643,,,55.84095712705045,50.52523560543855,55.36027081081776,47.20486804349173,54.31150066631007,52.91495382698221,,
56.09390164561152,77.95103260687873,55.62044249813396,63.10183379636371,54.57517699922519,56.96143829236138,,,54.531901269940356,2.667849324301171,56.103149663177376,32.06553657000924,55.666162102965835,27.5760003224201,54.57369320243699,21.776588289275992,,,56.103149663177376,50.49368817017063,55.622463346944684,47.118112596505,54.57369320243699,52.828198379995484,,
56.3560430016776,77.71976393818545,55.882607425095436,62.820097483536344,54.83731835529127,56.73016962366813,,,54.79358085601956,2.687106720683616,56.3653421993043,32.12005782831881,55.92835463909276,27.62287615636629,54.83588573856391,21.81581869885875,,,56.3653421993043,50.430593299634836,55.8846558830716,47.03924400833523,54.83588573856391,52.74144293300873,,
56.61819850028091,77.45821468301175,56.14476292369875,62.55854822836264,55.09947385389459,56.46862036849443,,,55.055269696902876,2.7054490020361204,56.62753473543122,32.18986993535515,56.190547175219685,27.69268826340263,55.098078274690835,21.900921654621897,,,56.62753473543122,50.41481958200089,56.14684841919853,46.97614913779944,55.098078274690835,52.6231400507541,,
56.88035871306331,77.18657189901123,56.40690899394391,62.31718603084258,55.36161520996067,56.23735169980118,,,55.31697704739441,2.7219610533287497,56.889727271558144,32.2826183154817,56.4527397113466,27.70133697553183,55.36027081081776,21.90957036675107,,,56.889727271558144,50.33595099383112,56.40904095532545,46.928827984897566,55.36027081081776,52.536384603767374,,
57.14250478330847,76.94520970149115,56.66908806344262,62.00516913153474,55.62376599438491,55.98589597345429,,,55.57868439788594,2.738473104621379,57.15191980768507,32.321848725064484,56.71493224747353,27.78643993129498,55.622463346944684,21.97938247378741,,,57.15191980768507,50.33595099383112,56.67123349145238,46.8499593967278,55.622463346944684,52.43385543914667,,
57.404664996090865,76.67356691749062,56.93124827622503,61.73352634753421,55.8859262071673,55.71425318945374,,,55.84035472916104,2.758645616033764,57.41411234381199,32.37636998337399,56.97712478360045,27.825670340877707,55.8846558830716,22.018612883370196,,,57.41411234381199,50.28074298211229,56.9334260275793,46.771090808558085,55.8846558830716,52.32343941570903,,
57.666811066336024,76.43220471997056,57.19340377482834,61.471977092360504,56.14807227741246,55.47289099193368,,,56.102071334456674,2.774242552296453,57.67630487993891,32.46147293913714,57.23931731972738,27.88019159918727,56.14684841919853,22.09607041476994,,,57.67630487993891,50.2413086880274,57.19561856370622,46.707995938022236,56.14684841919853,52.228797109905315,,
57.92898070747658,76.14037487831638,57.45555927343166,61.210427837186785,56.41022777601578,55.21134173675998,,,56.363769430144096,2.7916697186190227,57.938497416065836,32.55422131926369,57.5015098558543,27.90413116004325,56.40904095532545,22.097073702535738,,,57.938497416065836,50.209761252759506,57.457811099833144,46.629127349852524,56.40904095532545,52.11049422765069,,
58.1911362060799,75.87882562314266,57.71773834293037,60.898410937878964,56.672378560440016,54.95988601041307,,,56.625449016223314,2.8109271150014674,58.20068995219276,32.58580630448304,57.76370239198122,27.95100699398941,56.67123349145238,22.189822082662232,,,58.20068995219276,50.146666382223714,57.72000363596007,46.55025876168273,56.67123349145238,51.99219134539604,,
58.45328699050414,75.62736989679577,57.97989384153369,60.63686168270526,56.93452934486426,54.70843028406618,,,56.88713785710663,2.829269396353972,58.462882488319686,32.65561841151941,58.025894928108144,27.98259197920879,56.9334260275793,22.19082537042803,,,58.462882488319686,50.067797794053945,57.982196172086994,46.487163891146935,56.9334260275793,51.8817753219584,,
58.71544248910746,75.36582064162205,58.242068196853324,60.33493831222425,57.196703700183896,54.40650691358519,,,57.14879893357763,2.8503570227962953,58.72507502444661,32.71778509419235,58.28808746423507,28.06769493497191,57.19561856370622,22.275928326191178,,,58.72507502444661,50.05202407642,58.24438870821391,46.392521585343246,57.19561856370622,51.76347243970375,,
58.97761213024801,75.07399079996789,58.46053268374912,60.11361608997055,57.45884034207089,54.18533177371877,,,57.41049702926505,2.8677841891188613,58.98726756057353,32.78759720122869,58.48473186633026,28.083738249523066,57.457811099833144,22.315158735773934,,,58.98726756057353,50.00470292351815,58.462882488319686,46.32548328539892,57.457811099833144,51.629395839815146,,
59.23976291467225,74.82253507362098,,,57.72101469739053,53.88340840323778,,,57.67215810573605,2.888871815561183,59.24946009670045,32.84976388390163,,,57.72000363596007,22.3773254184469,,,59.24946009670045,49.94949491179929,,,57.72000363596007,51.51897981637748,,
59.501923127454646,74.55089228962045,,,57.98317019599384,53.62185914806405,,,57.933856201423474,2.906298981883749,59.51165263282738,32.93486683966478,,,57.982196172086994,22.385974130576074,,,59.51165263282738,49.86273946481256,,,57.982196172086994,51.408563792939844,,
59.76407391187889,74.29943656327357,,,58.245320980418086,53.37040342171717,,,58.19553578750269,2.9255563782661937,59.7738451689543,32.97409724924756,,,58.24438870821391,22.47107708633922,,,59.7738451689543,49.82330517072771,,,58.24438870821391,51.29026091068522,,
60.02624355301944,74.00760672161938,,,58.50748119320048,53.09876063771664,,,58.4572061187778,2.9457288896785787,60.03603770508122,33.0286185075571,,,58.506581244340836,22.47208037410502,,,60.03603770508122,49.768097159008875,,,58.506581244340836,51.14041059316264,,
60.28841319416,73.7157768799652,,,58.76963197762472,52.84730491136973,,,58.718857940444686,2.967731631150839,60.298230241208145,33.113721463320246,,,58.76877378046776,22.56482875423154,,,60.298230241208145,49.689228570839106,,,58.76877378046776,51.00633399327407,,
60.55055926440516,73.47441468244513,,,59.03181104712343,52.53528801206191,,,58.9805282717198,2.987904142563222,60.56042277733506,33.20646984344677,,,59.030966316594686,22.588768315087492,,,60.56042277733506,49.64190741793723,,,59.030966316594686,50.87225739338547,,
60.812724191366634,73.19267836961778,,,59.2939571173686,52.29392581454185,,,59.24222636740722,3.005331308885788,60.822615313461995,33.245700253029526,,,59.29315885272161,22.643289573397055,,,60.822615313461995,49.55515197095053,,,59.29315885272161,50.74606765231388,,
61.07488911832811,72.91094205679043,,,59.556122044330074,52.0121895017145,,,59.50388744387823,3.0264189353281115,61.08480784958891,33.30786693570249,,,59.55535138884853,22.68251998297984,,,61.08480784958891,49.484170241597724,,,59.55535138884853,50.5725567583404,,
61.337054045289584,72.62920574396307,,,59.81827282875431,51.76073377536761,,,59.76554852034922,3.047506561770435,61.347000385715845,33.38532446710221,,,59.81754392497545,22.752332090016182,,,61.347000385715845,49.41318851224494,,,59.81754392497545,50.430593299634836,,
61.59921897225106,72.3474694311357,,,60.08044246989486,51.468903933713435,,,60.027200342016116,3.069509303242695,61.60919292184276,33.424554876684994,,,60.07973646110238,22.75333537778198,,,61.60919292184276,49.334319924075174,,,60.07973646110238,50.304403558563195,,
61.861379185033464,72.07582664713519,,,60.34260739685634,51.18716762088607,,,60.28886141848712,3.090596929685015,61.87138545796968,33.494366983721335,,,60.3419289972293,22.807856636091515,,,61.87138545796968,49.29488562999032,,,60.3419289972293,50.12300580577278,,
62.12354882617401,71.78399680548101,,,60.60476289545965,50.92561836571237,,,60.550531749762236,3.1107694410974,62.13357799409661,33.564179090757705,,,60.60412153335622,22.8470870456743,,,62.13357799409661,49.2002433241866,,,60.60412153335622,49.996816064701136,,
62.385713753135484,71.50226049265365,,,60.866923108242055,50.65397558171182,,,60.81219282623322,3.1318570675397197,62.39577053022353,33.61870034906721,,,60.86631406948315,22.932190001437448,,,62.39577053022353,49.105601018382885,,,60.86631406948315,49.83119202954467,,
62.64788339427604,71.21043065099948,,,61.1290974635617,50.35205221123083,,,61.07387241231245,3.1511144639221644,62.65796306635046,33.68086703174018,,,61.12850660561007,22.94083871356662,,,62.65796306635046,49.010958712579196,,,61.12850660561007,49.73654972374095,,
62.91004832123753,70.92869433817211,,,61.391262390523174,50.07031589840348,,,61.33552423397935,3.1731172053944245,62.92015560247738,33.765969987503325,,,61.39069914173699,23.01065082060299,,,62.92015560247738,48.947863842043404,,,61.32515100770526,49.62613370030331,,
63.17222267655716,70.62677096769112,,,61.653417889126494,49.80876664322976,,,61.59717605564622,3.1951199468666864,63.1823481386043,33.812845821449514,,,61.65289167786392,23.03459038145894,,,63.1823481386043,48.85322153623969,,,61.98063234802257,49.05827986548104,,
63.43439231769772,70.33494112603694,,,61.91558281608797,49.52703033040241,,,61.858846386921336,3.2152924582790714,63.44454067473123,33.86736707975905,,,61.91508421399084,23.0814662154051,,,63.44454067473123,48.77435294806992,,,,,,
63.69654781630104,70.07339187086323,,,,,,,62.12051671819645,3.235464969691453,63.70673321085815,33.944824611158765,,,,,,,63.70673321085815,48.6797106422662,,,,,,
63.95872217162067,69.77146850038224,,,,,,,62.38214077545103,3.26021305625353,63.96892574698508,33.98405502074155,,,,,,,63.96892574698508,48.59295519527947,,,,,,
64.22089652694031,69.46954512990123,,,,,,,62.64382036153024,3.279470452635975,64.231118283112,34.05386712777789,,,,,,,64.231118283112,48.506199748292715,,,,,,
64.48305673972271,69.1979023459007,,,,,,,62.90546292839303,3.3023883091381716,64.49331081923891,34.12367923481426,,,,,,,64.49331081923891,48.39578372485508,,,,,,
64.74523580922143,68.88588544659288,,,,,,,63.16708698564761,3.327136395700249,64.75550335536585,34.20113676621398,,,,,,,64.75550335536585,48.293254560234374,,,,,,
65.00740545036197,68.5940556049387,,,,,,,63.42875731692272,3.347308907112634,65.01769589149276,34.240367175796735,,,,,,,65.01769589149276,48.21438597206463,,,,,,
65.2695845198607,68.28203870563088,,,,,,,63.69041839339372,3.3683965335549537,65.27988842761968,34.310179282833104,,,,,,,65.27988842761968,48.09608308981001,,,,,,
65.53175887518034,67.98011533514988,,,,,,,63.952042450648285,3.393144620117029,65.54208096374661,34.379991389869446,,,,,,,65.54208096374661,48.01721450164024,,,,,,
65.79392851632089,67.6882854934957,,,,,,,64.2136942723152,3.4151473615892893,65.80427349987353,34.426867223815606,,,,,,,65.80427349987353,47.9067984782026,,,,,,
65.96870670568823,67.49709677533518,,,,,,,64.47531832956979,3.4398954481513666,65.97906852395815,34.47340862850649,,,,,,,65.97906852395815,47.8042693135819,,,,,,
,,,,,,,,64.73696089643256,3.462813304653567,,,,,,,,,,,,,,,,
,,,,,,,,64.99860346329535,3.4857311611557655,,,,,,,,,,,,,,,,
,,,,,,,,65.26021826574583,3.5113943627477795,,,,,,,,,,,,,,,,
,,,,,,,,65.52188859702095,3.5315668741601645,,,,,,,,,,,,,,,,
,,,,,,,,65.7834848898632,3.5590603058120553,,,,,,,,,,,,,,,,
,,,,,,,,65.95791943764114,3.5737288001268936,,,,,,,,,,,,,,,,
