191_1_headxflow,,170_1_headxflow,,154_1_headxflow,,140_1_headxflow,,all_1_npshxflow,,191_1_powerxflow,,170_1_powerxflow,,154_1_powerxflow,,140_1_powerxflow,,191_1_effxflow,,170_1_effxflow,,154_1_effxflow,,140_1_effxflow,
X,Y,X,Y,X,Y,X,Y,X,Y,X,Y,X,Y,X,Y,X,Y,X,Y,X,Y,X,Y,X,Y
8.267501360181654,65.09809896795399,7.617640574919669,50.013834523015795,8.466652245987746,40.017180498030925,9.022178401131056,31.663765039680456,7.625196877266887,2.878059076616573,8.27624134561501,6.091620154949794,7.626380560353025,3.8521247173601267,8.475392231421104,3.318911517934012,9.030918386564412,2.8411524912482164,8.27062207806755,32.704141950721464,7.620040293023277,36.53200908501668,8.468096446417128,37.61437151609326,9.023396697771032,37.04239136958941
8.330391113594104,65.0799931108669,7.680530328332119,49.9678386040956,8.529541999400196,39.961887891833015,9.085068154543507,31.599175746204864,7.688040859388644,2.891850105467608,8.339131099027462,6.108682977331426,7.689270313765475,3.860656128550943,8.538281984833553,3.3317086347202363,9.093808139976861,2.847551049641332,8.33343037833363,32.818537980022256,7.682840359014969,36.67280419800227,8.530904746683207,37.72876754539405,9.086215977069628,37.12158862064379
8.393280867006554,65.024700504669,7.743420081744569,49.9311393724531,8.592431752812647,39.888001911079726,9.147957907955957,31.506696390896153,7.750884841510401,2.904117668034562,8.402020852439911,6.127878652510766,7.752160067177925,3.8777189509325822,8.601171738246002,3.34237289870876,9.156697893389314,2.8560824608321482,8.39623593384158,32.94173370388461,7.745643169764792,36.80479961642624,8.593710302191157,37.85196326925643,9.149038001126353,37.191986177136556
8.456170620419005,64.9787045857488,7.80630983515702,49.91303351536602,8.655321506225096,39.83270930488183,9.210847661368406,31.423513722865152,7.813728823632158,2.919432163169674,8.46491060585236,6.13854291649929,7.815049820590375,3.8862503621233984,8.664061491658455,3.3445057515064676,9.219587646801763,2.8560824608321482,8.459038744591403,33.07372912230858,7.808443235756485,36.94559472941182,8.656521347215367,37.957559603995605,9.21185728042495,37.27118342819094
8.519060373831454,64.9327086668286,7.86919958856947,49.85774090916812,8.718211259637547,39.768120011406225,9.273737414780857,31.340331054834152,7.8765728057539155,2.936270124588855,8.527800359264813,6.15773859167863,7.877939574002825,3.9033131845050306,8.726951245070904,3.3573028682926918,9.282477400214212,2.8646138720229644,8.521844300099355,33.19692484617099,7.871240556990049,37.095189536959,8.719326902723319,38.080755327858014,9.274676559723545,37.35038067924532
8.581950127243905,64.87741606063071,7.93208934198192,49.82104167752563,8.781101013049998,39.69423403065292,9.336627168193308,31.26644507408085,7.939416787875672,2.9500611534398864,8.590690112677262,6.172668561262562,7.940829327415276,3.9118445956958467,8.789840998483353,3.3679671322812155,9.345367153626665,2.87101243041608,8.584647110849174,33.328920264594956,7.934037878223612,37.244784344506144,8.782137947747527,38.18635166259719,9.337495839022143,37.4295779302997
8.644839880656356,64.8407168289882,7.99497909539437,49.802935820438535,8.843990766462447,39.63894142445503,9.399516921605757,31.173965718772138,8.002260769997429,2.965375648574998,8.65357986608971,6.187598530846493,8.003719080827725,3.928907418077486,8.852730751895802,3.3722328378766235,9.408256907039114,2.8816766944046037,8.647452666357125,33.45211598845734,7.996837944215305,37.38557945749173,8.844946248013608,38.300747691897925,9.400320607836996,37.491175792230905
8.707729634068805,64.78542422279031,8.05786884880682,49.74764321424064,8.906880519874898,39.57435213097942,9.462406675018208,31.090783050741138,8.065104752119186,2.9806901437101025,8.71646961950216,6.206794206025833,8.066608834240176,3.9374388292683022,8.915620505308254,3.385029954662855,9.471146660451563,2.8816766944046037,8.710258221865077,33.57531171231969,8.059640754965127,37.5175748759157,8.907754548279687,38.41514372119872,9.463139887135592,37.57037304328529
8.770619387481256,64.73942830387011,8.12075860221927,49.71094398259814,8.969770273287349,39.519059524781525,9.525296428430657,31.007600382710137,8.127948734240944,2.9960046388452106,8.779359372914612,6.2195913228120645,8.129498587652627,3.956634504447642,8.978510258720704,3.393561365853671,9.534036413864015,2.8880752527977123,8.7730610326149,33.70730713074366,8.12243807619869,37.667169683462845,8.970568338062025,38.511940361376276,9.525967400708574,37.623171210654874
8.833509140893707,64.65624563583913,8.183648355631721,49.65565137640024,9.032660026699798,39.435876856750525,9.588186181843108,30.933714401956834,8.1907927163627,3.0113191339803222,8.842249126327062,6.236654145193697,8.192388341065076,3.965165915638458,9.041400012133153,3.3999599242467795,9.596926167276465,2.8966066639885284,8.83586658812285,33.83050285460607,8.18524363170664,37.790365407325254,9.033382127844362,38.60873700155389,9.588794914281557,37.67596937802446
8.896398894306156,64.61024971691893,8.24653810904417,49.61895214475776,9.095549780112249,39.352694188719525,9.651075935255559,30.841235046648123,8.253636698484456,3.0266336291154268,8.90513887973951,6.255849820373037,8.255278094477525,3.9822287380200976,9.104289765545605,3.412757041033011,9.659815920688914,2.907270927977052,8.89867763314706,33.93609918934524,8.248043697698334,37.93116052031081,9.0961959176267,38.70553364173145,9.651614193580153,37.75516662907884
8.959288647718607,64.53636373616561,8.309427862456621,49.56365953855986,9.158439533524698,39.29740158252163,9.713965688668008,30.758052378617123,8.316480680606213,3.041948124250535,8.968028633151963,6.26651408436156,8.318167847889978,3.9907601492109137,9.167179518958054,3.4191555994261194,9.722705674101366,2.907270927977052,8.961483188655011,34.059294913207594,8.310849253206284,38.05435624417322,9.15900696265091,38.81112997647065,9.714444451911266,37.79916510188684
9.022178401131056,64.46247775541232,8.372317615869072,49.517663619639656,9.221329286937149,39.22351560176834,9.776855442080459,30.646979648753017,8.37932466272797,3.060309551953793,9.030918386564412,6.2857097595409,8.381057601302427,4.007822971592553,9.230069272370503,3.425554157819235,9.785595427513815,2.9115366335724673,9.024291488921088,34.17369094250839,8.373649319197977,38.19515135715875,9.221823497191377,38.89912692208665,9.777266475967991,37.869562658379635
9.085068154543507,64.40718514921443,8.435207369281521,49.471667700719465,9.2842190403496,39.14033293373734,9.83974519549291,30.554500293444335,8.442168644849728,3.075624047088901,9.093808139976861,6.300639729124825,8.443947354714876,4.016354382783362,9.292959025782956,3.440484127403167,9.848485180926264,2.9200680447632834,9.08709978918717,34.28808697180915,8.436454874705928,38.31834708102116,9.284637286973714,38.99592356226421,9.84010496857349,37.88716204750284
9.147957907955957,64.34259585573884,8.498097122693972,49.42567178179928,9.347108793762049,39.075743640261734,9.902634948905359,30.462020938135623,8.505012626971485,3.0909385422240128,9.156697893389314,6.315569698708764,8.506837108127328,4.0334172051650015,9.355848779195405,3.444749832998575,9.911374934338713,2.9328651615495076,9.149908089453248,34.40248300110994,8.49925768545575,38.45034249944513,9.347453821514183,39.08392050788021,9.902926992630215,37.957559603995605
9.210847661368406,64.26870987498552,8.560986876106421,49.370379175601386,9.4099985471745,38.99256097223072,9.96552470231781,30.360244895549215,8.567856609093242,3.1062530373591173,9.219587646801763,6.334765373888104,8.569726861539777,4.041948616355818,9.418738532607854,3.453281244189391,9.974264687751166,2.9328651615495076,9.21271638971933,34.516879030410735,8.56206598572183,38.56473852874586,9.410270356054648,39.17191745349615,9.965759995719454,37.992758382242016
9.273737414780857,64.18552720695452,8.623876629518872,49.30578988212578,9.47288830058695,38.90937830419972,10.02841445573026,30.267765540240504,8.630700591215,3.1215675324942254,9.282477400214212,6.34542963787662,8.632616614952227,4.059011438737457,9.481628286020307,3.466078360975615,10.037154441163615,2.934998014347208,9.275527434743537,34.62247536514991,8.624871541229782,38.68793425260827,9.473086890595114,39.25991439911215,10.028592998808696,38.02795716048843
9.336627168193308,64.10234453892352,8.686766382931323,49.250497275927884,9.5357780539994,38.82619563616872,10.09130420914271,30.165989497654095,8.693544573336757,3.1384054939134067,9.345367153626665,6.3624924602582595,8.69550636836468,4.065409997130573,9.544518039432756,3.4703440665710303,10.100044194576064,2.945662278335739,9.338338479767748,34.728071699889085,8.687679841495862,38.802330281909036,9.53590616989371,39.33911165016653,10.091415022865421,38.09835471698119
9.399516921605757,64.00986518361482,8.749656136343772,49.19520466972999,9.59866780741185,38.74301296813772,10.15419396255516,30.064213455067687,8.756388555458512,3.1537199890485184,9.408256907039114,6.377422429842184,8.758396121777128,4.082472819512205,9.607407792845205,3.476742624964146,10.162933947988517,2.9563265423242626,9.401152269550085,34.824868340066644,8.75048539700381,38.925526005771445,9.598722704434177,39.42710859578253,10.154259004987178,38.09835471698119
9.462406675018208,63.94527589013922,8.812545889756223,49.13061537625437,9.661557560824301,38.65983030010672,10.21708371596761,29.97173409975899,8.81923253758027,3.170557950467696,9.471146660451563,6.3902195466284155,8.821285875189577,4.0888713779053205,9.670297546257657,3.48953974175037,10.225823701400966,2.958459395121963,9.463966059332424,34.9216649802442,8.813290952511762,39.0487217296338,9.661541983732773,39.50630584683691,10.217092008076419,38.1335534952276
9.525296428430657,63.85279653483052,8.875435643168673,49.075322770056474,9.72444731423675,38.57664763207572,10.27997346938006,29.869958057172582,8.882076519702027,3.1889193781709544,9.534036413864015,6.409415221807755,8.88417562860203,4.105934200286953,9.733187299670107,3.495938300143486,10.288713454813415,2.958459395121963,9.526777104356631,35.02726131498338,8.876099252777843,39.16311775893459,9.724361263031371,39.58550309789129,10.27992501116566,38.168752273473956
9.588186181843108,63.76961386679951,8.938325396581122,49.02003016385858,9.7873370676492,38.493464964044705,10.342863222792511,29.768182014586174,8.944920501823784,3.204233873306066,9.596926167276465,6.420079485796279,8.947065382014479,4.112332758680068,9.796077053082556,3.500204005738894,10.351603208225868,2.9712565119081873,9.589590894138968,35.12405795516099,8.938910297802051,39.268714093673765,9.787183287088096,39.655900654384084,10.342758014254901,38.20395105172037
9.651075935255559,63.66783782421311,9.001215149993573,48.94614418310529,9.85022682106165,38.410282296013705,10.40575297620496,29.66640597199978,9.007764483945541,3.219548368441174,9.659815920688914,6.439275160975619,9.009955135426928,4.127262728264,9.858966806495008,3.513001122525118,10.414492961638317,2.977655070301303,9.652404683921308,35.22085459533858,9.001721342826261,39.37431042841294,9.850010800661078,39.70869882175367,10.405601996376657,38.20395105172037
9.713965688668008,63.5660617816267,9.064104903406024,48.88155488962968,9.9131165744741,38.30850625342731,10.468642729617411,29.555333242135674,9.070608466067299,3.2379097961444288,9.722705674101366,6.454205130559551,9.07284488883938,4.135794139454816,9.921856559907457,3.521532533715934,10.477382715050766,2.9840536286944186,9.715221218461775,35.30885154095458,9.06453238785047,39.479906763152115,9.912832824717801,39.779096378246436,10.468437744224028,38.23035013540516
9.776855442080459,63.46428573904029,9.126994656818473,48.807668908876394,9.976006327886552,38.22532358539631,10.531532483029862,29.44426051227157,9.133452448189056,3.253224291279537,9.785595427513815,6.467002247345775,9.13573464225183,4.1485912562410405,9.984746313319906,3.5257982393113494,10.540272468463218,2.9840536286944186,9.778032263485983,35.41444787569375,9.12734343287468,39.58550309789129,9.975652104016397,39.85829362930082,10.531273492071398,38.256749219089954
9.83974519549291,63.371806383731595,9.189884410230924,48.73378292812309,10.038896081299,38.132844230087585,10.59442223644231,29.333187782407464,9.196296430310811,3.2700622526987217,9.848485180926264,6.486197922525115,9.198624395664279,4.161388373027272,10.047636066732355,3.536462503299866,10.603162221875667,2.9883193342898267,9.840848798026451,35.502444821309695,9.190151733140757,39.699899127192054,10.038479617589381,39.911091796670405,10.594117474193155,38.256749219089954
9.902634948905359,63.27003034114518,9.252774163643373,48.6691936346475,10.101785834711452,38.04036487477889,10.657311989854762,29.22211505254336,9.259140412432568,3.286900214117903,9.911374934338713,6.4968621865136384,9.261514149076731,4.169919784218088,10.110525820144808,3.5471267672883897,10.666051975288116,2.996850745480643,9.903665332566918,35.59044176692569,9.252962778164967,39.80549546193123,10.101298896887977,39.99028904772479,10.656950477282397,38.291947997336365
9.96552470231781,63.177550985836476,9.315663917055824,48.60460434117189,10.164675588123902,37.94788551947019,10.720201743267213,29.11104232267924,9.321984394554326,3.303738175537081,9.974264687751166,6.516057861692978,9.32440390248918,4.18698260659972,10.173415573557257,3.54925962008609,10.728941728700569,3.0032493038737584,9.966479122349254,35.68723840710325,9.315773823189176,39.911091796670405,10.16412915521909,40.034287520532814,10.719788969887896,38.30954738645954
10.02841445573026,63.06647825597237,9.378553670468275,48.52142167314089,10.227565341536351,37.85540616416148,10.783091496679662,28.99996959281512,9.384828376676083,3.3220996032403427,10.037154441163615,6.5288549784792025,9.38729365590163,4.193381164992836,10.236305326969706,3.559923884074614,10.791831482113018,3.009647862266867,10.02930114640598,35.75763596359607,9.378590357729642,39.9990887422864,10.226951179275815,40.10468507702558,10.782632952009653,38.30954738645954
10.09130420914271,62.936812151552864,9.441443423880724,48.447535692387575,10.290455094948802,37.753630121575085,10.845981250092112,28.888896862951015,9.44767235879784,3.3374140983754508,10.100044194576064,6.541652095265434,9.450183409314079,4.208311134576768,10.299195080382159,3.572721000860845,10.854721235525467,3.009647862266867,10.092117680946446,35.845632909212014,9.44140689227011,40.0870856879024,10.289784182365056,40.13988385527199,10.84547693413141,38.30954738645954
10.15419396255516,62.82573942168875,9.504333177293175,48.364353024356575,10.353344848361253,37.65185407898866,10.908871003504562,28.768527445809212,9.510516340919597,3.354252059794632,10.162933947988517,6.560847770444774,9.513073162726531,4.212576840172176,10.362084833794608,3.572721000860845,10.917610988937916,3.013913567862282,10.154939705003171,35.916030465704836,9.50421793729432,40.19268202264158,10.352606206421779,40.210281411764754,10.908320916253166,38.30954738645954
10.21708371596761,62.71466669182464,9.567222930705626,48.281170356325575,10.416234601773702,37.55007803640227,10.971760756917012,28.657454715945107,9.573360323041355,3.3726134874978904,10.225823701400966,6.56937918163559,9.57596291613898,4.2275068097561075,10.424974587207057,3.5812524120516613,10.980500742350369,3.0224449790530983,10.21775623954364,36.004027411320806,9.567031727076657,40.289478662819135,10.415436464752892,40.254279884572725,10.971164898374923,38.30954738645954
10.27997346938006,62.59429727468284,9.630112684118075,48.197987688294575,10.479124355186153,37.45759868109356,11.034650510329463,28.546381986080988,9.63620430516311,3.387927982633002,10.288713454813415,6.58857485681493,9.63885266955143,4.238171073744631,10.48786434061951,3.591916676040185,11.043390495762818,3.028843537446207,10.280581008358494,36.06562527325198,9.629845516858994,40.386275302996694,10.478261233567746,40.31587774650393,11.03400888049668,38.30954738645954
10.342863222792511,62.47392785754103,9.693002437530525,48.124101707541286,10.542014108598602,37.34652595122945,11.097540263741912,28.41671588166149,9.699048287284867,3.4062894103362567,10.351603208225868,6.599239120803453,9.701742422963882,4.24456963213774,10.550754094031959,3.5983152344332936,11.106280249175267,3.0352420958393225,10.34339754289896,36.15362221886798,9.692662051399461,40.47427224861269,10.541094236656987,40.35107652475034,11.096852862618437,38.30954738645954
10.40575297620496,62.35355844039922,9.755892190942975,48.040919039510285,10.604903862011053,37.24474990864306,11.160430017154363,28.296346464519672,9.761892269406625,3.424650838039515,10.414492961638317,6.616301943185093,9.764632176376331,4.2594996017216715,10.613643847444408,3.6025809400287088,11.16917000258772,3.0352420958393225,10.406222311713814,36.215220080799156,9.755481330698057,40.5534694996671,10.6039244949881,40.39507499755831,11.159713313288968,38.256749219089954
10.468642729617411,62.21459564870201,9.818781944355425,47.948439684201574,10.667793615423504,37.15227055333433,11.223319770566814,28.166680360100173,9.824736251528382,3.4414887994586962,10.477382715050766,6.629099059971317,9.82752192978878,4.263765307317087,10.67653360085686,3.6132452040172254,11.232059756000169,3.0395078014347305,10.469047080528666,36.27681794273036,9.818295120480395,40.65026613984466,10.666760242835469,40.421474081243105,11.222560040168855,38.24794952452834
10.531532483029862,62.084929544282495,9.881671697767876,47.85596032889286,10.730683368835953,37.04119782347023,11.286209523979263,28.037014255680646,9.887580233650139,3.4583267608778776,10.540272468463218,6.644029029555249,9.890411683201233,4.278695276901011,10.73942335426931,3.623909468005749,11.294949509412618,3.0480392126255467,10.53187184934352,36.338415804661565,9.88111439977899,40.72946339089904,10.729587756408453,40.47427224861269,11.285417746081256,38.20395105172037
10.59442223644231,61.94596675258528,9.944561451180325,47.77277766086186,10.793573122248404,36.93012509360612,11.349099277391714,27.907348151261132,9.950424215771896,3.476688188581136,10.603162221875667,6.658958999139173,9.953301436613682,4.289359540889535,10.802313107681758,3.623909468005749,11.35783926282507,3.0544377710186623,10.594696618158375,36.40001366659271,9.943930934319459,40.81746033651504,10.792418014739564,40.51827072142069,11.348261728203012,38.20395105172037
10.657311989854762,61.81630064816577,10.007451204592776,47.68029830555318,10.856462875660855,36.81905236374202,11.411989030804165,27.796275421397027,10.013268197893654,3.495049616284394,10.666051975288116,6.6717561159253975,10.016191190026131,4.295758099282651,10.865202861094211,3.634573731994273,11.42072901623752,3.060836329411778,10.6575186422151,36.470411223085534,10.006750213618055,40.89665758756942,10.855256507345063,40.5358701105439,11.411105710324769,38.20395105172037
10.720201743267213,61.68663454374626,10.070340958005227,47.587818950244454,10.919352629073304,36.70797963387791,11.474878784216614,27.666609316977528,10.07611218001541,3.5103641114194986,10.728941728700569,6.688818938307037,10.079080943438584,4.308555216068875,10.92809261450666,3.6452379959827894,11.483618769649969,3.060836329411778,10.720340666271825,36.5408087795783,10.069566748158522,40.98465453318542,10.918086765676174,40.579868583351896,11.473960671479043,38.168752273473956
10.783091496679662,61.54767175204905,10.133230711417676,47.49533959493574,10.982242382485754,36.59690690401379,11.537768537629065,27.536943212558,10.138956162137166,3.5287255391227568,10.791831482113018,6.699483202295561,10.141970696851033,4.314953774461991,10.99098236791911,3.6495037015782046,11.546508523062421,3.0629691822094784,10.78316817984481,36.59360694694789,10.132386027457116,41.0638517842398,10.980928003039804,40.58866827791351,11.536821122149574,38.11595410610437
10.845981250092112,61.39941227307413,10.196120464830127,47.39356355234935,11.045132135898204,36.48583417414969,11.600658291041514,27.4165737954162,10.201800144258923,3.547086966826015,10.854721235525467,6.716546024677193,10.204860450263482,4.325618038450514,11.053872121331558,3.6537694071736126,11.60939827647487,3.073633446198002,10.84599843817592,36.63760541975586,10.195208051513841,41.134249340732566,11.043758261370915,40.632666750721484,11.59967059378759,38.09835471698119
10.908871003504562,61.26044948137692,10.259010218242578,47.29178750976294,11.108021889310654,36.37476144428558,11.663548044453965,27.286907690996685,10.26464412638068,3.5639249282452,10.917610988937916,6.727210288665717,10.267750203675934,4.340548008034446,11.116761874744011,3.6644336711621293,11.67228802988732,3.080032004591118,10.908825951748902,36.690403587125445,10.258030075570566,41.20464689722533,11.106602243492672,40.632666750721484,11.662525554941862,38.06315593873478
10.971760756917012,61.1028933151243,10.321899971655027,47.19001146717653,11.170911642723105,36.24509533986608,11.726437797866415,27.147944899299475,10.327488108502438,3.5807628896643813,10.980500742350369,6.744273111047356,10.330639957088383,4.344813713629854,11.17965162815646,3.675097935150653,11.735177783299772,3.0864305629842264,10.971656210080015,36.73440205993347,10.320849354869162,41.28384414827974,11.16944073609817,40.65026613984466,11.725386005612394,38.01035777136519
11.034650510329463,60.954633836149384,10.384789725067478,47.097532111867835,11.233801396135554,36.12472592272427,11.789327551278864,27.01827879487996,10.390332090624195,3.5991243173676395,11.043390495762818,6.7549373750358725,10.393529710500832,4.357610830416078,11.242541381568909,3.675097935150653,11.798067536712221,3.0864305629842264,11.03448097889487,36.79599992186462,10.383671378925888,41.354241704772534,11.232273739187413,40.68546491809107,11.788235477250407,37.992758382242016
11.097540263741912,60.81567104445217,10.447679478479927,46.98645938200373,11.296691149548005,36.00435650558245,11.852217304691315,26.888612690460462,10.453176072745952,3.6174857450708977,11.106280249175267,6.772000197417512,10.456419463913285,4.3661422416068945,11.305431134981362,3.683629346341469,11.86095729012467,3.0864305629842264,11.09731398198411,36.83119870011103,10.446490658224484,41.433438955826915,11.295117721309168,40.68546491809107,11.85109592792094,37.93996021487243
11.160430017154363,60.64881819092185,10.510569231892378,46.89398002669502,11.359580902960456,35.893283775718345,11.915107058103766,26.749649898763252,10.51602005486771,3.6358471727741524,11.16917000258772,6.782664461406036,10.519309217325734,4.37040794720231,11.36832088839381,3.6921607575322923,11.923847043537123,3.09709482697275,11.160144240315223,36.87519717291903,10.509312682281209,41.50383651231971,11.357961703430925,40.68546491809107,11.91395637859147,37.88716204750284
11.223319770566814,60.481965337391536,10.573458985304828,46.78290729683091,11.422470656372905,35.76361767129883,11.977996811516215,26.592093732510605,10.578864036989465,3.6542086004774106,11.232059756000169,6.797594430989967,10.582198970738183,4.383205063988534,11.43121064180626,3.7006921687231085,11.986736796949572,3.0992276797704577,11.222974498646334,36.91919564572703,10.572134706337932,41.57423406881247,11.420794706520166,40.72066369633748,11.976816829262,37.834363880133225
11.286209523979263,60.31511248386121,10.636348738717277,46.67183456696681,11.485360409785356,35.652544941434726,12.040886564928666,26.462427628091106,10.641708019111222,3.672570028180669,11.294949509412618,6.810391547776192,10.645088724150632,4.39173647517935,11.494100395218712,3.7006921687231085,12.04962655036202,3.107759090961274,11.285812991251834,36.936795034850206,10.634959475152787,41.63583193074368,11.483633199125666,40.73826308546066,12.039677279932532,37.78156571276364
11.349099277391714,60.1482596303309,10.699238492129728,46.56076183710269,11.548250163197807,35.513582149737516,12.103776318341117,26.332761523671607,10.70455200123298,3.690931455883927,11.35783926282507,6.823188664562416,10.707978477563085,4.396002180774758,11.556990148631161,3.711356432711632,12.11251630377447,3.112024796556682,11.348640504824814,36.98959320221982,10.697784243967641,41.69742979267488,11.546477181247424,40.73826308546066,12.102537730603064,37.72876754539405
11.411989030804165,60.00000015135599,10.76212824554218,46.458985794516295,11.611139916610256,35.383916045318,12.166666071753566,26.193798731974383,10.767395983354737,3.7092928835871817,11.42072901623752,6.840251486944055,10.770868230975534,4.408799297560989,11.61987990204361,3.7198878439024483,12.175406057186922,3.112024796556682,11.411473507914057,37.024791980466205,10.760606268024366,41.767827349167646,11.60932116336918,40.73826308546066,12.165398181273595,37.67596937802446
11.474878784216614,59.82385061054796,10.825017998954628,46.34791306465219,11.674029670022707,35.2635466281762,12.229555825166017,26.036242565721764,10.830239965476494,3.72765431129044,11.483618769649969,6.848782898134871,10.833757984387983,4.4173307087518054,11.682769655456063,3.726286402295564,12.238295810599372,3.112024796556682,11.474312000519555,37.04239136958941,10.82343103683922,41.82942521109885,11.672165145490938,40.73826308546066,12.228264121460384,37.6055718215317
11.537768537629065,59.666294444295346,10.887907752367079,46.236840334788084,11.736919423435156,35.13388052375669,12.292445578578466,25.906576461302265,10.893083947598251,3.746015738993698,11.546508523062421,6.867978573314211,10.896647737800436,4.4215964143472135,11.745659408868512,3.726286402295564,12.30118556401182,3.1184233549497975,11.537150493125054,37.05999075871259,10.886255805654075,41.89102307303,11.735009127612694,40.73826308546066,12.291127316889042,37.54397395960049
11.600658291041514,59.49014490348733,10.95079750577953,46.09787754309086,11.799809176847607,35.00421441933719,12.355335331990917,25.776910356882752,10.955927929720009,3.765900632981026,11.60939827647487,6.876509984505027,10.959537491212885,4.434393531133438,11.808549162280961,3.739083519081788,12.364075317424273,3.124821913342906,11.599983496214296,37.095189536959,10.9490778297108,41.96142062952282,11.79785310973445,40.73826308546066,12.353993257075832,37.47357640310773
11.663548044453965,59.323292049957004,11.013687259191979,46.00539818778216,11.862698930260057,34.87454831491766,12.418225085403368,25.62865087790783,11.018771911841764,3.784262060684288,11.67228802988732,6.893572806886667,11.022427244625334,4.442924942324254,11.871438915693414,3.7476149302726043,12.426965070836722,3.129087618938321,11.662827478336053,37.095189536959,11.01190808804191,42.00541910233079,11.860697091856208,40.73826308546066,12.416859197262621,37.40317884661491
11.726437797866415,59.128549134593584,11.07657701260443,45.885028770640346,11.925588683672506,34.73558552322045,12.481114838815817,25.471094711655226,11.081615893963521,3.801100022103469,11.735177783299772,6.902104218077483,11.085316998037786,4.447190647919669,11.934328669105863,3.7518806358680195,12.489854824249171,3.1376190301291373,11.72567146045781,37.095189536959,11.074732856856764,42.067016964261995,11.92355479776861,40.69426461265269,12.479722392691281,37.34158098468376
11.789327551278864,58.933806219230156,11.139466766016879,45.77395604077624,11.988478437084957,34.60591941880094,12.544004592228267,25.332131919958016,11.144459876085278,3.822508382374874,11.798067536712221,6.921299893256823,11.148206751450235,4.459987764705893,11.997218422518312,3.75401348866572,12.552744577661624,3.1376190301291373,11.78850446354705,37.13038831520541,11.137563115187877,42.111015437069966,11.986401524648496,40.68546491809107,12.542580098603684,37.29758251187573
11.852217304691315,58.739063303866736,11.20235651942933,45.64428993635673,12.051368190497408,34.46695662710373,12.606894345640718,25.17457575370537,11.207303858207036,3.8408698100781287,11.86095729012467,6.929831304447646,11.211096504862684,4.468519175896709,12.060108175930765,3.7646777526542436,12.615634331074073,3.1376190301291373,11.85134295615255,37.147987704328585,11.200387884002732,42.17261329900117,12.049253741044641,40.65906583440628,12.60545427306486,37.20078587169817
11.915107058103766,58.56291376305872,11.26524627284178,45.523920519214926,12.114257943909857,34.32799383540652,12.669784099053167,25.017019587452765,11.270147840328793,3.8607547040654673,11.923847043537123,6.946894126829278,11.273986258275137,4.4727848814921245,12.122997929343214,3.7732091638450598,12.678524084486522,3.139751882926838,11.914186938274307,37.147987704328585,11.263218142333843,42.21661177180914,12.112105957440784,40.632666750721484,12.642113262635885,37.20078587169817
11.977996811516215,58.368170847695296,11.32813602625423,45.3942544147954,12.177147697322308,34.179734356431595,12.732673852465618,24.868760108477844,11.33299182245055,3.8806395980527952,11.986736796949572,6.953292685222387,11.336876011687586,4.483449145480641,12.185887682755663,3.777474869440468,12.741413837898975,3.1504161469153615,11.977030920396064,37.147987704328585,11.326045655906826,42.26940993917876,12.17494993956254,40.632666750721484,12.96700479285025,36.56720786326309
12.040886564928666,58.17342793233187,11.39102577966668,45.2645883103759,12.240037450734759,34.05006825201208,12.795563605878067,24.720500629502936,11.395835804572307,3.89900102575605,12.04962655036202,6.970355507604026,11.399765765100035,4.494113409469165,12.248777436168112,3.777474869440468,12.804303591311424,3.1504161469153615,12.039874902517822,37.147987704328585,11.38887316947981,42.322208106548345,12.237804900716814,40.59746797247507,13.056066704620289,36.46161152852392
12.103776318341117,57.97868501696844,11.453915533079131,45.14421889323408,12.302927204147208,33.91110546031487,12.858453359290518,24.562944463250318,11.458679786694065,3.9173624534593117,12.11251630377447,6.978886918794842,11.462655518512488,4.494113409469165,12.311667189580564,3.7881391334289916,12.867193344723873,3.1632132637015857,12.102718884639579,37.147987704328585,11.451703427810921,42.366206579356316,12.300654372354828,40.579868583351896,13.118940879081464,36.36481488834636
12.166666071753566,57.79323878888272,11.51680528649158,45.01455278881458,12.365816957559659,33.762845981339964,12.921343112702969,24.41468498427541,11.52152376881582,3.9372473474466396,12.175406057186922,6.9959497411764815,11.525545271924937,4.502644820659981,12.374556942993014,3.7966705446198077,12.930083098136326,3.1632132637015857,12.165562866761336,37.147987704328585,11.514530941383903,42.4190047467259,12.36351482302536,40.52707041598231,13.181809564026382,36.28561763729198
12.229555825166017,57.5891991862416,11.579695039904031,44.87558999711737,12.428706710972108,33.62388318964274,12.984232866115418,24.257128818022792,11.584367750937577,3.9571322414339747,12.238295810599372,7.004481152367298,11.588435025337386,4.513309084648505,12.437446696405463,3.8030691030129233,12.992972851548775,3.1632132637015857,12.228423317431867,37.095189536959,11.577366689231273,42.4454038304107,12.426358805147117,40.52707041598231,13.244686483245687,36.1800213025528
12.292445578578466,57.385159583600476,11.642584793316482,44.745923892697846,12.491596464384559,33.466327023390136,13.047122619527869,24.108869339047885,11.647211733059335,3.975493669137233,12.30118556401182,7.02154397474893,11.651324778749835,4.51970764304162,12.500336449817915,3.8030691030129233,13.055862604961224,3.1632132637015857,12.291267299553622,37.095189536959,11.640196947562385,42.489402303218725,12.489219255817648,40.47427224861269,13.30756889198125,36.05682557869039
12.355335331990917,57.17182329368165,11.705474546728931,44.606961101000635,12.55448621779701,33.327364231692926,13.11001237294032,23.951313172795267,11.710055715181092,3.9953785631245644,12.364075317424273,7.030075385939746,11.714214532162288,4.521840495839321,12.563226203230364,3.8116005142037395,13.118752358373673,3.1738775276901166,12.35411128167538,37.095189536959,11.703027205893498,42.533400776026696,12.55207696173005,40.43027377580472,13.370451300716814,35.93362985482801
12.418225085403368,56.97708037831822,11.768364300141382,44.477294996581136,12.617375971209459,33.16980806544029,13.172902126352769,23.79375700654265,11.772899697302849,4.015263457111892,12.426965070836722,7.047138208321385,11.777104285574737,4.5325047598278445,12.626115956642813,3.817999072596855,13.181642111786125,3.176010380487817,12.416955263797137,37.095189536959,11.765865698498997,42.55100016514987,12.614926433368064,40.412674386681516,13.433333709452377,35.81043413096566
12.481114838815817,56.75444740112169,11.831254053553831,44.329035517606215,12.68026572462191,33.021548586465386,13.23579187976522,23.62690415301232,11.835743679424606,4.033624884815147,12.489854824249171,7.0556696195122015,11.839994038987186,4.543169023816368,12.689005710055266,3.828663336585379,13.244531865198574,3.1781432332855175,12.479815714467668,37.04239136958941,11.828698701588237,42.58619894339628,12.677786884038595,40.3598762193119,13.496218862946069,35.67843871254169
12.544004592228267,56.53181442392516,11.894143806966282,44.1993694131867,12.74315547803436,32.873289107490464,13.29868163317767,23.460051299482004,11.898587661546363,4.053509778802486,12.552744577661624,7.072732441893841,11.902883792399638,4.545301876614069,12.751895463467715,3.828663336585379,13.307421618611023,3.1888074972740412,12.542659696589425,37.04239136958941,11.891526215161221,42.63899711076587,12.740647334709127,40.30707805194231,13.55910127168163,35.55524298867928
12.606894345640718,56.31847813400634,11.957033560378733,44.04181324693408,12.80604523144681,32.715732941237846,13.36157138659012,23.29319844595169,11.961431643668119,4.074918139073887,12.615634331074073,7.081263853084657,11.965773545812088,4.551700435007184,12.814785216880164,3.832929042180787,13.370311372023476,3.1888074972740412,12.605520147259956,36.98959320221982,11.954370197282977,42.63899711076587,12.803507785379658,40.254279884572725,13.621989169933451,35.41444787569375
12.669784099053167,56.105141844087505,12.019923313791182,43.91214714251457,12.86893498485926,32.576770149540636,13.42446114000257,23.13564227969907,12.024275625789876,4.093279566777145,12.678524084486522,7.096193822668589,12.028663299224537,4.5602318461980005,12.877674970292617,3.841460453371603,13.433201125435925,3.1888074972740412,12.66837510841423,36.95439442397341,12.017203200372219,42.67419588901228,12.866368236050189,40.20148171720314,13.684874323427145,35.282452457269756
12.732673852465618,55.873212179613276,12.082813067203633,43.75459097626195,12.931824738271711,32.40991729601032,13.48735089341502,22.97808611344645,12.087119607911633,4.1146879270485535,12.741413837898975,7.104725233859405,12.09155305263699,4.570896110186524,12.940564723705066,3.8521247173601267,13.496090878848374,3.1888074972740412,12.731224580052244,36.936795034850206,12.080041692977717,42.69179527813546,12.929231431478849,40.13988385527199,13.747764966437096,35.13285764972258
12.795563605878067,55.641282515139046,12.145702820616084,43.62492487184245,12.99471449168416,32.243064442480005,13.55024064682747,22.80193657263844,12.14996359003339,4.133049354751812,12.804303591311424,7.119655203443337,12.154442806049438,4.570896110186524,13.003454477117515,3.854257570157827,13.558980632260827,3.1888074972740412,12.794085030722774,36.88399686748062,12.142877440825087,42.71819436182025,12.992094626907509,40.078285993340785,13.810652864688917,34.99206253673702
12.858453359290518,55.41864953794252,12.208592574028533,43.47666539286753,13.057604245096611,32.094804963505084,13.613130400239921,22.64438040638582,12.212807572155148,4.1544577150232165,12.867193344723873,7.13031946743186,12.217332559461887,4.57942752137734,13.066344230529968,3.854257570157827,13.621870385673276,3.1973389084648574,12.856939991877047,36.84879808923421,12.205713188672458,42.744593445505046,13.05495782233617,40.01668813140958,13.87353801818261,34.860067118313054
12.921343112702969,55.19601656074599,12.271482327440983,43.31910922661491,13.12049399850906,31.93724879725248,13.67602015365237,22.46823086557781,12.275651554276905,4.172819142726475,12.930083098136326,7.140983731420384,12.28022231287434,4.585826079770456,13.129233983942417,3.860656128550943,13.684760139085725,3.2016046140602725,12.919789463515063,36.83119870011103,12.268557170794216,42.744593445505046,13.117821017764829,39.95509026947843,13.936434150708816,34.692872921642675
12.984232866115418,54.936196834438654,12.334372080853434,43.170849747640005,13.183383751921511,31.770395943722164,13.738909907064821,22.310674699325176,12.338495536398662,4.1942275029978795,12.992972851548775,7.155913701004309,12.343112066286789,4.59649034375898,13.192123737354866,3.8670546869440585,13.747649892498178,3.2016046140602725,12.98266089321811,36.74320175449503,12.331401152915973,42.744593445505046,13.180684213193489,39.89349240754723,13.999327538476894,34.53447841953391
13.047122619527869,54.69497048268672,12.397261834265883,43.00399689410969,13.246273505333962,31.61283977746953,13.801799660477272,22.134525158517178,12.401339518520418,4.215635863269288,13.055862604961224,7.164445112195125,12.406001819699238,4.59649034375898,13.255013490767315,3.8777189509325822,13.810539645910627,3.2101360252510815,13.045515854372383,36.70800297624868,12.394245135037728,42.744593445505046,13.243552898138407,39.81429515649285,14.062220926244974,34.37608391742515
13.11001237294032,54.453744130934794,12.460151587678334,42.86503410241248,13.30916325874641,31.436690236661505,13.864689413889721,21.97696899226453,12.464183500642175,4.235520757256616,13.118752358373673,7.179375081779064,12.46889157311169,4.59862319655668,13.317903244179767,3.8798518037302827,13.873429399323076,3.2144017308464967,13.108384539317301,36.6288057251943,12.457080882885098,42.77099252918984,13.306418838325197,39.74389760000008,14.125114314013054,34.21768941531636
13.172902126352769,54.19392440462745,12.523041341090783,42.69818124888215,13.372053012158862,31.26983738313119,13.927579167302172,21.791522764178822,12.527027482763932,4.255405651243954,13.181642111786125,7.18790649296988,12.53178132652414,4.609287460545204,13.380792997592216,3.8798518037302827,13.936319152735528,3.2144017308464967,13.171239500471573,36.59360694694789,12.519916630732467,42.797391612874634,13.369287523270115,39.66470034894567,14.18801319129739,34.04169552408442
13.23579187976522,53.92480799104242,12.585931094503234,42.53132839535182,13.434942765571313,31.102984529600874,13.990468920714623,21.615373223370796,12.58987146488569,4.276814011515356,13.244531865198574,7.202836462553805,12.594671079936589,4.6156860189383195,13.443682751004665,3.888383214921099,13.999208906147977,3.2144017308464967,13.234105440658363,36.52320939045512,12.582760612854225,42.797391612874634,13.432153463456904,39.59430279245288,14.25090657906547,33.883301021975655
13.29868163317767,53.66498826473508,12.648820847915685,42.39236560365461,13.497832518983762,30.93613167607056,14.053358674127072,21.44852036984048,12.652715447007447,4.298222371786764,13.307421618611023,7.211367873744628,12.657560833349041,4.622084577331428,13.506572504417118,3.892648920516507,14.062098659560426,3.2144017308464967,13.296965891328894,36.470411223085534,12.645604594975982,42.797391612874634,13.49502763791808,39.49750615227529,14.313808201107937,33.6985074361821
13.36157138659012,53.39587185115004,12.711710601328134,42.225512750124295,13.560722272396212,30.769278822540244,14.116248427539523,21.263074141754757,12.715559429129204,4.3181072657740955,13.370311372023476,7.22629784332856,12.72045058676149,4.622084577331428,13.569462257829567,3.905446037302738,14.124988412972879,3.2144017308464967,13.359829086757554,36.40881336115433,12.70844857709774,42.797391612874634,13.557899067621126,39.409509206659294,14.376707078392274,33.5225135449501
13.42446114000257,53.126755437564995,12.774600354740585,42.04936320931627,13.623612025808663,30.60242596900993,14.179138180951972,21.086924600946745,12.778403411250961,4.339515626045504,13.433201125435925,7.234829254519376,12.78334034017394,4.628483135724544,13.632352011242016,3.905446037302738,14.187878166385328,3.227198847632721,13.422700516460601,36.32081641553833,12.771303538252013,42.76219283462822,13.620770497324173,39.32151226104335,14.439608700434741,33.337719959156516
13.48735089341502,52.857639023979964,12.837490108153036,41.891807043063665,13.686501779221112,30.435573115479613,14.242027934364422,20.910775060138732,12.841247393372718,4.359400520032832,13.496090878848374,7.2497592241033075,12.846230093586389,4.634881694117659,13.695241764654469,3.905446037302738,14.250767919797777,3.227198847632721,13.48556920140552,36.24161916448395,12.834153009890029,42.744593445505046,13.683641927027221,39.233515315427354,14.502507577719076,33.161726067924576
13.55024064682747,52.55133586128412,12.900379861565485,41.72495418953335,13.749391532633563,30.259423574671587,14.304917687776873,20.725328832052995,12.904091375494474,4.38080888030424,13.558980632260827,7.258290635294124,12.909119846998841,4.647678810903884,13.758131518066918,3.916110301291262,14.313657673210226,3.227198847632721,13.548437886350438,36.16242191342957,12.896996992011784,42.744593445505046,13.746513356730267,39.145518369811356,14.5654146892778,32.95933309300784
13.613130400239921,52.27292276042138,12.963269614977936,41.558101336003034,13.812281286046012,30.073977346585878,14.367807441189322,20.55847597852268,12.966935357616231,4.400693774291572,13.621870385673276,7.268954899282647,12.97200960041129,4.647678810903884,13.821021271479367,3.9182431540889624,14.376547426622679,3.239995964418952,13.611309316053486,36.0744249678136,12.959840974133542,42.744593445505046,13.809390275949573,39.03992203507218,,
13.67602015365237,51.96661959772553,13.026159368390385,41.391248482472704,13.875171039458463,29.907124493055534,14.430697194601773,20.37302975043697,13.029779339737988,4.42210213456298,13.684760139085725,7.283884868866579,13.03489935382374,4.647678810903884,13.88391102489182,3.9310402708751866,14.439437180035128,3.239995964418952,13.674178000998403,35.99522771675922,13.022693190529685,42.71819436182025,13.872267195168877,38.934325700333005,,
13.738909907064821,51.660316435029685,13.089049121802836,41.21509894166469,13.938060792870914,29.721678264969825,14.493586948014224,20.20617689690664,13.092623321859746,4.445033961118458,13.747649892498178,7.290283427259695,13.097789107236192,4.660475927690108,13.946800778304269,3.9310402708751866,14.502326933447577,3.239995964418952,13.737049430701449,35.90723077114322,13.08554540692583,42.69179527813546,13.935144114388184,38.82872936559383,,
13.801799660477272,51.38190333416695,13.151938875215286,41.03894940085668,14.000950546283363,29.545528724161798,14.556476701426673,20.020730668820917,13.155467303981503,4.46491885510579,13.810539645910627,7.3052133968436195,13.160678860648641,4.660475927690108,14.009690531716718,3.9310402708751866,14.56521668686003,3.239995964418952,13.799923605162626,35.81043413096566,13.148403112838231,42.64779680532749,13.998021033607488,38.723133030854655,,
13.864689413889721,51.0756001714711,13.214828628627735,40.88139323460403,14.063840299695814,29.36008249607609,14.59316239091727,19.900158119400643,13.21831128610326,4.484803749093125,13.873429399323076,7.311611955236735,13.22356861406109,4.6711401916786315,14.07258028512917,3.9353059764706018,14.601902376350626,3.239995964418952,13.86280052438193,35.704837796226485,13.211249839718118,42.63899711076587,14.060900697584922,38.60873700155389,,
13.927579167302172,50.76929700877526,13.277718382040186,40.68665031924061,14.126730053108265,29.183932955268062,,,13.281155268225017,4.506212109364526,13.936319152735528,7.326541924820667,13.286458367473543,4.673273044476339,14.13547003854162,3.943837387661418,,,13.925677443601236,35.59924146148731,13.274104800872392,42.60379833251946,14.123780361562355,38.4943409722531,,
13.990468920714623,50.49088390791252,13.340608135452637,40.5105007784326,14.189619806520714,28.99848672718234,,,13.343999250346773,4.527620469635938,13.999208906147977,7.335073336011483,13.349348120885992,4.673273044476339,14.198359791954068,3.948103093256826,,,13.988554362820542,35.493645126748135,13.336959762026662,42.568599554273106,14.18666002553979,38.37994494295231,,
14.053358674127072,50.156690683383566,13.403497888865086,40.33435123762459,14.252509559933165,28.80374381181892,,,13.40684323246853,4.547505363623266,14.062098659560426,7.345737600000007,13.412237874298441,4.673273044476339,14.261249545366521,3.956634504447642,,,14.051431282039847,35.38804879200896,13.399814723180937,42.533400776026696,14.249542434275353,38.256749219089954,,
14.116248427539523,49.84109083341002,13.466387642277537,40.13960832226117,14.315399313345615,28.627594271010906,,,13.469687214590287,4.5704371901787475,14.124988412972879,7.3606675695839385,13.475127627710894,4.681804455667155,14.32413929877897,3.956634504447642,,,14.114310946017278,35.27365276270817,13.46266693957708,42.5070016923419,14.312424843010916,38.1335534952276,,
14.179138180951972,49.54408435799188,13.529277395689988,39.954162094175445,14.378289066758065,28.432851355647472,,,13.532531196712045,4.591845550450152,14.187878166385328,7.367066127977054,13.538017381123343,4.686070161262563,14.38702905219142,3.956634504447642,,,14.177187865236585,35.16805642796896,13.52553013500574,42.4454038304107,14.375309996504608,38.00155807680363,,
14.242027934364422,49.20989113346293,13.592167149102437,39.76871586608972,14.441178820170515,28.247405127561763,,,13.595375178833802,4.613253910721564,14.250767919797777,7.381996097560979,13.600907134535792,4.692468719655679,14.449918805603868,3.965165915638458,,,14.240070273972147,35.04486070410661,13.588387840918143,42.40140535760273,14.438192405240173,37.878362352941224,,
14.304917687776873,48.87569790893399,13.655056902514888,39.564676263448604,14.504068573582964,28.06195889947601,,,13.658219160955559,4.6346622709929655,14.313657673210226,7.3883946559540945,13.663796887948244,4.6988672780487875,14.512808559016321,3.9694316212338663,,,14.302952682707712,34.9216649802442,13.651253781104932,42.33100780110993,14.501080303491992,37.737567239955666,,
14.367807441189322,48.59728480807125,13.717946655927337,39.379230035362866,14.566958326995415,27.86721598411259,,,13.721063143077316,4.656070631264374,14.376547426622679,7.403324625538033,13.726686641360693,4.6988672780487875,14.57569831242877,3.9779630324246824,,,14.36584332571766,34.772070172697056,13.714111487017334,42.287009328301934,14.563965456985684,37.6055718215317,,
14.430697194601773,48.26309158354229,13.780836409339788,39.16589374544405,14.629848080407866,27.663176381471473,,,13.783907125199072,4.680525924103929,14.439437180035128,7.411856036728842,13.789576394773142,4.6988672780487875,14.638588065841219,3.9822287380200976,,,14.428725734453225,34.648874448834704,13.77698017196225,42.20781207724755,14.626856099995635,37.455977013984494,,
14.493586948014224,47.91960167173562,13.843726162752239,38.97115083008062,14.692737833820315,27.468433466108053,,,13.846751107320829,4.701934284375337,14.502326933447577,7.418254595121958,13.852466148185592,4.705265836441903,14.701477819253672,3.9822287380200976,,,14.491610887946917,34.516879030410735,13.83984611214904,42.13741452075476,14.689743998247456,37.315181900998965,,
14.556476701426673,47.56681507265128,13.906615916164688,38.74851785288409,14.755627587232766,27.28298723802233,,,13.909595089442586,4.7233426446467455,14.56521668686003,7.43318456470589,13.915355901598044,4.711664394835019,14.76436757266612,3.9822287380200976,,,14.554496041440608,34.38488361198674,13.90270656281957,42.08461635338517,14.752634641257407,37.16558709345176,,
14.619366454839124,47.20473178628923,13.969505669577138,38.56307162479837,14.818517340645217,27.0696509481035,,,13.972439071564343,4.74475100491815,14.628106440272479,7.437450270301298,13.978245655010493,4.713797247632719,14.82725732607857,3.9907601492109137,,,14.617383939692429,34.24408849900115,13.965577992522618,41.996619407769174,14.815525284267357,37.015992285904616,,
14.682256208251575,46.87053856176027,14.03239542298959,38.34043864760184,14.881407094057666,26.88420472001779,,,14.0352830536861,4.766159365189559,14.690996193684928,7.45238023988523,14.041135408422942,4.724461511621243,14.890147079491022,3.9950258548063218,,,14.680277327460509,34.08569399689239,14.028446677467537,41.91742215671479,14.878418672035437,36.857597783795825,,
14.745145961664024,46.536345337231324,14.095285176402038,38.11780567040532,14.944296847470117,26.68016511737666,,,14.098127035807858,4.792138124313187,14.75388594709738,7.463044503873753,14.104025161835395,4.724461511621243,14.953036832903472,3.999291560401737,,,14.743170715228588,33.927299494783625,14.091318107170585,41.82942521109885,14.941312059803513,36.69920328168706,,
14.808035715076475,46.20215211270238,14.15817492981449,37.89517269320879,15.007186600882566,26.47612551473553,,,14.160971017929615,4.813546484584592,14.81677570050983,7.469443062266869,14.166914915247844,4.724461511621243,15.01592658631592,4.007822971592553,,,14.806064102996668,33.76890499267486,14.154186792115503,41.75022796004447,15.004205447571593,36.5408087795783,,
14.870925468488924,45.84006882634033,14.22106468322694,37.67253971601225,15.070076354295017,26.281382599372108,,,14.223815000051372,4.834954844856,14.879665453922279,7.484373031850794,14.229804668660293,4.724461511621243,15.078816339728373,4.007822971592553,,,14.868957490764746,33.6105104905661,14.217060966576678,41.653431319866854,15.067098835339673,36.382414277469536,,
14.933815221901375,45.47798553997826,14.28395443663939,37.43131336426032,15.132966107707468,26.05874962217557,,,14.286658982173128,4.856363205127408,14.942555207334731,7.488638737446209,14.292694422072746,4.724461511621243,15.141706093140822,4.007822971592553,,,14.931850878532826,33.45211598845734,14.279935141037853,41.556634679689296,15.129997712624009,36.206420386237596,,
14.996704975313826,45.125198940893924,14.34684419005184,37.1993836997861,15.195855861119917,25.864006706812148,,,14.349502964294885,4.88081849796696,15.00544496074718,7.503568707030134,14.355584175485195,4.724461511621243,15.204595846553271,4.007822971592553,,,14.994744266300904,33.293721486348545,14.34281206025716,41.45103834495012,15.192893845150218,36.03922618956719,,
15.059594728726275,44.75381896725416,14.409733943464289,36.948860660756466,15.258745614532367,25.65067041689332,,,14.412346946416642,4.903750324522445,15.06833471415963,7.514232971018657,14.418473928897644,4.735125775609767,15.267485599965724,4.020620088378777,,,15.057640398827113,33.126527289678165,14.405688979476464,41.34544201021092,15.255795467192685,35.85443260377363,,
15.122484482138725,44.401032368169794,14.47262369687674,36.70763430900452,15.321635367944818,25.446630814252202,,,14.4751909285384,4.92515868479385,15.131224467572082,7.5184986766140725,14.481363682310096,4.737258628407467,15.330375353378173,4.020620088378777,,,15.12053927611145,32.950533398446225,14.468568643453898,41.231045980910125,15.318694344477022,35.67843871254169,,
15.185374235551176,44.02965239453003,14.53551345028919,36.466407957252585,15.384525121357267,25.242591211611085,,,14.538034910660157,4.946567045065255,15.194114220984531,7.533428646197997,14.544253435722545,4.737258628407467,15.393265106790622,4.029151499569593,,,15.183440898153917,32.76573981265267,14.531451052189462,41.10785025704777,15.381595966519487,35.493645126748135,,
15.248263988963625,43.66756910816798,14.59840320370164,36.20658823094524,15.447414874769718,25.01995823441456,,,14.600878892781914,4.971022337904813,15.25700397439698,7.539827204591113,14.607143189134995,4.743657186800583,15.456154860203075,4.0334172051650015,,,15.246345264954511,32.572146532297495,14.594330716166896,40.99345422774698,15.444494843803824,35.31765123551614,,
15.311153742376076,43.31478250908363,14.66129295711409,35.95606519191561,15.510304628182169,24.815918631773428,,,14.663722874903671,4.995477630744368,15.31989372780943,7.548358615781929,14.670032942547447,4.750055745193698,15.519044613615524,4.0334172051650015,,,15.309244142238848,32.39615264106553,14.657213124902459,40.87025850388463,15.507404700120677,35.10645856603779,,
15.374043495788527,42.906215786333064,14.724182710526541,35.696245465608285,15.573194381594618,24.6025823418546,,,14.726566857025427,5.016885991015773,15.382783481221882,7.563288585365861,14.732922695959896,4.750055745193698,15.581934367027973,4.0334172051650015,,,15.372145764281315,32.21135905527197,14.720101023154278,40.72946339089904,15.570306322163145,34.9216649802442,,
15.436933249200976,42.525539125415605,14.78707246393899,35.436425739300944,15.636084135007069,24.38924605193577,,,14.789410839147184,5.038294351287178,15.44567323463433,7.567554290961269,14.795812449372345,4.750055745193698,15.644824120440422,4.0334172051650015,,,15.43505013108191,32.017765774916796,14.782986176647972,40.59746797247507,15.633213433721869,34.71927200532747,,
15.499823002613427,42.12626908994274,14.849962217351441,35.16730932571592,15.698973888419518,24.166613074739246,,,14.852254821268941,5.064273110410809,15.50856298804678,7.580351407747493,14.858702202784798,4.750055745193698,15.707713873852875,4.035550057962709,,,15.497951753124376,31.83297218912324,14.845871330141664,40.465472554051104,15.696120545280593,34.516879030410735,,
15.562712756025876,41.73629574174758,14.912851970763892,34.89819291213087,15.761863641831969,23.943980097542706,,,14.915098803390698,5.087204936966291,15.571452741459233,7.591015671736017,14.921591956197247,4.750055745193698,15.770603627265324,4.046214321951233,,,15.560867098957486,31.604180130521684,14.908761973151615,40.31587774650393,15.759033146355575,34.29688666637074,,
15.625602509438327,41.33702570627473,14.975741724176341,34.62907649854584,15.82475339524442,23.721347120346167,,,14.977942785512456,5.110136763521773,15.634342494871682,7.597414230129132,14.984481709609696,4.750055745193698,15.833493380677773,4.046214321951233,,,15.623776955274339,31.392987461043333,14.971655360919694,40.157483244395166,15.82193751315617,34.103293386015565,,
15.688492262850778,40.947052358079574,15.038631477588792,34.341366710405396,15.887643148656869,23.49871414314964,,,15.040786767634213,5.133068590077254,15.69723224828413,7.6102113469153565,15.047371463022145,4.750055745193698,15.896383134090225,4.059011438737457,,,15.686686811591192,31.181794791564982,15.03455423820403,39.98148935316323,15.884847369473022,33.892100716537215,,
15.751382016263227,40.557079009884404,15.101521231001241,34.07225029682034,15.95053290206932,23.285377853230827,,,15.10363074975597,5.157523882916809,15.760122001696583,7.616609905308472,15.110261216434598,4.750055745193698,15.959272887502674,4.059011438737457,,,15.749602157424304,30.953002732963455,15.09745037073024,39.81429515649285,15.947762715306133,33.66330865793569,,
15.814271769675678,40.15780897441154,15.164410984413692,33.7659471341245,15.992459404344286,23.146252555710845,,,15.166474731877726,5.181979175756364,15.823011755109032,7.625141316499288,15.173150969847047,4.750055745193698,16.001199389777643,4.059011438737457,,,15.812517503257416,30.72421067436187,15.160349248014574,39.63830126526088,15.98969987475924,33.53131323951172,,
15.877161523088128,39.75853893893867,15.227300737826143,33.48753403326177,,,,,15.229318713999483,5.203387536027773,15.885901508521481,7.6379384332855125,15.236040723259496,4.758587156384515,,,,,15.875430104332398,30.50421831032193,15.223248125298912,39.46230737402888,,,,
15.940051276500578,39.33137884163271,15.290190491238592,33.19982424512132,,,,,15.29216269612124,5.2278428288673275,15.948791261933934,7.642204138880928,15.298930476671948,4.762852861979923,,,,,15.938345450165508,30.275426251720347,15.286152492099507,39.268714093673765,,,,
16.00294102991303,38.91351543160444,15.353080244651043,32.89352108242548,,,,,15.355006678242997,5.2522981217068825,16.011681015346383,7.652868402869451,15.361820230084398,4.762852861979923,,,,,16.00125805124049,30.055433887680437,15.349056858900102,39.07512081331859,,,,
16.06583078332548,38.504948708853874,15.415969998063494,32.596514607007336,,,,,15.417850660364754,5.275229948262361,16.074570768758832,7.6656655196556756,15.424709983496847,4.762852861979923,,,,,16.06417614183173,29.817842134517264,15.411963970458828,38.87272783840186,,,,
16.12872053673793,38.08708529882561,15.478859751475943,32.290211444311495,,,,,15.480694642486512,5.298161774817846,16.137460522171285,7.667798372453376,15.4875997369093,4.762852861979923,,,,,16.12709972193923,29.562650992230886,15.474873826775681,38.66153516892348,,,,
16.19161029015038,37.65992520151964,15.541749504888394,31.983908281615655,,,,,15.543538624608269,5.322617067657397,16.200350275583734,7.678462636441907,15.550489490321748,4.762852861979923,,,,,16.19002330204673,29.307459849944564,15.537786427850664,38.44154280488351,,,,
16.254500043562828,37.24206179149138,15.604639258300844,31.668308431642103,,,,,15.606382606730026,5.347072360496956,16.263240028996183,7.691259753228131,15.613379243734197,4.762852861979923,,,,,16.252946882154227,29.052268707658214,15.600701773683774,38.21275074628198,,,,
16.317389796975277,36.83349506874082,15.667529011713293,31.37130195622396,,,,,15.669226588851782,5.3684807207683605,16.326129782408632,7.6933926060258315,15.67626899714665,4.762852861979923,,,,,16.315870462261724,28.797077565371836,15.663614374758755,37.992758382242016,,,,
16.380279550387726,36.38774159687942,15.730418765125744,31.037108731695014,,,,,15.732070570973539,5.394459479891992,16.389019535821085,7.704056870014355,15.739158750559099,4.762852861979923,,,,,16.378794042369222,28.541886423085515,15.726537954866254,37.737567239955666,,,,
16.443169303800182,35.94198812501806,15.793308518538193,30.702915507166054,,,,,15.794914553095296,5.418914772731547,16.451909289233534,7.7168539868005865,15.802048503971548,4.762852861979923,,,,,16.44171762247672,28.286695280799194,15.789453300699366,37.50877518135408,,,,
16.50605905721263,35.49623465315669,15.856198271950644,30.36872228263711,,,,,15.857758535217053,5.441846599287029,16.514799042645983,7.718986839598287,15.864938257384,4.762852861979923,,,,,16.50464669210048,28.01390474938961,15.852379625564993,37.244784344506144,,,,
16.56894881062508,35.05977786857302,15.919088025363095,30.034529058108163,,,,,15.92060251733881,5.466301892126587,16.577688796058435,7.729651103586811,15.92782801079645,4.762852861979923,,,,,16.56758125124049,27.723514828856878,15.91530595043062,36.980793507658205,,,,
16.63183856403753,34.62332108398935,15.981977778775544,29.700335833579203,,,,,15.983446499460568,5.492280651250212,16.640578549470884,7.742448220373035,15.990717764208899,4.762852861979923,,,,,16.630513065622374,27.441924602885763,15.978235020054376,36.70800297624868,,,,
16.69472831744998,34.17756761212799,16.044867532187993,29.366142609050257,,,,,16.046290481582325,5.5167359440897705,16.703468302883334,7.7445810731707425,16.053607517621348,4.762852861979923,,,,,16.693447624762392,27.151534682353002,16.041164089678134,36.435212444839124,,,,
16.757618070862428,33.73181414026662,16.107757285600446,29.03194938452131,,,,,16.10913446370408,5.541191236929329,16.766358056295783,7.755245337159266,16.1164972710338,4.762852861979923,,,,,16.756376694386145,26.878744150943447,16.104095904060017,36.15362221886798,,,,
16.820507824274884,33.276763981127544,16.170647039012895,28.697756159992366,,,,,16.171978445825836,5.56564652976888,16.829247809708235,7.76804245394549,16.17938702444625,4.762852861979923,,,,,16.81930850876803,26.597153924972332,16.16703320795816,35.85443260377363,,,,
16.883397577687333,32.81241713471077,16.233536792425348,28.363562935463406,,,,,16.234822427947595,5.590101822608439,16.892137563120684,7.770175306743191,16.2422767778587,4.762852861979923,,,,,16.882245812666174,26.297964309877955,16.229967767098174,35.5640426832409,,,,
16.946287331099782,32.3387736010163,16.296426545837797,27.992182961823644,,,,,16.29766641006935,5.616080581732067,16.955027316533133,7.780839570731715,16.305166531271148,4.762852861979923,,,,,16.945188606080578,25.98117530566043,16.292910560512574,35.24725367902337,,,,
17.00917708451223,31.8651300673218,16.359316299250246,27.639396362739305,,,,,16.36051039219111,5.640535874571626,17.017917069945586,7.791503834720238,16.3680562846836,4.762852861979923,,,,,17.008131399494978,25.664386301442903,16.355853353926978,34.93046467480582,,,,
17.07206683792468,31.39148653362733,16.422206052662695,27.27731307637724,,,,,16.423354374312865,5.663467701127104,17.080806823358035,7.795769540315646,16.43094603809605,4.762852861979923,,,,,17.07107419290938,25.34759729722535,16.41879614734138,34.61367567058829,,,,
17.13495659133713,30.92713968721054,16.485095806075144,26.915229790015175,,,,,16.486198356434624,5.6894464602507355,17.143696576770484,7.8043009515064625,16.4938357915085,4.762852861979923,,,,,17.134011496807524,25.048407682131,16.48174717503017,34.270487582685945,,,,
17.19784634474958,30.444199466238373,16.5479855594876,26.53455312909773,,,,,16.54904233855638,5.713901753090294,17.206586330182937,7.817098068292687,16.55672554492095,4.762852861979923,,,,,17.196948800705663,24.749218067036708,16.544695457960824,33.93609918934524,,,,
17.260736098162035,29.998445994377008,16.61087531290005,26.172469842735666,,,,,16.61188632067814,5.738357045929845,17.269476083595386,7.821363773888102,16.6196152983334,4.762852861979923,,,,,17.259894338878198,24.423629368257536,16.607646485649617,33.59291110144292,,,,
17.29742178765263,29.73842313579121,16.647561002390646,25.940337045982986,,,,,16.674730302799894,5.767382737621624,17.306161773085982,7.821363773888102,16.656300987823997,4.762852861979923,,,,,17.296602734095543,24.265234866148774,16.644365859899477,33.39931782108772,,,,
,,,,,,,,16.737574284921653,5.790314564177105,,,,,,,,,,,,,,,,
,,,,,,,,16.80041826704341,5.816293323300737,,,,,,,,,,,,,,,,
,,,,,,,,16.863262249165164,5.842272082424369,,,,,,,,,,,,,,,,
,,,,,,,,16.926106231286923,5.866727375263924,,,,,,,,,,,,,,,,
,,,,,,,,16.98895021340868,5.894229600671629,,,,,,,,,,,,,,,,
,,,,,,,,17.051794195530437,5.91868489351118,,,,,,,,,,,,,,,,
,,,,,,,,17.114638177652193,5.946187118918889,,,,,,,,,,,,,,,,
,,,,,,,,17.17748215977395,5.972165878042521,,,,,,,,,,,,,,,,
,,,,,,,,17.240326141895707,5.995097704597999,,,,,,,,,,,,,,,,
,,,,,,,,17.287459128487026,6.00886877537544,,,,,,,,,,,,,,,,
