159_headxflow,,158_headxflow,,142_headxflow,,132_headxflow,,119_headxflow,,159_npshxflow,,158_npshxflow,,142_npshxflow,,132_npshxflow,,119_npshxflow,,159_powerxflow,,158_powerxflow,,142_powerxflow,,132_powerxflow,,119_powerxflow,,159_effxflow,,158_effxflow,,142_effxflow,,132_effxflow,,119_effxflow,
X,Y,X,Y,X,Y,X,Y,X,Y,X,Y,X,Y,X,Y,X,Y,X,Y,X,Y,X,Y,X,Y,X,Y,X,Y,X,Y,X,Y,X,Y,X,Y,X,Y
1.0958359350082088,45.89457059540139,1.0742469361436502,43.06015456503973,1.0918781146223644,34.74071314438588,1.0697650951310607,30.429511711381537,1.088408512211748,24.962742714466017,1.0628220865497102,0.654796105170206,1.0628220865497102,0.570702152103479,1.0628220865497102,0.570702152103479,1.0581478473843209,0.5368309765627046,1.0581478473843209,0.5368309765627046,1.0860769475669159,1.764039779648531,1.0874207230252608,1.536636323675019,1.0897951059325894,1.1348259798574034,1.0923004500074693,0.7108534348220346,1.0937694926695585,0.46225135159674835,1.09644213871284,8.278724564491768,1.014175529401978,8.742783028831695,1.09644213871284,10.579681116843744,1.0758754863851259,14.543513833080567,1.0758754863851259,17.63723692868001
1.2193257896622516,45.867585456407,1.1977237716516864,42.9964791054828,1.215341930984394,34.640347364266376,1.193241930639097,30.365836251824604,1.211865819000776,24.844031774065243,1.181547761350613,0.6575992369390988,1.181547761350613,0.5805131132945931,1.181547761350613,0.5907912631138572,1.181547761350613,0.5496786638367936,1.181547761350613,0.5496786638367936,1.20939112172527,1.7785492935102916,1.2107576730388416,1.5472915416728164,1.2131434438737827,1.1435540499232246,1.2156374000210501,0.7215086528198356,1.2171178306107517,0.47097942166256956,1.2198420526791338,9.168169954476639,1.1375754433682719,9.612892649469018,1.2198420526791338,11.52713381487115,1.1992754003514179,15.626316916540304,1.1992754003514179,18.797383089529774
1.342792860810782,45.77639225642814,1.321210371519225,42.960321386347765,1.3388057473464254,34.53998158414689,1.3167122565741298,30.283815631986386,1.3353231257898024,24.725320833664483,1.3049476753169067,0.6247091575174437,1.3049476753169067,0.6005555054421663,1.3049476753169067,0.6049237191153551,1.309621914482296,0.5998547224999484,1.309621914482296,0.5998547224999484,1.3326939079560116,1.794985955304032,1.3340889290886135,1.5589103336366072,1.3365031697425902,1.1503549720570696,1.3389857379622434,0.7302367228856603,1.340466168551945,0.47970749172839433,1.3432419666454276,10.057615344461396,1.2609753573345657,10.502338039453889,1.3432419666454276,12.532593820940974,1.3226753143177117,16.786463077390067,1.3226753143177117,20.112215405159475
1.466279460678324,45.74023453729311,1.444677442667757,42.869128186368904,1.462269563708455,34.4396158040274,1.440189092082166,30.22014017242944,1.458777177792328,24.597437313123066,1.4283475892832005,0.6113475627523925,1.4283475892832005,0.6036389503879462,1.5517475032494925,0.607493256570173,1.4283475892832005,0.6036389503879462,1.4283475892832005,0.6036389503879462,1.4559966941867515,1.8114226170977723,1.4574201851383872,1.5705291256004017,1.4598515076837835,1.1590830421228944,1.4623283819396296,0.7399283669174714,1.463803118565524,0.4903627097261989,1.4666418806117196,10.947060734446268,1.3843752713008577,11.411119198786196,1.4666418806117196,13.499382288315815,1.4460752282840055,17.96594500758738,1.4460752282840055,21.40771195144174
1.589749786613357,45.658213917454894,1.5681705521083007,42.85131562751515,1.5857431444299905,34.36676776432981,1.5636626728036997,30.147292132731863,1.582234484581356,24.478726372722306,1.5517475032494925,0.6113475627523925,1.5517475032494925,0.607493256570173,1.6751474172157863,0.607493256570173,1.5517475032494925,0.607493256570173,1.5517475032494925,0.607493256570173,1.5793108683451056,1.8259321309595329,1.5807628291157751,1.5802207696322164,1.583205539588782,1.1668475382227328,1.5856710259170157,0.7496200109492861,1.587145762542912,0.50005435375801,1.5900417945780134,11.83650612443114,1.5077751852671515,12.319900358118502,1.5900417945780134,14.466170755690541,1.5694751422502975,19.203434245827168,1.5694751422502975,22.664536959028965
1.7132331316943965,45.612883618179225,1.6916311136838296,42.74177726725502,1.709210215578521,34.27557456435096,1.6871362535252352,30.074444093034273,1.7056917913703824,24.360015432321532,1.6751474172157863,0.607493256570173,1.6751474172157863,0.607493256570173,1.79854733118208,0.5882217256590465,1.6751474172157863,0.607493256570173,1.6751474172157863,0.607493256570173,1.7026136545758455,1.8423687927532733,1.704094085165547,1.5918395615960108,1.7065595714937825,1.1746120343225641,1.709019363858209,0.7583480810151109,1.7104941004841052,0.5087824238238348,1.7134417085443072,12.687279975720912,1.6311750992334453,13.267353056145794,1.7134417085443072,15.471630761760366,1.6928750562165913,20.32490886798189,1.6928750562165913,24.018040813353764
1.8367099672024327,45.54920815862228,1.8151242231243732,42.72396470840127,1.832677286727053,34.1843813643721,1.8106130890332715,30.010768633477326,1.829145843372908,24.232131911780144,1.79854733118208,0.5882217256590465,1.79854733118208,0.5882217256590465,1.9219472451483721,0.5882217256590465,1.79854733118208,0.5882217256590465,1.79854733118208,0.5882217256590465,1.8259221347703942,1.8578418805810237,1.8274253412153207,1.6034583535598017,1.829913603398781,1.182376530422399,1.8323563138717898,0.7690032990129154,1.8338367444614914,0.5184740678556494,1.8368416225105992,13.576725365705784,1.7545750131997373,14.1761342154781,1.8368416225105992,16.419083459787714,1.816274970182885,21.52372656752675,1.816274970182885,25.274865820940988
1.960190057496968,45.494705279205974,2.055900309360567,42.58924909510349,1.9561411030890827,34.08401558425261,1.9340834149683044,29.928748013639108,1.952606404948435,24.122593551520012,1.9219472451483721,0.5882217256590465,1.9219472451483721,0.5882217256590465,2.038001926140481,0.6267647874812923,1.9219472451483721,0.5882217256590465,1.9219472451483721,0.5882217256590465,1.949224921001134,1.874278542374764,1.9507622912289015,1.6141135715576063,1.9532619413399743,1.1911046004882238,1.955704651812983,0.7777313690787402,1.9571793884388775,0.5281657118874641,1.960241536476893,14.446834986343106,1.877974927166031,15.084915374810464,1.960241536476893,17.405207696510047,1.939674884149177,22.664536959028965,1.939674884149177,26.60903390591818
2.0836701477915067,45.44020239978967,2.185551474861981,42.5237657495898,2.0796114290241157,34.00199496441438,2.05755699568984,29.85589997394152,2.0760604569509606,23.99471003097858,2.038001926140481,0.6267647874812923,2.038001926140481,0.6267647874812923,2.1687470730809597,0.6344733998457457,2.038001926140481,0.6267647874812923,2.038001926140481,0.6267647874812923,2.072533401195681,1.8897516302025146,2.0740992412424806,1.6247687895554073,2.07662166720878,1.1979055226220652,2.079047295790369,0.7874230131105477,2.0805220324162637,0.5378573559192752,2.083641450443187,15.297608837632936,2.001374841132325,15.99369653414277,2.083641450443187,18.410667702579758,2.063074798115471,23.824683119878728,2.063074798115471,27.885194682852955
2.2071404737265397,45.35818177995145,2.3090380747295214,42.487608030454766,2.203078500172646,33.91080176443552,2.181033831197876,29.792224514384586,2.1995210185264895,23.88517167071845,2.1687470730809597,0.6344733998457457,2.1687470730809597,0.6344733998457457,2.2921469870472517,0.6267647874812923,2.1687470730809597,0.6344733998457457,2.1687470730809597,0.6344733998457457,2.1958361874264227,1.9061882919962514,2.1974304972922543,1.6363875815191982,2.1999700051499733,1.20663359268789,2.2023899397677553,0.797114657142366,2.203870370357457,0.5465854259851,2.2070413644094806,16.167718458270258,2.124774755098617,16.902477693475078,2.2070413644094806,19.39679193930209,2.1864747120817647,25.00416505007604,2.1864747120817647,29.16135545978773
2.330623818807579,45.31285148067578,2.432511655451055,42.41475999075719,2.3265455713211782,33.81960856445666,2.3045074119194098,29.719376474686996,2.3229718157425143,23.748115570036404,2.2921469870472517,0.6267647874812923,2.2921469870472517,0.6267647874812923,2.4155469010135455,0.6344733998457457,2.2921469870472517,0.6267647874812923,2.2921469870472517,0.6267647874812923,2.319150361584777,1.920697805858012,2.320761753342028,1.6480063734829926,2.3233240370549737,1.2143980887877284,2.3257325837451415,0.8068063011741771,2.327213014334843,0.5562770700169111,2.3304412783757726,16.999156540212596,2.2481746690649107,17.830594622154877,2.3304412783757726,20.34424463732944,2.3098746260480567,26.183646980273238,2.3098746260480567,30.49552354476492
2.454094144742612,45.230830860837564,2.555991745745594,42.36025711134088,2.450015897256211,33.73758794461844,2.4279777378544427,29.637355854848792,2.4464291225315407,23.629404629635644,2.4155469010135455,0.6344733998457457,2.4155469010135455,0.6344733998457457,2.5389468149798393,0.6498906245746454,2.4155469010135455,0.6344733998457457,2.4155469010135455,0.6344733998457457,2.4424531478155167,1.937134467651756,2.4440987033556087,1.6586615914807972,2.4466780689599723,1.2221625848875632,2.4490809216863347,0.8155343712400018,2.450549964348424,0.5669322880147156,2.4538411923420664,17.869266160849918,2.3715745830312045,18.758711550834676,2.4538411923420664,21.330368874051715,2.4332745400143505,27.343793141123,2.4332745400143505,31.752348552352146
2.5775807446101524,45.19467314170254,2.679471836040131,42.305754231924574,2.573486223191246,33.655567324780236,2.551454573362479,29.57368039529186,2.5698864293205688,23.51069368923487,2.5389468149798393,0.6498906245746454,2.5389468149798393,0.6498906245746454,2.662346728946133,0.6575992369390988,2.5389468149798393,0.6498906245746454,2.5389468149798393,0.6498906245746454,2.5657616280100637,1.9526075554795028,2.5674356533691878,1.6693168094785982,2.5700264069011656,1.230890654953388,2.5724178716999155,0.8261895892378064,2.573898302289617,0.5756603580805404,2.5772411063083602,18.720040012139748,2.4949744969974965,19.68682847951453,2.5772411063083602,22.297157341426498,2.5566744539806443,28.523275071320313,2.5566744539806443,33.105852406676945
2.7010510705451853,45.11265252186432,2.8029454167616663,42.232906192227,2.6969500395532755,33.55520154466075,2.674921644511011,29.482487195313,2.693343736109595,23.391982748834096,2.662346728946133,0.6575992369390988,2.662346728946133,0.6575992369390988,2.785746642912425,0.6421820122101991,2.662346728946133,0.6575992369390988,2.662346728946133,0.6575992369390988,2.6890644142408053,1.9690442172732467,2.6907669094189615,1.6809356014423926,2.693386132769973,1.237691577087233,2.695766209641109,0.8349176593036312,2.6972466402308104,0.5843884281463652,2.7006410202746522,19.57081386342952,2.6183744109637903,20.61494540819433,2.7006410202746522,23.28328157814883,2.680074367946938,29.683421232170076,2.680074367946938,34.343341644916734
2.8245376704127274,45.076494802729286,2.9264320166292066,42.196748473091965,2.820413855915305,33.45483576454126,2.798391970446044,29.400466575474766,2.8167977881121207,23.264099228292693,2.785746642912425,0.6421820122101991,2.785746642912425,0.6421820122101991,2.909146556878719,0.6421820122101991,2.785746642912425,0.6421820122101991,2.785746642912425,0.6447515496650098,2.812367200471545,1.9854808790669871,2.8141038594325423,1.6915908194401972,2.8167344707111663,1.2464196471530578,2.819108853618495,0.8446093033354458,2.8205835902443894,0.5950436461441697,2.824040934240946,20.421587714719465,2.741774324930084,21.5043907981792,2.824040934240946,24.269405814871106,2.80347428191323,30.862903162367388,2.80347428191323,35.658173960546435
2.948011251134261,45.0036467630317,3.0498925782047355,42.087210112831826,2.943884181850338,33.37281514470304,2.921872060740583,29.345963696058462,2.9402583496876495,23.15456086803256,2.909146556878719,0.6421820122101991,2.909146556878719,0.6421820122101991,3.0325464708450127,0.619056175116846,2.909146556878719,0.6447515496650098,2.909146556878719,0.6575992369390988,2.9356813746298993,1.9999903929287477,2.937435115482316,1.703209611403988,2.940088502616165,1.2541841432528926,2.942451497595881,0.8543009473672569,2.9439319281855827,0.6037717162099945,2.94744084820724,21.195018488619212,2.865174238896378,22.393836188164073,2.94744084820724,25.236194282246004,2.926874195879524,32.00371355386966,2.926874195879524,36.973006276176136
3.071481577069294,44.921626143193485,3.1733433754207585,41.95015401214978,3.067341488639366,33.254104204302266,3.045329367529609,29.227252755657688,3.063712401690175,23.02667734749116,3.0325464708450127,0.619056175116846,3.0325464708450127,0.619056175116846,3.1568812326443823,0.6407804463257492,3.0325464708450127,0.6730164616679986,3.0325464708450127,0.6730164616679986,3.0589955487882534,2.0144999067905047,3.060777759459702,1.7129012554357992,3.063453922448778,1.2600214914207442,3.0658055295008815,0.8620654434670882,3.06729165405439,0.6105726383438359,3.070840762173532,21.929777723824145,2.98857415286267,23.244610039453846,3.070840762173532,25.990289286798372,3.0502741098458177,32.989837790591935,3.0502741098458177,37.920458974203484
3.194958412577332,44.85795068363654,3.296797427423284,41.822270491608386,3.1907987954283925,33.13539326390148,3.168783419532133,29.099369235116285,3.187172963265704,22.917138987231027,3.1559463848113047,0.630619093663519,3.1559463848113047,0.6319038623909279,3.271119637846512,0.6606826818848717,3.1559463848113047,0.6884336863968983,3.1559463848113047,0.691003223851709,3.182326804838027,2.026118698754299,3.1841260974008954,1.721629325501624,3.1868136483175835,1.2668224135545891,3.189165255369687,0.8688663656009332,3.1906684618146155,0.6144828385797112,3.1942406761398257,22.54852234294401,3.1119740668289637,23.824683119878728,3.1942406761398257,26.667041213960715,3.1736740238121097,33.68592548710183,3.1736740238121097,38.616546670713376
3.3184254837258624,44.76675748365769,3.4202514794258096,41.69438697106697,3.314252847430918,33.007509743360075,3.2922374715346585,28.971485714574882,3.310633524841233,22.807600626970896,3.2793462987775985,0.6421820122101991,3.2793462987775985,0.6498906245746454,3.4027462127438923,0.6807250740324449,3.2793462987775985,0.703850911125798,3.2793462987775985,0.703850911125798,3.305658060887801,2.0377374907180936,3.3074744353420886,1.7303573955674487,3.3101790681501964,1.2726597617224478,3.3125135933108805,0.877594435666758,3.3140395756110337,0.6193566127815799,3.3176405901061194,23.147931192716385,3.2353739807952575,24.52077081638862,3.3176405901061194,27.36312891047055,3.2970739377784035,34.40134895295921,3.2970739377784035,39.254627059180734
3.4418958096608954,44.68473686381947,3.543708786214836,41.5756760306662,3.437703644646943,32.87045364267803,3.415691523537184,28.843602194033465,3.434090831630259,22.68888968657012,3.4027462127438923,0.6653078493035451,3.4027462127438923,0.6781555365776342,3.5261461267101843,0.6961422987613446,3.4027462127438923,0.7346853605835975,3.4027462127438923,0.6807250740324449,3.4289836229737674,2.0503198566478744,3.4308170793194748,1.7400490395992634,3.433544487982809,1.2784971098903029,3.435867625215881,0.8853589317665964,3.4374163833712608,0.6232668130174552,3.4410405040724115,23.76667581183625,3.3587738947615495,25.216858512898455,3.4410405040724115,28.039880837632893,3.4204738517446973,35.13610818816403,3.4204738517446973,39.91204321699564
3.5653596260229268,44.58437108369997,3.6671628382173616,41.447792510124785,3.5611576966494685,32.74257012213663,3.539148830326212,28.724891253632705,3.557551393205788,22.57935132630999,3.5261461267101843,0.6727595079225139,3.5261461267101843,0.6987118362161624,3.649546040676478,0.7066774023261004,3.5261461267101843,0.7578111976769506,3.5302594571757293,0.7146429684360243,3.552314879023541,2.0619386486116653,3.5541711112244734,1.7478135356990947,3.556909907815422,1.284334458058158,3.5592273510846866,0.8921598539004414,3.560787497167679,0.628140587219324,3.5644404180387053,24.36608466160868,3.4821738087278433,25.893610440060797,3.5644404180387053,28.639289687405324,3.5438737657109893,35.8902031927164,3.5438737657109893,40.588795144157984
3.6888299519579597,44.50235046386175,3.7906103806468856,41.30156382930211,3.684611748651994,32.61468660159521,3.6626028823287378,28.59700773309129,3.681008699994816,22.460640385909215,3.649546040676478,0.6743012303954075,3.649546040676478,0.7143860146905396,3.772945954642772,0.7303171469104086,3.649546040676478,0.7860761096799393,3.649546040676478,0.7143860146905396,3.6756404411095076,2.0745210145414497,3.6775137552018613,1.757505179730913,3.6802696336842278,1.291135380192003,3.682581382989685,0.8999243500002763,3.684152917000292,0.6339779353871791,3.687840332004999,24.965493511381,3.605573722694137,26.493019289833228,3.687840332004999,29.33537738391516,3.667273679677283,36.586290889226234,3.667273679677283,41.24621130197289
3.812300277892991,44.420329844023534,3.914067687435912,41.182852888901344,3.808065800654518,32.48680308105381,3.7860536795447626,28.45995163240923,3.8044692615703433,22.351102025649084,3.772945954642772,0.674558184140885,3.772945954642772,0.7444496029119065,3.896345868609064,0.7423939729480509,3.772945954642772,0.8092019467732854,3.772945954642772,0.738025759274862,3.7989716971592795,2.0861398065052406,3.8008563991792457,1.767196823762724,3.803635053516839,1.296972728359858,3.805935414894684,0.9076888461001111,3.807529724760517,0.6378881356230579,3.811240245971291,25.56490236115343,3.728973636660429,27.189106986343063,3.811240245971291,30.03146508042505,3.790673593643577,37.301714355083675,3.790673593643577,41.922963229135235
3.935770603828024,44.33830922418531,4.027176943007785,40.90510617594388,3.9315165978705426,32.34974698037176,3.909507731547288,28.332068111867827,3.9279298231458704,22.241563665388952,3.896345868609064,0.6735303691589607,3.889000635634879,0.8073665628769859,4.019745782575358,0.8451754711407204,3.896345868609064,0.8271887089570029,3.896345868609064,0.7552416602221257,3.922297259245246,2.098722172435025,3.924204737120439,1.7759248938285488,3.9270004733494517,1.3028100765277166,3.929289446799684,0.915453342199946,3.9309065325207424,0.6417983358589368,3.934640159937585,26.183646980273238,3.852373550626723,27.885194682852955,3.934640159937585,30.688881238239958,3.914073507609869,38.036473590288495,3.914073507609869,42.58037938695014
4.059237674976556,44.24711602420646,4.160975791440963,40.92708584781852,4.054970649873068,32.221863459830374,4.032958528763311,28.195012011185796,4.0513871299348985,22.122852724988192,4.019745782575358,0.703850911125798,4.019745782575358,0.8451754711407204,4.1431456965416515,0.8708708456888914,4.019745782575358,0.8451754711407204,4.0094624564115,0.7929282095594488,4.045622821331213,2.111304538364802,4.047547381097825,1.78561653786036,4.0503658931820645,1.3086474246955682,4.05264917266849,0.9222542643337874,4.054283340280968,0.6457085360948085,4.058040073903879,26.802391599393218,3.9757734645930167,28.50393930197282,4.058040073903879,31.307625857359767,4.037473421576163,38.771232825493314,4.037473421576163,43.25713131411243
4.182708000911589,44.165095404368245,4.284429843443489,40.799202327277115,4.178421447089091,32.084807359148314,4.156412580765837,28.067128490644393,4.174844436723925,22.004141784587404,4.1431456965416515,0.6421820122101991,4.1431456965416515,0.8708708456888914,4.266545610507944,0.8888576078726089,4.1431456965416515,0.8708708456888914,4.1431456965416515,0.8708708456888914,4.168948383417179,2.1238869042945865,4.170895719039018,1.7943446079261847,4.17372561905087,1.3154483468294167,4.175997510609683,0.9309823343996122,4.1776487601135806,0.6515458842626636,4.1814399878701725,27.3824646798181,4.099173378559309,29.16135545978773,4.1814399878701725,32.00371355386966,4.1608733355424565,39.4866562913507,4.1608733355424565,43.914547471927335
4.306178326846622,44.08307478453003,4.4078806406595135,40.66214622659507,4.30188200866462,31.975268998888183,4.279866632768362,27.939244970102976,4.298304998299454,21.894603424327272,4.266545610507944,0.6421820122101991,4.266545610507944,0.8888576078726089,4.389945524474237,0.9068443700563193,4.266545610507944,0.8888576078726089,4.266545610507944,0.8888576078726089,4.292279639466953,2.1355056962583774,4.2942383630164045,1.8040362519579993,4.297091038883483,1.3212856949972718,4.299357236478489,0.9377832565334572,4.3010198739100005,0.6564196584645323,4.3048399018364645,27.981873529590416,4.2225732925256025,29.857443156297563,4.3048399018364645,32.699801250379494,4.2842732495087485,40.18274398786053,4.2842732495087485,44.59129939908968
4.4296486527816565,44.0010541646918,4.543599379157053,40.293994366511704,4.425336060667146,31.847385478346766,4.403317429984387,27.80218886942093,4.421762305088482,21.775892483926498,4.389945524474237,0.6421820122101991,4.389945524474237,0.9068443700563193,4.513345438440531,0.9299702071496725,4.389945524474237,0.9068443700563193,4.389945524474237,0.9068443700563193,4.415610895516727,2.147124488222172,4.417592394921405,1.8118007480578342,4.420456458716098,1.3271230431651269,4.422711268383489,0.9455477526332956,4.424396681670226,0.6603298587004076,4.428239815802758,28.619953918057774,4.345973206491896,30.553530852807455,4.428239815802758,33.3572174081944,4.407673163475042,40.95617476176045,4.407673163475042,45.229379787557036
4.553112469143686,43.900688384572305,4.6423326767232584,40.10729981278472,4.548790112669673,31.719501957805363,4.526777991559914,27.6926505091608,4.545219611877512,21.657181543525738,4.513345438440531,0.6473210871198347,4.513345438440531,0.9299702071496725,4.636745352406823,0.9453874318785722,4.513345438440531,0.9299702071496725,4.513345438440531,0.9299702071496725,4.538936457602693,2.159706854151956,4.540935038898789,1.8214923920896489,4.543821878548711,1.332960391332982,4.546065300288488,0.9533122487331269,4.547767795466646,0.6652036329022764,4.551639729769052,29.200026998482656,4.469373120458188,31.172275471927264,4.551639729769052,33.97596202731427,4.531073077441336,41.69093399696527,4.531073077441336,45.92546748406693
4.676582795078717,43.81866776473409,4.7493637269964335,40.102257852604176,4.672240909885696,31.582445857123318,4.650232043562438,27.564766988619397,4.668680173453035,21.54764318326562,4.626462026242965,0.7089899860354336,4.636745352406823,0.9453874318785722,4.760145266373119,0.9659437315171076,4.636745352406823,0.9453874318785722,4.636745352406823,0.9453874318785722,4.662273407616274,2.170362072149757,4.664277682876177,1.8311840361214635,4.667181604417516,1.339761313466827,4.6694193321934865,0.9610767448329653,4.671144603226869,0.6691138331381516,4.675039643735344,29.818771617602636,4.592773034424484,31.82969162974217,4.675039643735344,34.6720497238241,4.654472991407628,42.387021693475106,4.654472991407628,46.563547872534286
4.800053121013752,43.73664714489587,4.881110324047521,40.14135079738421,4.795691707101719,31.445389756441273,4.773686095564967,27.436883468077994,4.792140735028566,21.43810482300549,4.760145266373119,0.6730164616679986,4.760145266373119,0.9659437315171076,4.883545180339411,0.9916391060652714,4.760145266373119,0.9659437315171076,4.760145266373119,0.9659437315171076,4.785604663666048,2.1819808641135516,4.787626020817372,1.8399121061872883,4.790547024250129,1.3455986616346856,4.792779058062292,0.9678776669668068,4.794510023059482,0.6749511813060067,4.798439557701636,30.398844698027517,4.716172948390776,32.525779326252064,4.798439557701636,35.368137420333994,4.777872905373924,43.10244515933249,4.777872905373924,47.25963556904418
4.923526701735286,43.66379910519829,5.004577395196053,40.05015759740535,4.919145759104245,31.31750623589987,4.89713689278099,27.299827367395935,4.91559804181759,21.319393882604714,4.883545180339411,0.6730164616679986,4.883545180339411,0.9916391060652714,5.006945094305703,1.009625868248996,4.883545180339411,0.9916391060652714,4.883545180339411,0.9916391060652714,4.908924531788207,2.1955268040093223,4.910974358758564,1.848640176253113,4.913912444082742,1.3514360098025406,4.916127396003487,0.9766057370326315,4.917886830819709,0.6788613815418856,4.921839471667932,31.036925086494875,4.839572862357068,33.18319548406697,4.921839471667932,35.948210500758876,4.901272819340216,43.85654016388486,4.901272819340216,47.89771595751154
5.046990518097315,43.5634333250788,5.128015173266073,39.876411176160765,5.04259981110677,31.189622715358453,5.020590944783516,27.171943846854518,5.039052093820116,21.191510362063312,5.006945094305703,0.6730164616679986,5.006945094305703,1.009625868248996,5.130345008271998,1.048168930071249,5.006945094305703,1.009625868248996,5.006945094305703,1.009625868248996,5.032255787837981,2.207145595973113,5.034322696699755,1.8573682463189307,5.037277863915355,1.3572733579703922,5.0394928158361,0.9824430852004866,5.041263638579936,0.6827715817777609,5.045239385634224,31.597662397572208,4.9629727763233635,33.80194010318678,5.045239385634224,36.60562665857378,5.024672733306508,44.5332920910472,5.024672733306508,48.555132115326444
5.1704478248863435,43.44472238467802,5.251428540437329,39.633870403861394,5.166034334390288,31.00670371397321,5.144035232426537,27.0165425858912,5.162502891036143,21.054454261381252,5.130345008271998,0.6730164616679986,5.130345008271998,1.048168930071249,5.25374492223829,1.0918510668031303,5.130345008271998,1.048168930071249,5.130345008271998,1.048168930071249,5.155592737851562,2.2178008139709178,5.157688116532368,1.8632055944867894,5.160643283747968,1.3631107061382508,5.16286392963252,0.9873168594023518,5.164634752376356,0.6876453559796261,5.168639299600519,32.061720861912136,5.0863726902896556,34.28533433687426,5.168639299600519,37.10835666160864,5.148072647272803,45.01668632473462,5.148072647272803,48.961183271623895
5.293905131675372,43.32601144427725,5.374913187432968,39.59220913664197,5.289472112460304,30.832957292728622,5.267476265283056,26.851968744787257,5.2859374143196565,20.87153525999601,5.25374492223829,0.6730164616679986,5.25374492223829,1.0918510668031303,5.377144836204582,1.132963666080201,5.25374492223829,1.0918510668031303,5.25374492223829,1.0918510668031303,5.278923993901335,2.2294196059347087,5.281047842401177,1.8700065166206343,5.284020091508191,1.367020906374126,5.286229349465133,0.9931542075702104,5.288005866172773,0.6925191301814912,5.292039213566811,32.525779326252064,5.209772604255948,34.730057031866636,5.292039213566811,37.611086664643494,5.271472561239095,45.40340171168452,5.271472561239095,49.34789865857374
5.417362438464396,43.20730050387648,5.490166153887623,39.55509865273104,5.412909890530324,30.659210871484035,5.390917298139575,26.6873949036833,5.4093849567491805,20.725306579173335,5.377144836204582,0.6730164616679986,5.377144836204582,1.132963666080201,5.500544750170878,1.1715067279024538,5.377144836204582,1.132963666080201,5.377144836204582,1.132963666080201,5.402260943914916,2.2400748239325132,5.40441326223379,1.8758438647884894,5.407391205304611,1.3718946805759948,5.409606157225356,0.9970644078060857,5.411376979969193,0.69739290438336,5.415439127533103,32.989837790591935,5.333172518222243,35.15544395751158,5.415439127533103,38.09448089833097,5.394872475205387,45.86746017602445,5.394872475205387,49.695942506828715
5.540819745253424,43.088589563475715,5.580607069144593,39.201886262689634,5.5363476686003406,30.485464450239434,5.514358330996094,26.52282106257934,5.532819480032698,20.54238757778809,5.500544750170878,0.6935727613065339,5.500544750170878,1.1715067279024538,5.62394466413717,1.2151888646343352,5.500544750170878,1.1715067279024538,5.500544750170878,1.1715067279024538,5.525597893928493,2.250730041930318,5.527772988102596,1.882644786922338,5.530768013064838,1.3758048808118701,5.532977271021776,1.0019381820079545,5.534748093765613,0.7022666785852252,5.538839041499399,33.45389625493186,5.456572432188535,35.58083088315641,5.538839041499399,38.59721090136583,5.518272389171683,46.292847101669395,5.518272389171683,50.08265789377856
5.664280306828951,42.97905120321558,5.703995211720462,38.88825799430032,5.6597789370973555,30.29337286871356,5.637799363852613,26.35824722147538,5.6562670224622185,20.396158896965417,5.62394466413717,0.703850911125798,5.62394466413717,1.2151888646343352,5.747344578103462,1.253731926456588,5.62394466413717,1.2151888646343352,5.62394466413717,1.2151888646343352,5.648929149978267,2.2623488338941087,5.651138407935209,1.888482135090193,5.654139126861258,1.3806786550137389,5.6563540787820035,1.0058483822438298,5.65812490152584,0.706176878821104,5.662238955465691,33.91795471927179,5.579972346154827,36.04488934749634,5.662238955465691,39.099940904400796,5.641672303137975,46.718234027314224,5.641672303137975,50.450037511381026
5.7877343588314805,42.85116768267418,5.827423225430975,38.6869938326338,5.783223224740377,30.137971607750245,5.761240396709136,26.193673380371422,5.7797048005322385,20.22241247572083,5.747344578103462,0.703850911125798,5.747344578103462,1.2717186886403056,5.870744492069758,1.2948445257336587,5.747344578103462,1.253731926456588,5.747344578103462,1.253731926456588,5.772271793955655,2.2720404779259233,5.774503827767822,1.894319483258048,5.777504546693871,1.386516003181594,5.779725192578423,1.0107221564456985,5.781496015322256,0.7110506530229692,5.785638869431983,34.38201318361166,5.703372260121123,36.45094050379373,5.785638869431983,39.60267090743565,5.765072217104267,47.18229249165415,5.765072217104267,50.798081359636
5.911194920407008,42.74162932241405,5.961129041216653,38.44679058882188,5.906657748023894,29.955052606365,5.884687939138656,26.04744469954872,5.903152342961759,20.076183794898142,5.870744492069758,0.703850911125798,5.870744492069758,1.3308180501010867,5.99414440603605,1.3333875875559116,5.870744492069758,1.2948445257336587,5.870744492069758,1.2948445257336587,5.895603050005429,2.2836592698897142,5.897863553636627,1.901120405391893,5.900881354454095,1.3904262034174693,5.903090612411036,1.0165595046135536,5.904867129118676,0.7159244272248344,5.9090387833982785,34.84607164795159,5.826772174087415,36.895663198786224,5.9090387833982785,40.08606514112313,5.8884721310705626,47.56900787860417,5.8884721310705626,51.204132515933395
6.034652227196036,42.62291838201327,6.074295526784505,38.33032841000398,6.030098780880413,29.790478765261042,6.008132226781678,25.892043438585404,6.0265933758182815,19.911609953794184,5.99414440603605,0.703850911125798,5.99414440603605,1.3488048122848113,6.117544320002342,1.377069724287793,5.99414440603605,1.3333875875559116,5.99414440603605,1.3333875875559116,6.018934306055202,2.295278061853505,6.021234667433047,1.9059941795937583,6.0242524682505145,1.3952999776193344,6.02646742017126,1.0204697048494253,6.028238242915096,0.7207982014266996,6.0324386973645705,35.32946588163901,5.950172088053707,37.35972166312615,6.0324386973645705,40.569459374810435,6.011872045036855,48.03306634294404,6.011872045036855,51.55217636418831
6.15810953398506,42.5042074416125,6.19770075698951,38.064856187353,6.15353655895043,29.616732344016455,6.131573259638197,25.727469597481445,6.150037663461299,19.756208692830867,6.117544320002342,0.703850911125798,6.117544320002342,1.377069724287793,6.240944233968637,1.4156127861100387,6.117544320002342,1.377069724287793,6.117544320002342,1.377069724287793,6.142271256068783,2.3059332798513097,6.144588699338046,1.9137586756935896,6.147629276010742,1.3992101778552097,6.14983853396768,1.025343479051294,6.151609356711516,0.7256719756285648,6.1558386113308625,35.79352434597894,6.073572002020002,37.746437050076,6.1558386113308625,41.09152514719284,6.135271959003147,48.45845326858887,6.135271959003147,51.93889175113827
6.281570095560591,42.39466908135237,6.321132025486525,37.87276460582713,6.276971082233947,29.43381334263121,6.255014292494716,25.5628957563775,6.273478696317822,19.591634851726894,6.240944233968637,0.703850911125798,6.240944233968637,1.4156127861100387,6.364344147934929,1.4567253853871165,6.240944233968637,1.4156127861100387,6.240944233968637,1.4156127861100387,6.26560820608236,2.3165884978491142,6.267954119170659,1.9195960238614482,6.271000389807158,1.4040839520570785,6.273215341727907,1.0292536792871694,6.2749861644717395,0.7295821758644436,6.279238525297158,36.257582810318866,6.196971915986294,38.210495514415925,6.279238525297158,41.57491938088026,6.258671872969442,48.88384019423387,6.258671872969442,52.30627136874068
6.405024147563116,42.266785560810966,6.444556784410535,37.662327864019986,6.400405605517465,29.25089434124598,6.378455325351238,25.39832191527354,6.396919729174341,19.427061010622936,6.364344147934929,0.7115595234902514,6.364344147934929,1.4567253853871165,6.487744061901221,1.5004075221189979,6.364344147934929,1.4567253853871165,6.364344147934929,1.4567253853871165,6.388939462132134,2.328207289812905,6.391313845039464,1.9263969459952932,6.394365809639771,1.4099213002249336,6.396586455524323,1.0341274534890381,6.3983572782681595,0.7344559500663088,6.40263843926345,36.702305505311244,6.320371829952586,38.63588244006087,6.40263843926345,42.05831361456774,6.382071786935734,49.34789865857374,6.382071786935734,52.6543152169956
6.5284847091386435,42.15724720055083,6.5679815433345485,37.45189112221284,6.523846638373984,29.086320500142023,6.501893103421255,25.22457549402894,6.52036076203086,19.262487169518977,6.487744061901221,0.7295462856739618,6.487744061901221,1.5004075221189979,6.611143975867517,1.5389505839412436,6.487744061901221,1.5004075221189979,6.487744061901221,1.5004075221189979,6.512276412145715,2.3388625078107097,6.514679264872077,1.9322342941631518,6.517742617399998,1.4138315004608089,6.519951875356936,1.0399648016568932,6.521728392064579,0.7393297242681776,6.526038353229742,37.166363969651115,6.443771743918882,39.061269365705755,6.526038353229742,42.58037938695014,6.505471700902026,49.73461404552364,6.505471700902026,53.02169483459801
6.651938761141169,42.029363680009425,6.6914128118315634,37.25979954068697,6.647281161657501,28.903401498756793,6.625337391064276,25.069174233065624,6.643801794887379,19.097913328415018,6.611143975867517,0.7346853605835975,6.611143975867517,1.5389505839412436,6.734543889833809,1.5800631832183214,6.611143975867517,1.5389505839412436,6.611143975867517,1.5389505839412436,6.635613362159296,2.3495177258085143,6.63804468470469,1.938071642331007,6.641113731196418,1.4187052746626776,6.643328683117163,1.0438750018927685,6.645099505860999,0.7442034984700427,6.649438267196038,37.66909397268603,6.567171657885174,39.525327830045626,6.649438267196038,43.06377362063745,6.628871614868322,50.19867250986357,6.628871614868322,53.40841022154797
6.775396067930197,41.91065273960866,6.814834315969074,37.040190218739184,6.770718939727518,28.72965507751219,6.7487849334938,24.922945552242936,6.767242827743898,18.933339487311073,6.734543889833809,0.7346853605835975,6.734543889833809,1.5800631832183214,6.857943803800101,1.6237453199502028,6.734543889833809,1.5800631832183214,6.734543889833809,1.5800631832183214,6.758944618209069,2.361136517772305,6.761404410573496,1.944872564464852,6.764490538956641,1.422615474898553,6.766699796913583,1.0487487760946372,6.768470619657419,0.7490772726719079,6.77283818116233,38.1331524370259,6.690571571851466,39.93137898634308,6.77283818116233,43.56650362367242,6.752271528834614,50.604723666160965,6.752271528834614,53.756454069802885
6.898856629505728,41.801114379348526,6.938268839252592,36.85727121735394,6.894159972584037,28.565081236408233,6.872229221136818,24.767544291279606,6.890680605813918,18.759593066066472,6.857943803800101,0.7346853605835975,6.857943803800101,1.6237453199502028,6.981343717766396,1.6622883817724485,6.857943803800101,1.6288843948598384,6.857943803800101,1.6237453199502028,6.882287262186454,2.37082816180412,6.884769830406109,1.950709912632707,6.887861652753061,1.4274892491004216,6.89007660467381,1.0526589763305125,6.891847427417643,0.7529874729077868,6.896238095128622,38.59721090136583,6.813971485817762,40.37610168133557,6.896238095128622,44.04989785735978,6.875671442800906,51.04944636115346,6.875671442800906,54.162505226100336
7.022310681508253,41.673230858807116,7.0616838338170975,36.61931673512487,7.0175912410810515,28.37298965488236,6.995670253993341,24.602970450175647,7.014121638670437,18.595019224962513,6.981343717766396,0.7346853605835975,6.981343717766396,1.6622883817724485,7.104743631732688,1.7162486683236011,6.981343717766396,1.6751360690465376,6.981343717766396,1.6622883817724485,7.005618518236227,2.382446953767907,7.0081352502387215,1.9565472608005585,7.011227072585674,1.4333265972682732,7.013447718470227,1.0575327505323777,7.01522423517787,0.7568976731436585,7.019638009094917,39.02259782701077,6.937371399784054,40.782152837632964,7.019638009094917,44.5332920910472,6.999071356767201,51.494169056145836,6.999071356767201,54.49121330500776
7.145764733510779,41.5453473382657,7.185092318808602,36.36301709261454,7.141016000005065,28.16255291307523,7.119098267703853,24.401706288509146,7.137569181099961,18.44879054413984,7.104743631732688,0.752672122767315,7.104743631732688,1.7162486683236011,7.22814354569898,1.767639417419943,7.104743631732688,1.7239572806880545,7.104743631732688,1.7162486683236011,7.128966856177422,2.391175023833732,7.1315063640351415,1.9614210350024273,7.134626656201126,1.4333825016401924,7.136818832266647,1.0624065247342465,7.138589655010483,0.7627350213115172,7.143037923061209,39.37064167526569,7.060771313750346,41.11086091654039,7.143037923061209,44.80399286191209,7.122471270733493,51.74553405766329,7.122471270733493,54.703906767830176
7.2692090211538005,41.38994607730238,7.3084975490136035,36.09754486996357,7.264437504142576,27.94294359112743,7.242529536200868,24.209614706983274,7.261006959169977,18.275044122895224,7.22814354569898,0.765519810041404,7.22814354569898,1.767639417419943,7.351543459665276,1.8190301665162778,7.22814354569898,1.7830566421488427,7.22814354569898,1.767639417419943,7.252315194118614,2.3999030938995567,7.254883171795365,1.9653312352383026,7.258026239816578,1.4334384060121117,7.2602127219182915,1.063426003072152,7.261989238625935,0.7627909256834364,7.266437837027501,39.71868552352066,7.184171227716641,41.342890148710296,7.266437837027501,45.03602209408206,7.245871184699785,51.9775632898332,7.245871184699785,54.81992138391519
7.392656563583321,41.2437173964797,7.431902779218609,35.8320726473126,7.387859008280087,27.723334269179645,7.365954295124881,23.99917796517613,7.384447992026496,18.110470281791265,7.351543459665276,0.78864564713475,7.351543459665276,1.8190301665162778,7.474943373631568,1.8755599905222482,7.351543459665276,1.8241692414259063,7.351543459665276,1.8190301665162778,7.375652144132195,2.4105583118973612,7.378248591627978,1.9711685834061612,7.381391659649191,1.4392757541799668,7.383589529678519,1.0673362033080274,7.385354658458548,0.7686282738512915,7.389837750993797,40.06672937177558,7.307571141682933,41.59425515022781,7.389837750993797,45.30672286494706,7.369271098666081,52.19025675265573,7.369271098666081,54.95527176934769
7.516107360799344,41.10666129579765,7.555304754637108,35.55742784452099,7.511280512417597,27.50372494723186,7.489385563621896,23.807086383650258,7.507876005737012,17.90920612012475,7.474943373631568,0.7963542594992035,7.474943373631568,1.8755599905222482,7.59834328759786,1.926950739618583,7.474943373631568,1.8755599905222482,7.474943373631568,1.8755599905222482,7.499000482073386,2.419286381963186,7.501619705424398,1.9760423576080264,7.504791243264643,1.439331658551886,7.506977725366356,1.06931925561193,7.508742854146385,0.7706113261551906,7.513237664960089,40.4147732200305,7.430971055649225,41.84562015174521,7.513237664960089,45.538752097117026,7.492671012632373,52.422285984825635,7.492671012632373,55.05195061608515
7.639554903228868,40.96043261497498,7.66837386784213,35.16655264316235,7.634702016555108,27.284115625284073,7.612810322545906,23.596649641843115,7.631323548166533,17.762977439302077,7.59834328759786,0.8220496340473673,7.59834328759786,1.926950739618583,7.721743201564156,1.9809110261697356,7.59834328759786,1.926950739618583,7.59834328759786,1.926950739618583,7.622343126050774,2.4289780259950007,7.624996513184625,1.9799525578439052,7.628190826880095,1.4393875629238053,7.630343145198969,1.075156603779785,7.6321196619066125,0.7745215263910659,7.636637578926381,40.72414552959049,7.554370969615521,42.096985153262665,7.636637578926381,45.790117098634425,7.616070926598665,52.615643678300614,7.616070926598665,55.18730100151765
7.76299919087189,40.805031354011646,7.802121724620116,35.04482855950032,7.758123520692619,27.064506303336287,7.736231826683413,23.37704031989533,7.754751561877045,17.561713277635576,7.721743201564156,0.8297582464118207,7.721743201564156,1.9809110261697356,7.845143115530448,2.0323017752660704,7.721743201564156,1.9809110261697356,7.721743201564156,1.9809110261697356,7.745697157955773,2.4367425220948356,7.748367626981045,1.9848263320457704,7.751573328604129,1.4423341891936943,7.753742728814421,1.0752125081517043,7.75550785759445,0.7765045786949649,7.7600374928926765,41.072189377845405,7.677770883581813,42.32901438543263,7.7600374928926765,46.04148210015188,7.739470840564961,52.84767291047058,7.739470840564961,55.30331561760261
7.886449988087913,40.6679752533296,7.933753753186354,34.76104668332991,7.881545024830126,26.844896981388516,7.859666349966931,23.194121318510085,7.878192594733568,17.397139436531617,7.845143115530448,0.8554536209599917,7.845143115530448,2.0323017752660704,7.968543029496743,2.0914011367268586,7.845143115530448,2.0323017752660704,7.845143115530448,2.0323017752660704,7.869039801933161,2.44643416612665,7.871744434741268,1.9887365322816493,7.87495583032816,1.4452808154635832,7.877108148647034,1.0810498563195594,7.878884665354677,0.7804147789308438,7.8834374068589685,41.40089745675283,7.801170797548108,42.59971515629752,7.8834374068589685,46.31218287101683,7.862870754531253,53.06036637329305,7.862870754531253,55.43866600303505
8.009897530517437,40.52174657250693,8.156508796698889,34.464315867705224,8.004963274181138,26.616115079300087,7.983091108890944,22.98368457670294,8.001630372803584,17.223393015287016,7.968543029496743,0.8605926958696202,7.968543029496743,2.0914011367268586,8.091942943463035,2.1427918858231934,7.968543029496743,2.0914011367268586,7.968543029496743,2.0914011367268586,7.992382445910549,2.4561258101584613,7.995109854573881,1.9945738804495008,7.998355413943612,1.445336719835499,8.000496344334875,1.083032908623455,8.002267167078708,0.7833614052007256,8.00683732082526,41.74894130500775,7.9245707115144,42.831744388467484,8.00683732082526,46.544212103186794,7.986270668497548,53.27305983611552,7.986270668497548,55.55468061912006
8.133341818160458,40.3663453115436,8.275172394750546,34.01954122255438,8.128388033105148,26.405678337492944,8.106512613028451,22.764075254755156,8.125064896087101,17.040474013901786,8.091942943463035,0.8888576078726089,8.091942943463035,2.145361423278004,8.215342857429327,2.194182634919521,8.091942943463035,2.1427918858231934,8.091942943463035,2.1427918858231934,8.115725089887933,2.465817454190276,8.118480968370301,1.9994476546513695,8.121754997559064,1.4453926242074182,8.123873152095099,1.0869431088593302,8.125649668802742,0.7863080314706146,8.130237234791556,42.096985153262665,8.047970625480692,43.083109389985,8.130237234791556,46.7762413353567,8.10967058246384,53.505089068285486,8.10967058246384,55.69003100455251
8.256789360589979,40.22011663072092,8.39858087974205,33.76324158004404,8.251803027669657,26.16772385526386,8.229943881525466,22.571983673229283,8.248509183730123,16.885072752938456,8.215342857429327,0.899135757691873,8.215342857429327,2.2018912472839745,8.338742771395623,2.2481429214706736,8.215342857429327,2.194182634919521,8.215342857429327,2.194182634919521,8.239079121792932,2.473581950290111,8.241857776130528,2.003357854887245,8.245137499283098,1.4483392504773036,8.247267041746744,1.0879625871972394,8.249032170526773,0.7892546577405035,8.253637148757848,42.44502900151758,8.171370539446988,43.334474391502454,8.253637148757848,47.04694210622176,8.233070496430132,53.7177825311079,8.233070496430132,55.80604562063746
8.380240157806002,40.08306053003888,8.521989364733555,33.506941937533725,8.375224531807165,25.948114533316073,8.35336864044948,22.36154693142214,8.371940452227134,16.692981171412583,8.338742771395623,0.9196920573304084,8.338742771395623,2.268699221109209,8.462142685361915,2.304672745476651,8.338742771395623,2.2481429214706736,8.338742771395623,2.2481429214706736,8.362427459734127,2.4823100203559356,8.365228889926945,2.0082316290891136,8.368520001007129,1.4512858767471926,8.370638155543164,1.0928363613991081,8.372414672250807,0.7922012840103889,8.37703706272414,42.75440131107757,8.29477045341328,43.56650362367242,8.37703706272414,47.27897133839167,8.356470410396428,53.93047599393037,8.356470410396428,55.92206023672247
8.503687700235522,39.93683184921619,8.645394594938557,33.241469714882726,8.498646035944676,25.7285052113683,8.476799908946495,22.169455349896268,8.49537823029715,16.519234750167982,8.462142685361915,0.9351092820593081,8.462142685361915,2.340646269844079,8.585542599328207,2.356063494572979,8.462142685361915,2.304672745476651,8.462142685361915,2.304672745476651,8.485770103711511,2.4920016643877467,8.488605697687172,2.012141829324989,8.49191958462258,1.4513417811191118,8.494020657267198,1.0957829876689935,8.495785786047227,0.7970750582122577,8.500436976690436,43.04443785129001,8.418170367379572,43.81786862518982,8.500436976690436,47.53033633990907,8.47987032436272,54.162505226100336,8.47987032436272,56.057410622154975
8.627138497451549,39.799775748534145,8.768799825143558,32.975997492231755,8.622067540082183,25.508895889420515,8.600221413084006,21.94984602794848,8.61881926315367,16.354660909064037,8.585542599328207,0.9505265067882078,8.585542599328207,2.3868979440307783,8.708942513294502,2.4074542436693207,8.585542599328207,2.356063494572979,8.585542599328207,2.356063494572979,8.609107053725088,2.5026568823855513,8.611971117519781,2.017979177492844,8.61531916823803,1.451397685491031,8.617403158991225,1.0987296139388825,8.619179675698868,0.7980945365501668,8.623836890656728,43.31513862215496,8.541570281345868,44.06923362670727,8.623836890656728,47.801037110774075,8.603270238329012,54.37519868892281,8.603270238329012,56.17342523823993
8.75058603988107,39.65354706771146,8.892205055348564,32.710525269580785,8.745489044219694,25.28928656747273,8.723649426794518,21.748581866281967,8.742250531650685,16.162569327538165,8.708942513294502,0.9710828064267432,8.708942513294502,2.4485668429463843,8.832342427260794,2.4614145302204733,8.708942513294502,2.4074542436693207,8.708942513294502,2.4074542436693207,8.73246108563009,2.510421378485386,8.735342231316201,2.0228529516947127,8.738684588070642,1.4572350336588862,8.74078566071526,1.1016762402087714,8.742550789495288,0.802968310752032,8.74723680462302,43.624510931714894,8.66497019531216,44.30126285887724,8.74723680462302,48.03306634294404,8.726670152295307,54.58789215174522,8.726670152295307,56.308775623672375
8.87403032752409,39.49814580674814,9.015610285553562,32.4450530469298,8.868910548357205,25.069677245524943,8.847077440505034,21.547317704615466,8.865694819293706,16.00716806657485,8.832342427260794,0.9813609562460073,8.832342427260794,2.5076662044071725,8.955742341227086,2.515374816771626,8.832342427260794,2.4614145302204733,8.832342427260794,2.4716926800397374,8.855803729607475,2.520113022517201,8.858719039076428,2.026763151930588,8.862084171686094,1.4572909380308054,8.86416816243929,1.1046228664786568,8.865944679146933,0.8039877890899412,8.870636718589315,43.914547471927335,8.788370109278452,44.57196362974213,8.870636718589315,48.28443134446144,8.8500700662616,54.800585614567694,8.8500700662616,56.424790239757385
8.997481124740114,39.361089706066096,9.138995987039555,32.12454534343502,8.992335307281218,24.8592405037178,8.970502199429044,21.33688096280831,8.989126087790721,15.815076485048976,8.955742341227086,1.0044867933393604,8.955742341227086,2.574474178232407,9.079142255193382,2.5796132531420426,8.955742341227086,2.515374816771626,8.955742341227086,2.5410701913197897,8.979157761512473,2.527877518617032,8.982090152872845,2.031636926132453,8.985483755301546,1.4573468424027212,8.98753927623571,1.109496640680522,8.989310098979546,0.8098251372577927,8.973469980227891,44.12724093474975,8.911770023244747,44.80399286191209,8.994036632555607,48.535796345978895,8.973469980227891,55.03261484673766,8.973469980227891,56.54080485584234
9.120912393237129,39.168998124540224,9.26237843373905,31.794865059799577,9.115737282699717,24.584595700926187,9.093923703566555,21.117271640860523,9.112557356287736,15.622984903523104,9.079142255193382,1.0173344806134494,9.079142255193382,2.633573539693188,9.202542169159674,2.6541298393317305,9.079142255193382,2.5796132531420426,9.079142255193382,2.6053086276902135,9.102494711526054,2.5385327366148367,9.105466960633072,2.0355471263683285,9.108883338916998,1.4574027467746404,9.110933165887355,1.1105161190184312,9.112709682594998,0.809881041629712,9.384803026782203,45.519416327769534,9.03516993721104,44.939343247344596,9.117436546521903,48.535796345978895,9.096869894194187,55.03261484673766,9.096869894194187,56.52146908649485
9.244343661734144,38.97690654301435,9.385760880438541,31.465184776164136,9.23913925811822,24.309950898134588,9.217335443344561,20.870144578490823,9.235978860425247,15.403375581575318,9.202542169159674,1.0430298551616133,9.202542169159674,2.708090125882883,9.325942083125966,2.723507350611783,9.202542169159674,2.6541298393317305,9.202542169159674,2.6798252138798944,9.225877213250088,2.541479362884722,9.228849462357102,2.0384937526382174,9.232248758749611,1.463240094942499,9.234332749502807,1.1105720233903504,9.23610926621045,0.8099369460016312,9.508202940748495,45.61609517450694,9.158569851177331,44.939343247344596,9.240836460488195,48.535796345978895,9.220269808160479,55.03261484673766,9.220269808160479,56.386118701062344
9.367774930231159,38.78481496148848,9.509143327138032,31.135504492528696,9.36253797875022,24.026133515202318,9.34075369269557,20.641362676402395,9.35940361934926,15.192938839768146,9.325942083125966,1.0661556922549664,9.325942083125966,2.7774676371629354,9.449341997092262,2.795454399346646,9.325942083125966,2.723507350611783,9.325942083125966,2.759480874979218,9.34922555119128,2.550207432950547,9.352231964081136,2.041440378908103,9.355648342365063,1.4632959993144183,9.357726639154452,1.111591501728256,9.359508849825902,0.8099928503735505,9.63160285471479,45.73210979059195,9.281969765143627,44.939343247344596,9.364236374454487,48.535796345978895,9.343669722126771,54.95527176934769,9.343669722126771,56.27010408497739
9.491202943941675,38.58355079982197,9.632525773837527,30.805824208893256,9.485933444595718,23.733143552129434,9.464162177687074,20.385063033892067,9.482834887846275,15.000847258242288,9.449341997092262,1.0815729169838662,9.449341997092262,2.8391365360785343,9.572741911058554,2.867401448081523,9.449341997092262,2.795454399346646,9.449341997092262,2.805732549165917,9.472585277060086,2.557008355084392,9.475603077877556,2.0463141531099716,9.479047925980515,1.4633519036863376,9.481097752950872,1.1164652759301248,9.482908433441354,0.8100487547454698,9.755002768681083,45.886795945371944,9.405369679109919,44.939343247344596,9.487636288420783,48.47778903793642,9.467069636093067,54.85859292261017,9.467069636093067,56.134753699544945
9.61463421243869,38.39145921829609,9.745567763821699,30.338510839695957,9.609332165227718,23.449326169197178,9.58757391746508,20.13793597152238,9.606256391983786,14.781237936294502,9.572741911058554,1.1046987540772122,9.572741911058554,2.905944509903776,9.696141825024846,2.939348496816393,9.572741911058554,2.867401448081523,9.572741911058554,2.867401448081523,9.595956390856506,2.5618821292862606,9.598996967529201,2.0473336314478807,9.602424733740742,1.467262103922213,9.604497336566324,1.116521180302044,9.606308017056806,0.810104659117389,9.878402682647375,46.13816094688934,9.52876959307621,44.939343247344596,9.611036202387075,48.41978172989394,9.590469550059359,54.800585614567694,9.590469550059359,56.018739083459934
9.738065480935704,38.19936763677022,9.819593326097591,30.129695573345927,9.732730885859718,23.165508786264937,9.710995421602592,19.918326649574595,9.729677896121297,14.561628614346716,9.696141825024846,1.1278245911705653,9.696141825024846,2.9727524837290034,9.819541738991141,3.0087260080964455,9.696141825024846,2.939348496816393,9.696141825024846,2.939348496816393,9.7193047287977,2.5706101993520853,9.722368081325621,2.052207405649746,9.72581292942858,1.469245156226112,9.727896920181776,1.1165770846739633,9.729707600672258,0.8101605634893083,10.00180259661367,46.389525948406856,9.652169507042506,44.939343247344596,9.734436116353367,48.41978172989394,9.71386946402565,54.7812498452202,9.71386946402565,55.88338869802749
9.86149674943272,38.007276055244354,9.948323294025178,29.954137461848674,9.856129606491718,22.881691403332695,9.834407161380598,19.671199587204896,9.853109164618312,14.369537032820844,9.819541738991141,1.143241815899465,9.819541738991141,3.0318518451897916,9.942941652957433,3.0806730568313085,9.819541738991141,3.0087260080964455,9.819541738991141,3.0087260080964455,9.842687230521731,2.5735568256219743,9.845756277013459,2.054190457953645,9.849212513044032,1.4693010605980312,9.851268033978196,1.121450858875832,9.85310718428771,0.8102164678612276,10.125202510579962,46.64089094992431,9.775569421008798,44.939343247344596,9.857836030319662,48.41978172989394,9.837269377991946,54.68457099848274,9.837269377991946,55.767374081942535
9.984924763143232,37.806011893577846,10.057077614260054,29.833528600487924,9.979528327123719,22.59787402040044,9.957822155945104,19.43324510497581,9.976533923542322,14.1591002910137,9.942941652957433,1.1663676529928182,9.942941652957433,3.0832425942861335,10.066341566923725,3.1526201055661858,9.942941652957433,3.0806730568313085,9.942941652957433,3.0806730568313085,9.966035568462926,2.5822848956877955,9.969127390809879,2.0590642321555066,9.972612096659484,1.469356964969947,9.97466192362984,1.1224703372137341,9.976506767903162,0.8102723722331433,10.248602424546254,46.8149128740518,9.89896933497509,44.939343247344596,9.981235944285954,48.30376711380899,9.960669291958238,54.58789215174522,9.960669291958238,55.651359465857524
10.108356031640247,37.613920312051974,10.092233214220235,29.46730171413546,10.102927047755719,22.314056637468198,10.081233895723111,19.18611804260611,10.099955427679832,13.939490969065915,10.066341566923725,1.1894934900861713,10.066341566923725,3.1551896430209965,10.18974148089002,3.221997616846238,10.066341566923725,3.1526201055661858,10.066341566923725,3.1526201055661858,10.08941237622315,2.586195095923671,10.092521280461524,2.0600837104934158,10.09598890441971,1.4732671652058222,10.098061507245292,1.1225262415856534,10.099906351518614,0.8103282766050626,10.37200233851255,47.008270567526665,10.022369248941386,44.939343247344596,10.104635858252246,48.30376711380899,10.08406920592453,54.56855638239773,10.08406920592453,55.51600908042502
10.231784045350762,37.41265615038547,10.249434752548487,29.148250210575426,10.226325768387719,22.030239254535942,10.20465214507412,18.95733614051771,10.223376931817343,13.719881647118143,10.18974148089002,1.2074802522698818,10.18974148089002,3.221997616846238,10.313141394856313,3.296514203035919,10.18974148089002,3.221997616846238,10.18974148089002,3.221997616846238,10.212755020200538,2.5958867399554855,10.215892394257944,2.064957484695281,10.219377100107549,1.4752502175097213,10.221461090860744,1.1225821459575727,10.223305935134066,0.8103841809769818,10.495402252478842,47.220964030349194,10.145769162907678,44.939343247344596,10.228035772218542,48.30376711380899,10.207469119890826,54.49121330500776,10.207469119890826,55.49667331107753
10.355215313847777,37.22056456885959,10.37282045403448,28.82774250708063,10.349724489019719,21.746421871603687,10.328063884852126,18.71020907814801,10.346808200314358,13.527790065592256,10.313141394856313,1.228036551908417,10.313141394856313,3.296514203035919,10.436541308822605,3.3658917143159712,10.313141394856313,3.296514203035919,10.313141394856313,3.296514203035919,10.336137521924568,2.5988333662253744,10.339274895981974,2.06790411096517,10.342776683723,1.4753061218816406,10.344832204657164,1.1274559201594414,10.346705518749518,0.8104400853489011,10.618802166445137,47.45299326251916,10.26916907687397,44.939343247344596,10.351435686184834,48.30376711380899,10.330869033857118,54.413870227617736,10.330869033857118,55.30331561760261
10.478649837131291,37.03764556747436,10.496202900733971,28.49806222344519,10.473119954865217,21.453431908530803,10.451475624630133,18.463082015778312,10.470232959238372,13.317353323785113,10.436541308822605,1.2563014639114058,10.436541308822605,3.3658917143159712,10.5599412227889,3.4378387630508485,10.436541308822605,3.3658917143159712,10.436541308822605,3.3658917143159712,10.459485859865763,2.607561436291199,10.462657397706009,2.070850737235059,10.466164879410838,1.4772891741855396,10.46822609430881,1.128475398497347,10.47010510236497,0.8104959897208204,10.74220208041143,47.66568672534157,10.392568990840266,44.939343247344596,10.474835600151126,48.265095575114,10.45426894782341,54.33652715022777,10.45426894782341,55.24530830956013
10.602077850841807,36.83638140580784,10.619585347433462,28.168381939809763,10.596521930283716,21.17878710573919,10.574893873981141,18.234300113689883,10.593654463375882,13.097744001837327,10.5599412227889,1.2742882260951234,10.5599412227889,3.4378387630508485,10.683341136755192,3.5123553492405293,10.5599412227889,3.4378387630508485,10.5599412227889,3.4378387630508485,10.582862667625987,2.6114716365270745,10.58603989943004,2.0737973635049443,10.589541687171065,1.4811993744214185,10.591625677924261,1.1285313028692663,10.593504685980422,0.8105518940927396,10.865601994377721,47.89771595751154,10.515968904806558,44.939343247344596,10.598235514117421,48.342438652503915,10.577668861789705,54.33652715022777,10.577668861789705,55.14862946282261
10.725518883698326,36.67180756470388,10.742967794132957,27.838701656174308,10.719920650915716,20.894969722806934,10.698308868545647,17.996345631460827,10.717079222299892,12.88730726003017,10.683341136755192,1.289705450824023,10.683341136755192,3.5123553492405293,10.806741050721484,3.5817328605205816,10.683341136755192,3.5123553492405293,10.683341136755192,3.5123553492405293,10.706211005567182,2.6201997065928992,10.709422401154074,2.076743989774833,10.712941270786517,1.4812552787933377,10.715002485684488,1.1324415031051451,10.716904269595874,0.8106077984646589,10.989001908344017,48.091073650986516,10.63936881877285,44.939343247344596,10.721635428083713,48.43911749924149,10.701068775755997,54.22051253414281,10.701068775755997,55.090622154780135
10.848940387835837,36.4521982427561,10.866350240832448,27.509021372538868,10.843319371547716,20.611152339874693,10.821723863110156,17.75839114923177,10.840510490796907,12.695215678504297,10.806741050721484,1.3179703628270119,10.806741050721484,3.5817328605205816,10.93014096468778,3.6536799092554517,10.806741050721484,3.5817328605205816,10.806741050721484,3.5817328605205816,10.829570731435988,2.6270006287267442,10.832793514950493,2.081617763976702,10.83634085440197,1.481311183165257,10.838390681372326,1.1344245554090442,10.840303853211326,0.8106637028365782,11.112401822310309,48.245759805766454,10.762768732739145,44.939343247344596,10.79361871123072,48.535796345978895,10.82446868972229,54.123833687405295,10.82446868972229,54.91660023065265
10.972371656332852,36.26010666123024,10.989726177958937,27.160995928622157,10.966714837393214,20.31816237680181,10.94513560288816,17.51126408686207,10.963931994934418,12.475606356556526,10.93014096468778,1.3333875875559116,10.93014096468778,3.6536799092554517,11.053540878654072,3.735905107809586,10.93014096468778,3.6536799092554517,10.93014096468778,3.6536799092554517,10.952941845232408,2.6318744029286094,10.956187404602138,2.082637242314604,10.959740438017421,1.4813670875371727,10.961790264987778,1.13448045978096,10.963703436826778,0.8107196072084939,11.235801736276601,48.342438652503915,10.886168646705437,44.9200074779971,11.15353512696574,47.45299326251916,10.947868603688585,54.1044979180578,10.947868603688585,54.85859292261017
11.09580617961637,36.07718765984501,11.113085841152918,26.76710758400226,11.090100538879211,19.99765467330701,11.068540833093165,17.245791864211085,11.087353499071929,12.25599703460874,11.053540878654072,1.3616524995588861,11.053540878654072,3.735905107809586,11.176940792620364,3.823269381273363,11.053540878654072,3.735905107809586,11.053540878654072,3.735905107809586,11.07630726506502,2.6377117510964645,11.07958698821759,2.0826931466865233,11.083140021632873,1.481422991909092,11.08518984860323,1.1345363641528792,11.08710302044223,0.8107755115804132,11.359201650242897,48.49712480728397,11.00956856067173,44.70731401517469,11.276935040932033,47.25963556904418,11.071268517654877,53.833797147192854,11.071268517654877,54.510549074355254
11.219227683753877,35.85757833789722,11.236445504346902,26.37321923938235,11.213492749938206,19.695492130093484,11.191936298938662,16.9528019011382,11.21077500320944,12.036387712660954,11.176940792620364,1.3873478741070642,11.176940792620364,3.823269381273363,11.30034070658666,3.9106336547371328,11.176940792620364,3.823269381273363,11.176940792620364,3.823269381273363,11.199672684897633,2.6435490992643196,11.202986571833042,2.0827490510584425,11.206539605248325,1.4814788962810113,11.208600820146296,1.1326651205928187,11.210531073876714,0.8060135461223865,11.482601564209189,48.57446788467388,11.132968474638025,44.43661324430974,11.400334954898325,46.93092749013675,11.194668431621169,53.44708176024295,11.177529554681408,54.18184099544777
11.342649187891388,35.63796901594942,11.359805167540882,25.979330894762455,11.336875196637697,19.36581184645803,11.31533176478416,16.659811938065303,11.33419650734695,11.816778390713154,11.30034070658666,1.4181823235648636,11.30034070658666,3.9106336547371328,11.423740620552952,3.995428390746085,11.30034070658666,3.9106336547371328,11.30034070658666,3.9106336547371328,11.323066574549278,2.6445685776022287,11.326386155448494,2.082804955430362,11.329939188863777,1.4815348006529305,11.332023179616973,1.1288667291007783,11.333936351455973,0.8051058765283159,11.60600147817548,48.72915403945393,11.256368388604317,44.12724093474975,11.52373486886462,46.582883641881836,11.318068345587465,53.079702142640485,11.297501693259749,53.756454069802885
11.466077201601903,35.43670485428291,11.483184359453874,25.640478030986387,11.460257643337192,19.036131562822604,11.438727230629658,16.366821974992433,11.457618011484461,11.597169068765368,11.423740620552952,1.449016773022663,11.423740620552952,3.995428390746085,11.547140534519247,4.080223126755037,11.423740620552952,3.995428390746085,11.423740620552952,3.995428390746085,11.446409218526663,2.6542602216340434,11.449785739063946,2.082860859802281,11.45335585437065,1.4786999831268801,11.455422763232425,1.1289226334726976,11.457335935071425,0.8051617809002352,11.729401392141776,48.825832886191336,11.379768302570609,43.85654016388486,11.647134782830912,46.25417556297435,11.441468259553757,52.69298675569064,12.02761785089365,50.276015587253596
11.589495450952912,35.20792295219448,11.606557041793861,25.283280006929033,11.583640090036683,18.706451279187164,11.562122696475155,16.07383201191955,11.581039515621972,11.377559746817582,11.547140534519247,1.474712147570827,11.547140534519247,4.080223126755037,11.67054044848554,4.1701569376736245,11.547140534519247,4.080223126755037,11.547140534519247,4.080223126755037,11.569803108178311,2.6552796999719526,11.573185322679398,2.0829167641742004,11.57677251987752,1.4758651656008297,11.578822346847877,1.1289785378446169,11.580752600578295,0.8023269633741847,11.852801306108068,48.980519040971274,11.503168216536904,43.56650362367242,11.770534696797204,45.886795945371944,11.564868173520052,52.344942907435666,12.130451112532226,49.92797173899862
11.71292997423643,35.02500395080925,11.72993297892035,24.935254563012307,11.707029046309179,18.395116155832994,11.685518162320653,15.780842048846651,11.704461019759483,11.15795042486981,11.67054044848554,1.5055465970286335,11.67054044848554,4.1701569376736245,11.793940362451831,4.2549516736825765,11.67054044848554,4.1701569376736245,11.67054044848554,4.1701569376736245,11.693168528010924,2.6611170481398077,11.69658490629485,2.0829726685461196,11.700172103492973,1.475921069972749,11.702256094246168,1.1232529984206003,11.704169266085168,0.7994921458481379,11.97620122007436,49.0578621183613,11.626568130503196,43.29580285280741,11.8939346107635,45.57742363581201,11.688268087486344,51.958227520485764,12.490367528267251,48.70981827010638
11.836357987946942,34.82373978914275,11.84868013621819,24.725965066199294,11.830414747795173,18.074608452338197,11.80891362816615,15.487852085773767,11.827882523896994,10.938341102922024,11.793940362451831,1.536381046486433,11.793940362451831,4.2549516736825765,11.917340276418127,4.339746409691536,11.793940362451831,4.2549516736825765,11.793940362451831,4.2549516736825765,11.816533947843537,2.6669543963076627,11.819984489910302,2.083028572918039,11.823577381072232,1.475013400378682,11.82565567786162,1.1233089027925196,11.82756884970062,0.7995480502200571,12.099601134040656,49.21254827314124,11.749968044469492,43.00576631259497,12.017334524729792,45.229379787557036,11.811668001452636,51.61018367223079,12.613767442233543,48.32310288315648
11.959782746870955,34.613303047335606,11.96638345389603,24.21164155130468,11.953800449281166,17.7541007488434,11.932305839225146,15.18568954256024,11.951307282821004,10.72790436111488,11.917340276418127,1.5620764210345968,11.917340276418127,4.339746409691536,12.040740190384419,4.424541145700488,11.917340276418127,4.339746409691536,11.917340276418127,4.342315947146346,11.939922143531374,2.6689374486115582,11.943384073525754,2.0830844772899546,11.947005434506716,1.4702514349206481,11.949055261477072,1.1233648071644353,11.950968433316072,0.7996039545919729,12.223001048006948,49.30922711987881,11.873367958435784,42.73506554173002,12.140734438696084,44.88133593930212,11.935067915418932,51.22346828528089,12.737167356199835,47.89771595751154
12.083207505794961,34.40286630552846,12.079402660374688,23.68012012112291,12.077186150767156,17.4335930453486,12.055707814643648,14.911044739768627,12.074725532172009,10.499122459026452,12.040740190384419,1.5954804079472211,12.040740190384419,4.424541145700488,12.164140104350711,4.5119054191642505,12.040740190384419,4.424541145700488,12.040740190384419,4.434819295519752,12.063270481472566,2.677665518677383,12.066783657141206,2.083140381661874,12.070405018122168,1.4703073392925674,12.072454845092524,1.1234207115363546,12.074379404859135,0.7977327110319123,12.34640096197324,49.46391327465875,11.996767872402076,42.46436477086513,12.26413435266238,44.5332920910472,12.058467829385224,50.83675289833093,12.86056727016613,47.49166480121414
12.206635519505474,34.20160214386195,12.20275906878217,23.277059196362373,12.20057185225315,17.113085341853804,12.179100025702647,14.6088821965551,12.19814703630952,10.279513137078666,12.164140104350711,1.621175782495385,12.164140104350711,4.5119054191642505,12.287540018317006,4.601839230082845,12.164140104350711,4.5119054191642505,12.164140104350711,4.529892181347968,12.18666437112421,2.678684997015292,12.190183240756658,2.083196286033793,12.19380460173762,1.4703632436644867,12.195882898527008,1.118658746078328,12.197801764329816,0.793934319539872,12.469800875939535,49.579927890743704,12.120167786368372,42.17432823065269,12.387534266628672,44.22391978148721,12.181867743351516,50.48870905007601,12.983967184132423,46.96959902883174
12.33006353321599,34.00033798219543,12.326115477189651,22.87399827160185,12.323954298952641,16.783405058218364,12.302495491548145,14.315892233482217,12.32156854044703,10.05990381513088,12.287540018317006,1.6417320821339203,12.287540018317006,4.601839230082845,12.410939932283299,4.684064428636972,12.287540018317006,4.601839230082845,12.287540018317006,4.6095478424472915,12.310029790956824,2.6845223451831473,12.31358282437211,2.0832521904057124,12.317204185353072,1.470419148036406,12.319288176106268,1.1177510764842573,12.321201347945268,0.7939902239117913,12.593200789905827,49.676606737481166,12.243567700334664,41.903627459787685,12.510934180594964,43.85654016388486,12.305267657317811,50.276015587253596,13.107367098098715,46.23483979362692
12.4534850373535,33.78072866024763,12.449475140383631,22.480109926981925,12.447336745652136,16.45372477458291,12.425890957393642,14.022902270409318,12.444996554157546,9.858639653464365,12.410939932283299,1.6777056065013554,12.410939932283299,4.684064428636972,12.53433984624959,4.773998239555567,12.410939932283299,4.684064428636972,12.410939932283299,4.696912115911061,12.433395210789437,2.6903596933510023,12.436982407987562,2.0833080947776317,12.440637932751363,1.4646936086123894,12.44268775972172,1.1178069808561766,12.44460093156072,0.7940461282837106,12.71660070387212,49.81195712291367,12.366967614300956,41.613590919575245,12.63433409456126,43.527832084977376,12.39781759279253,50.160000971168586,13.23076701206501,45.461409019727
12.576916305850515,33.588637078721774,12.572834803577612,22.086221582362015,12.570725701924632,16.142389651228754,12.54928642323914,13.729912307336448,12.568411548722052,9.620685171235309,12.53433984624959,1.7085400559591548,12.53433984624959,4.773998239555567,12.657739760215886,4.856223438109701,12.53433984624959,4.773998239555567,12.53433984624959,4.781706851920013,12.556789100441085,2.6913791716889115,12.560381991603014,2.083363999149551,12.564037516366815,1.4647495129843087,12.566104425228593,1.1149721633301262,12.56803467895901,0.788320588859694,12.840000617838415,49.92797173899862,12.490367528267251,41.342890148710296,12.757734008527551,43.16045246737502,12.613767442233543,48.941847502276346,13.354166926031303,44.668642476479704
12.700341064774525,33.37820033691463,12.696191211985093,21.68316065760149,12.694111403410625,15.821881947733957,12.672681889084638,13.436922344263564,12.691833052859563,9.401075849287523,12.657739760215886,1.7342354305073258,12.657739760215886,4.856223438109701,12.781139674182178,4.943587711573471,12.657739760215886,4.856223438109701,12.657739760215886,4.869071125383783,12.68013174441847,2.701070815720726,12.683781575218466,2.08341990352147,12.687437099982267,1.464805417356228,12.689521090735463,1.1121373458040793,12.691434262574463,0.7883764932316133,12.963400531804707,50.04398635508363,12.613767442233543,41.072189377845405,12.881133922493843,42.831744388467484,12.737167356199835,48.76782557814886,13.477566839997595,43.89521170257984
12.823769078485041,33.176936175248116,12.819554129965576,21.298444893122223,12.817493850110116,15.492201664098516,12.796077354930139,13.143932381190666,12.815254556997074,9.181466527339737,12.781139674182178,1.7650698799651252,12.781139674182178,4.943587711573471,12.90453958814847,5.033521522492059,12.781139674182178,4.943587711573471,12.781139674182178,4.943587711573471,12.803525634070114,2.7020902940586353,12.807181158833918,2.0834758078933895,12.810859459452944,1.4610070258641876,12.812920674350915,1.1121932501759986,12.814833846189915,0.7884323976035326,13.086800445770999,50.04398635508363,12.737167356199835,40.782152837632964,13.004533836460139,42.387021693475106,12.86056727016613,48.41978172989394,13.60096675396389,43.10244515933249
12.947197092195553,32.975672013581615,12.942910538373058,20.895383968361685,12.94087955159611,15.171693960603719,12.919472820775637,12.850942418117782,12.938676061134585,8.96185720539195,12.90453958814847,1.7907652545132962,12.90453958814847,5.033521522492059,13.027939502114766,5.126024870865464,12.90453958814847,5.033521522492059,12.90453958814847,5.033521522492059,12.926891053902727,2.707927642226487,12.93058074244937,2.083531712265305,12.93427043099601,1.4591357823041236,12.936320257966367,1.1122491545479143,12.938233429805367,0.7884883019754483,13.210200359737295,50.04398635508363,12.86056727016613,40.51145206676796,13.12793375042643,41.69093399696527,12.983967184132423,47.994394804249,13.724366667930182,42.290342846737644
13.070618596333064,32.75606269163383,12.970582268239452,20.155146183523584,13.064258743509102,14.83284109682765,13.042868286621134,12.557952455044884,13.062094310485593,8.733075303303536,13.027939502114766,1.8267387788807312,13.027939502114766,5.126024870865464,13.151339416081058,5.228806369058134,13.027939502114766,5.126024870865464,13.027939502114766,5.126024870865464,13.05025647373534,2.7137649903943455,13.053980326064822,2.0835876166372245,13.057670014611462,1.4591916866760428,13.059754005364658,1.1065236151238942,13.061667177203658,0.7827627625514317,13.333600273703587,50.04398635508363,12.983967184132423,40.06672937177558,13.251333664392726,40.975510531107886,13.107367098098715,47.317642877086655,13.847766581896474,41.55558361153277
13.194027081324569,32.49976304912349,13.076495927058177,20.31579525934616,13.187624916276084,14.457297912489025,13.166263752466632,12.264962491972,13.185512559836601,8.504293401215108,13.151339416081058,1.8575732283385307,13.151339416081058,5.228806369058134,13.27473933004735,5.32387925488635,13.151339416081058,5.228806369058134,13.151339416081058,5.228806369058134,13.173656057350792,2.7138208947662648,13.177379909680274,2.0836435210091437,13.181103762009753,1.4534661472520263,13.183187752762949,1.1007980756998776,13.185078148746724,0.7808915189913712,13.457000187669879,50.04398635508363,13.107367098098715,39.46732052200315,13.374733578359018,40.24075129590301,13.23076701206501,46.62155518057676,13.960883169698912,40.878831684370425
13.31744858546208,32.280153727175716,13.127863781321741,20.061478077704933,13.31099108904307,14.081754728150386,13.28965596352563,11.962799948758473,13.308934063974112,8.284684079267336,13.27473933004735,1.8884076777963301,13.27473933004735,5.32387925488635,13.398139244013645,5.4292302905338445,13.27473933004735,5.32387925488635,13.27473933004735,5.32387925488635,13.297055640966244,2.713876799138184,13.300796575187144,2.080808703483097,13.304526121480434,1.4496677557599895,13.306610112233626,1.0969996842078409,13.308500508217401,0.7770931274993309,13.580400101636174,50.04398635508363,13.23076701206501,38.82924013353579,13.49813349232531,39.544663599393175,13.354166926031303,45.92546748406693,,
13.440863580026585,32.042199244946644,13.257413397484305,19.70981023180333,13.434357261810055,13.706211543811762,13.413048174584626,11.660637405544946,13.432355568111623,8.065074757319536,13.398139244013645,1.9243812021637652,13.398139244013645,5.4292302905338445,13.521539157979937,5.5268727138168785,13.398139244013645,5.4292302905338445,13.398139244013645,5.4292302905338445,13.420398284943632,2.723568443169995,13.424213240694018,2.0779738859570465,13.427937093023496,1.447796512199929,13.430043859631917,1.0912741447838208,13.43190578579666,0.7761854579052638,13.703800015602466,50.04398635508363,13.354166926031303,38.210495514415925,13.621533406291606,38.84857590288328,13.477566839997595,45.17137247951456,,
13.564278574591095,31.804244762717573,13.364423400138103,19.64545225338,13.557726689363543,13.339840939613765,13.536446895216626,11.376820022612705,13.55576730788963,7.8179476949498365,13.521539157979937,1.9552156516215646,13.521539157979937,5.5268727138168785,13.64493907194623,5.621945599645102,13.521539157979937,5.5268727138168785,13.521539157979937,5.5268727138168785,13.54378648063147,2.725551495473894,13.54761282430947,2.0780297903289657,13.55136514645798,1.4430345467418988,13.553471913066405,1.0865121793257941,13.555333839231144,0.7714234924472336,13.827199929568758,50.04398635508363,13.477566839997595,37.591750895296116,13.744933320257898,38.15248820637345,13.60096675396389,44.41727747496225,,
13.687700078728605,31.584635440769787,13.436264566699945,19.08134350622548,13.681092862130525,12.96429775527514,13.659842361062124,11.083830059539821,13.679185557240638,7.589165792861408,13.64493907194623,1.988619638534189,13.64493907194623,5.621945599645102,13.76099375293834,5.705639105316273,13.64493907194623,5.621945599645102,13.64493907194623,5.621945599645102,13.667186064246922,2.7256073998458135,13.671018101888729,2.077122120734895,13.674781811964854,1.4401997292158484,13.676905660464696,1.080786639901774,13.678750504738014,0.7685886749211832,13.950599843535054,50.04398635508363,13.60096675396389,36.973006276176136,13.86833323422419,37.39839320182108,13.724366667930182,43.721189778452356,,
13.811111818506609,31.337508378400088,13.558126098164225,18.608826705621226,13.804462289684013,12.597927151077144,13.783234572121122,10.781667516326294,13.802607061378149,7.369556470913622,13.768338985912525,2.022023625446799,13.76099375293834,5.71004402666739,13.891738899878817,5.819799983665995,13.76099375293834,5.71004402666739,13.76099375293834,5.71004402666739,13.790579953898567,2.7266268781837226,13.794446155323213,2.0723601552768685,13.79820417143553,1.4364013377238116,13.800328019935373,1.0769882484097373,13.802167170244887,0.7657538573951364,14.073999757501346,50.04398635508363,13.724366667930182,36.33492588770878,13.991733148190486,36.702305505311244,13.847766581896474,43.02510208194252,,
13.93453006785762,31.108726476311674,13.682948090436389,18.192668435438662,13.927831717237497,12.231556546879176,13.90663003796662,10.48867755325341,13.92602856551566,7.14994714896585,13.891738899878817,2.0554276123594164,13.89945139450171,5.814660908756359,14.015138813845109,5.917442406949029,13.89945139450171,5.814660908756359,13.89945139450171,5.814660908756359,13.913922597875954,2.7363185222155337,13.917845738938665,2.072416059648784,13.921620836942404,1.4335665201977612,13.923761767333664,1.0712627089857172,13.925578141787954,0.7638826138350723,14.197399671467641,50.04398635508363,13.847766581896474,35.71618126858891,14.115133062156778,35.98688203945386,13.97116649586277,42.290342846737644,,
14.057941807635624,30.86159941394199,13.806291479697864,17.752917190115582,14.05119463521798,11.846840782399909,14.03002875859862,10.204860170321155,13.998083029086233,7.186948153694445,14.015138813845109,2.0888315992720408,14.010731674060597,5.917075330169773,14.138538727811405,6.004806680412798,14.010731674060597,5.917075330169773,14.010731674060597,5.917075330169773,14.0373164875276,2.737338000553443,14.041245322554117,2.0724719640207034,14.045043196413081,1.429768128705721,14.047189820768148,1.066500743527687,,,14.320799585433933,50.04398635508363,13.97116649586277,35.0974366494691,14.23853297612307,35.252122804248984,14.094566409829062,41.57491938088026,,
14.181360056986636,30.63281751185356,13.922269752075907,17.273823184580976,14.174564062771468,11.480470178201912,14.143157976861035,9.983371948892938,,,14.138538727811405,2.122235586184658,14.138538727811405,6.0407802047802335,14.261938641777697,6.099879566241022,14.138538727811405,6.0407802047802335,14.138538727811405,6.0407802047802335,14.160716071143051,2.737393904925362,14.164644906169569,2.0725278683926227,14.168471249847565,1.4250061632476942,14.139773672262576,1.0607612280106906,,,14.444199499400225,50.04398635508363,14.094566409829062,34.47869203034912,14.361932890089365,34.55603510773915,14.166549692976067,41.342890148710296,,
14.304778306337644,30.40403560976513,14.027178379319915,16.67380012277978,14.297933490324953,11.11409957400393,,,,,14.261938641777697,2.1556395730972753,14.261938641777697,6.138422628063267,14.385338555743989,6.189813377159609,14.261938641777697,6.138422628063267,14.261938641777697,6.138422628063267,14.284092878903278,2.7413041051612375,14.28807865356786,2.0668023289686026,14.291882221390631,1.4231349196876337,,,,,14.567599413366521,50.04398635508363,14.217966323795354,33.85994741122926,14.485332804055657,33.85994741122926,,,,
14.428196555688652,30.175253707676703,14.155718848927686,16.37853920639789,14.421296408305436,10.729383809524649,,,,,14.385338555743989,2.1890435600098925,14.385338555743989,6.238634588801126,14.508738469710284,6.300303487716725,14.385338555743989,6.238634588801126,14.385338555743989,6.223217364072227,14.407446910808277,2.7490686012610723,14.411478237183312,2.066858233340522,14.415304580861308,1.4193365281955934,,,,,14.690999327332813,50.04398635508363,14.34136623776165,33.26053856145688,14.60873271802195,33.16385971471942,,,,
14.551621314612666,29.964816965869545,14.279081766908169,15.993823441918622,14.544669090645426,10.372185785467295,,,,,14.508738469710284,2.219878009467699,14.508738469710284,6.341416086993796,14.632138383676576,6.392806836090131,14.508738469710284,6.341416086993796,14.508738469710284,6.315720712445625,14.530846494423729,2.7491245056329916,14.534877820798764,2.066914137712441,14.538732634295796,1.4145745627375668,,,,,14.814399241299105,50.04398635508363,14.464766151727941,32.62245817298947,14.690999327332813,32.815815866464504,,,,
14.675042818750173,29.74520764392176,14.402425156169643,15.554072196595527,14.66805479213142,10.051678081972497,,,,,14.632138383676576,2.255851533835127,14.632138383676576,6.43905851027683,14.755538297642868,6.516144633921336,14.632138383676576,6.43905851027683,14.632138383676576,6.428780360457566,14.654246078039181,2.749180410004911,14.65830018026944,2.0631157462204044,14.65185461324043,1.4136622344458338,,,,,14.9377991552654,50.04398635508363,14.588166065694233,32.00371355386966,,,,,,
14.79845455852818,29.498080581552074,14.483120612932241,15.082688230773613,,,,,,,14.755538297642868,2.2866859832929265,14.755538297642868,6.56753538301767,14.878938211609164,6.642051969207358,14.755538297642868,6.56753538301767,14.755538297642868,6.56753538301767,14.777611497871794,2.7550177581727695,14.781711151812507,2.061244502660344,,,,,,,15.061199069231693,49.966643277693606,14.711565979660529,31.40430470409723,,,,,,
14.92187606266569,29.278471259604288,14.611410657716691,14.77224782145774,,,,,,,14.878938211609164,2.320089970205551,14.878938211609164,6.667747343755529,15.002338125575456,6.770528841948199,14.878938211609164,6.667747343755529,14.878938211609164,6.667747343755529,14.900976917704403,2.760855106340621,14.905110735427956,2.0613004070322596,,,,,,,15.184598983197985,49.889300200303694,14.834965893626821,30.76622431562987,,,,,,
15.045294312016699,29.049689357515874,14.715508159053057,14.585798766503231,,,,,,,15.002338125575456,2.353493957118168,15.002338125575456,6.775667916857834,15.125738039541748,6.88615802741495,15.002338125575456,6.775667916857834,15.002338125575456,6.775667916857834,15.024376501319855,2.7609110107125403,15.028510319043408,2.061356311404179,,,,,,,15.30799889716428,49.73461404552364,14.958365807593113,30.050800849772543,,,,,,
15.168693032648699,28.765871974583618,14.834104235079293,13.95073477698024,,,,,,,15.125738039541748,2.3946065563952317,15.125738039541748,6.88615802741495,15.249137953508043,6.996648137972066,15.125738039541748,6.88615802741495,15.125738039541748,6.88615802741495,15.147776084935307,2.7609669150844596,15.15190990265886,2.061412215776098,,,,,,,15.431398811130572,49.63793519878618,15.081765721559409,29.238698537177697,,,,,,
15.292108027213208,28.52791749235456,14.957444369554265,13.501810951516532,,,,,,,15.249137953508043,2.440858230581931,15.249137953508043,6.996648137972066,15.362254541310477,7.089665393836434,15.249137953508043,6.996648137972066,15.249137953508043,6.996648137972066,15.27117566855076,2.761022819456379,15.275309486274312,2.0614681201480174,,,,,,,15.554798725096864,49.48324904400624,15.2051656355257,28.38792468588781,,,,,,
15.41551325741821,28.26244526970359,15.080777994456232,13.03454196577151,,,,,,,15.372537867474335,2.476831754949373,15.362254541310477,7.089665393836434,,,15.362254541310477,7.089665393836434,15.362254541310477,7.089665393836434,15.394575252166211,2.761078723828298,15.3678591739859,2.061510048426957,,,,,,,15.67819863906316,49.405905966616274,15.318282223328138,27.69957129711696,,,,,,
15.538924997196217,28.015318207333877,15.204118128931205,12.585618140307773,,,,,,,15.495937781440627,2.5179443542264366,,,,,,,,,15.517940671998824,2.766916071996153,,,,,,,,,15.801598553029452,49.251219811836336,,,,,,,,
15.662326972614716,27.740673404542264,15.327448499046673,12.109176574422136,,,,,,,15.619337695406923,2.5641960284131358,,,,,,,,,15.641306091831437,2.772753420164012,,,,,,,,,15.924998466995744,49.15454096509876,,,,,,,,
15.785719183673715,27.438510861328737,15.420001608003803,11.907779262398762,,,,,,,15.742737609373215,2.6027390902353886,,,,,,,,,15.764705675446889,2.772809324535931,,,,,,,,,16.04839838096204,48.99985481031882,,,,,,,,
15.909127668665215,27.18221121881841,,,,,,,,,15.86613752333951,2.6412821520576415,,,,,,,,,15.88810525906234,2.772865228907847,,,,,,,,,16.17179829492833,48.90317596358136,,,,,,,,
16.03252313451071,26.889221255745525,,,,,,,,,15.989537437305803,2.6875338262443407,,,,,,,,,16.011504842677795,2.772921133279766,,,,,,,,,16.295198208894625,48.76782557814886,,,,,,,,
16.155934874288718,26.642094193375826,,,,,,,,,16.112937351272095,2.723507350611783,,,,,,,,,16.134904426293247,2.7729770376516854,,,,,,,,,16.41859812286092,48.70981827010638,,,,,,,,
16.279330340134216,26.34910423030294,,,,,,,,,16.23633726523839,2.7620504124340357,,,,,,,,,16.2583040099087,2.7730329420236046,,,,,,,,,16.54199803682721,48.535796345978895,,,,,,,,
16.402742079912223,26.101977167933242,,,,,,,,,16.359737179204682,2.8108716240755456,,,,,,,,,16.381680817668922,2.77694314225948,,,,,,,,,16.665397950793505,48.38111019119896,,,,,,,,
16.52615381969023,25.85485010556353,,,,,,,,,16.483137093170974,2.8468451484429877,,,,,,,,,16.505034849573924,2.784707638359315,,,,,,,,,16.7887978647598,48.30376711380899,,,,,,,,
16.649555795108732,25.58020530277193,,,,,,,,,16.60653700713727,2.8853882102652406,,,,,,,,,16.628434433189376,2.784763542731234,,,,,,,,,16.91219777872609,48.14908095902905,,,,,,,,
16.77296753488674,25.33307824040223,,,,,,,,,16.729936921103562,2.93163988445194,,,,,,,,,16.75183401680483,2.7848194471031533,,,,,,,,,17.035597692692384,47.95572326555401,,,,,,,,
16.896359745945738,25.030915697188703,,,,,,,,,16.853336835069854,2.9701829462741927,,,,,,,,,16.87523360042028,2.784875351475069,,,,,,,,,17.15899760665868,47.68502249468912,,,,,,,,
17.01976497615074,24.765443474537733,,,,,,,,,16.97673674903615,3.0087260080964455,,,,,,,,,16.998633184035732,2.7849312558469883,,,,,,,,,17.28239752062497,47.39498595447668,,,,,,,,
17.143160441996237,24.472453511464835,,,,,,,,,17.10013666300244,3.062686294647598,,,,,,,,,17.122032767651184,2.7849871602189076,,,,,,,,,17.405797434591264,47.124285183611676,,,,,,,,
17.266552653055236,24.170290968251322,,,,,,,,,17.223536576968733,3.111507506289108,,,,,,,,,17.245432351266636,2.785043064590827,,,,,,,,,17.52919734855756,46.834248643399235,,,,,,,,
17.389948118900733,23.87730100517844,,,,,,,,,17.34693649093503,3.1577591804758143,,,,,,,,,17.36883193488209,2.785098968962746,,,,,,,,,17.652597262523848,46.563547872534286,,,,,,,,
17.51334358474623,23.58431104210554,,,,,,,,,17.47033640490132,3.211719467026967,,,,,,,,,17.49225429435276,2.7813005774707094,,,,,,,,,17.775997176490144,46.292847101669395,,,,,,,,
17.63673905059173,23.29132107903264,,,,,,,,,17.593736318867613,3.260540678668491,,,,,,,,,17.61569942967867,2.773647890114713,,,,,,,,,17.89939709045644,46.002810561456954,,,,,,,,
17.760134516437226,22.998331115959772,,,,,,,,,17.71713623283391,3.309361890310008,,,,,,,,,17.739099013294123,2.7737037944866287,,,,,,,,,18.022797004422728,45.73210979059195,,,,,,,,
17.883529982282724,22.705341152886888,,,,,,,,,17.8405361468002,3.358183101951518,,,,,,,,,17.862498596909575,2.773759698858548,,,,,,,,,18.146196918389023,45.44207325037951,,,,,,,,
18.00692544812822,22.41235118981399,,,,,,,,,17.963936060766493,3.404434776138224,,,,,,,,,17.985898180525027,2.7738156032304673,,,,,,,,,18.26959683235532,45.248715556904585,,,,,,,,
18.13032091397372,22.119361226741105,,,,,,,,,18.087335974732788,3.4583950626893767,,,,,,,,,18.10929776414048,2.7738715076023865,,,,,,,,,18.392996746321607,45.01668632473462,,,,,,,,
18.253716379819217,21.82637126366822,,,,,,,,,18.21073588869908,3.5072162743309008,,,,,,,,,18.23269734775593,2.773927411974306,,,,,,,,,18.516396660287903,44.72664978452218,,,,,,,,
18.377111845664714,21.533381300595337,,,,,,,,,18.334135802665372,3.5560374859724178,,,,,,,,,18.356108319298997,2.7720561684142453,,,,,,,,,18.6397965742542,44.455949013657175,,,,,,,,
18.50050731151022,21.240391337522453,,,,,,,,,18.457535716631668,3.6074282350687525,,,,,,,,,18.479559148588706,2.763439907092259,,,,,,,,,18.763196488220487,44.06923362670727,,,,,,,,
18.623902777355717,20.947401374449555,,,,,,,,,18.58093563059796,3.6536799092554517,,,,,,,,,18.602964426167965,2.7625322374981884,,,,,,,,,18.886596402186782,43.77919708649483,,,,,,,,
18.747298243201215,20.654411411376657,,,,,,,,,18.704335544564252,3.7076401958066043,,,,,,,,,18.726364009783417,2.762588141870104,,,,,,,,,19.009996316153078,43.4698247769349,,,,,,,,
18.870700218619717,20.379766608585058,,,,,,,,,18.827735458530547,3.7538918699933106,,,,,,,,,18.84976359339887,2.7626440462420234,,,,,,,,,19.133396230119367,43.00576631259497,,,,,,,,
18.994098939251714,20.095949225652816,,,,,,,,,18.95113537249684,3.8027130816348276,,,,,,,,,18.97316317701432,2.7626999506139427,,,,,,,,,19.256796144085662,42.541707848255044,,,,,,,,
19.117474876378203,19.74792378173609,,,,,,,,,19.07453528646313,3.85667336818598,,,,,,,,,19.096574148557387,2.760828707053882,,,,,,,,,19.380196058051958,42.077649383915116,,,,,,,,
19.240867087437202,19.445761238522564,,,,,,,,,19.197935200429427,3.9106336547371328,,,,,,,,,19.220030671810903,2.751248871765906,,,,,,,,,19.503595972018246,41.613590919575245,,,,,,,,
19.36424302456369,19.097735794605867,,,,,,,,,19.32133511439572,3.9620244038334675,,,,,,,,,19.343430255426355,2.7513047761378253,,,,,,,,,19.62699588598454,41.14953245523532,,,,,,,,
19.48760594254417,18.7130200301266,,,,,,,,,19.444735028362015,4.018554227839431,,,,,,,,,19.466829839041807,2.7513606805097446,,,,,,,,,19.750395799950837,40.68547399089539,,,,,,,,
19.61098513445716,18.374167166350503,,,,,,,,,19.568134942328307,4.069944976935773,,,,,,,,,19.59025219851248,2.747562289017708,,,,,,,,,19.873795713917126,40.20207975720808,,,,,,,,
19.73436107158365,18.026141722433792,,,,,,,,,19.6915348562946,4.123905263486925,,,,,,,,,19.71369733383839,2.739909601661708,,,,,,,,,19.99719562788342,39.75735706221559,,,,,,,,
19.857743518283144,17.696461438798366,,,,,,,,,19.814934770260894,4.175296012583253,,,,,,,,,19.83709691745384,2.739965506033627,,,,,,,,,20.120595541849717,39.27396282852828,,,,,,,,
19.98112596498263,17.366781155162926,,,,,,,,,19.938334684227186,4.2318258365892305,,,,,,,,,19.9605021950331,2.7390578364395566,,,,,,,,,20.243995455816005,38.809904364188355,,,,,,,,
20.104508411682126,17.037100871527485,,,,,,,,,20.06173459819348,4.283216585685558,,,,,,,,,20.08393024846758,2.73429587098153,,,,,,,,,20.3673953697823,38.326510130500935,,,,,,,,
20.227887603595114,16.698248007751403,,,,,,,,,20.185134512159774,4.3346073347819,,,,,,,,,20.207363995865876,2.72857033155751,,,,,,,,,20.490795283748596,37.86245166616101,,,,,,,,
20.351263540721604,16.350222563834706,,,,,,,,,20.308534426126066,4.388567621333046,,,,,,,,,20.330763579481328,2.728626235929429,,,,,,,,,20.614195197714892,37.39839320182108,,,,,,,,
20.4746459874211,16.020542280199265,,,,,,,,,20.431934340092358,4.442527907884198,,,,,,,,,20.45416316309678,2.7286821403013484,,,,,,,,,20.73759511168118,36.93433473748121,,,,,,,,
20.598028434120593,15.690861996563811,,,,,,,,,20.555334254058653,4.49391865698054,,,,,,,,,20.57761399238649,2.720065878979362,,,,,,,,,20.860995025647476,36.47027627314128,,,,,,,,
20.721410880820088,15.36118171292837,,,,,,,,,20.678734168024942,4.547878943531693,,,,,,,,,20.701030657893362,2.7172310614533117,,,,,,,,,20.963828287286056,36.093228770865096,,,,,,,,
20.844790072733076,15.022328849152302,,,,,,,,,20.802134081991237,4.604408767537656,,,,,,,,,20.824430241508814,2.717286965825231,,,,,,,,,,,,,,,,,,
20.96817902900557,14.710993725798147,,,,,,,,,20.925533995957533,4.655799516633998,,,,,,,,,20.947835519088073,2.7163792962311604,,,,,,,,,,,,,,,,,,
