143_headxflow,,137_headxflow,,127_headxflow,,117_headxflow,,105_headxflow,,all_npshxflow,,143_powerxflow,,137_powerxflow,,127_powerxflow,,117_powerxflow,,105_powerxflow,,143_effxflow,,137_effxflow,,127_effxflow,,117_effxflow,,105_effxflow,
X,Y,X,Y,X,Y,X,Y,X,Y,X,Y,X,Y,X,Y,X,Y,X,Y,X,Y,X,Y,X,Y,X,Y,X,Y,X,Y
0.7428822404217517,37.295271402504014,0.7428822404217517,34.11452412571591,0.992935717374209,29.413156440287885,0.992935717374209,24.78154198461398,1.356649865668695,19.59190169090708,0.7428822404217517,0.9845349561308794,0.7434608091448229,1.0981642218949084,0.6524614554535422,0.9901723178807948,0.9937090317958415,0.7762149612580593,0.9937090317958415,0.5584697650883541,1.3577064465609592,0.331712417942331,0.7434608091448212,10.334683964493593,0.7434608091448212,9.039441896856601,0.9937090317958415,13.171880874555768,0.9937090317958415,14.426004146394916,1.334956608138139,20.55270472029713
0.8792750460321841,37.22551817274989,0.8792750460321841,34.037795572986376,1.1293285229846415,29.329452564582937,1.1293285229846415,24.711788754859846,1.4930426712791256,19.543074430079187,0.8792750460321841,0.9955495837835571,0.8799598396817423,1.11193896119552,0.7889604859904615,0.9883938288835701,1.1302080623327608,0.7863301174297703,1.1302080623327608,0.5658402339133843,1.4942054770978803,0.3399977825495881,0.8799598396817405,11.506569644736715,0.8799598396817405,10.273005770796658,1.1302080623327608,14.364325952697868,1.1302080623327608,15.659568020334973,1.4714556386750601,21.642352808944338
1.0156678516426147,37.14878962002035,1.0156678516426147,33.96804234323225,1.2657213285950721,29.266674657804224,1.2657213285950721,24.642035525105733,1.6294354768895563,19.466345877349653,1.0156678516426147,1.0175788390889124,1.0164588702186617,1.1247988047139081,0.9254595165273809,0.9994238808375044,1.266707092869682,0.7946154820370275,1.266707092869682,0.575040494302872,1.6307045076348015,0.3455384598101716,1.0164588702186599,12.678455324979723,1.0164588702186599,11.323591003435581,1.2667070928696802,15.515652235041898,1.2755542522563346,16.33117501836898,1.6079546692119777,22.73200089759132
1.1520606572530472,37.079036390266225,1.1520606572530472,33.89828911347812,1.4021141342055063,29.196921428050096,1.4021141342055063,24.586232941302427,1.7658282824999905,19.410543293546354,1.152060657253049,1.0175788390889124,1.1529579007555792,1.1376586482322928,1.061958547064302,1.0077092454447651,1.4032061234065996,0.8047306382087385,1.4032061234065996,0.5833258589101327,1.767203538171719,0.3510791370707551,1.152957900755581,13.644747026232835,1.2894569312924986,13.850341005222845,1.4032061234066013,16.646419119487064,1.4145810426180105,17.48250130071301,1.7444536997488989,23.780530190440345
1.2884534628634778,37.009283160512105,1.2884534628634778,33.83551120669941,1.538506939815937,29.141118844246797,1.538506939815937,24.516479711548307,1.9022210881104211,19.361716032718462,1.2884534628634796,1.025839809828419,1.2894569312925004,1.1523482833151313,1.1984575776012196,1.0153846795305412,1.5397051539435207,0.8157606901626728,1.5397051539435207,0.5906963277351593,1.9037025687086402,0.35844960589578534,1.3235816889267298,15.053065782314434,1.4259559618294197,15.022226685465853,1.539705153943519,17.797745401831094,1.5478300962373837,18.87270820626452,1.88095273028582,24.89073767698642
1.4248462684739085,36.93952993075798,1.4248462684739085,33.758782653969874,1.6748997454263677,29.07136561449267,1.6748997454263677,24.460677127745,2.0386138937208518,19.298938125939742,1.4248462684739103,1.042361751307439,1.4259559618294215,1.1670379183979698,1.3349566081381408,1.030226797243749,1.6762041844804383,0.8249609505521605,1.6762041844804383,0.5980667965601967,2.0402015992455578,0.362160491591915,1.4145810426180105,15.741805611930886,1.562454992366341,16.111874774112948,1.67620418448044,18.825715296781027,1.6843291267743048,19.982915692810593,2.0174517608227376,25.898148174037487
1.5612390740843427,36.86280137802844,1.5612390740843427,33.69600474719116,1.8112925510368019,29.008587707713957,1.8112925510368019,24.39092389799088,2.175006699331286,19.222209573210208,1.5612390740843445,1.0506227220469455,1.5624549923663391,1.179897761916358,1.471455638675062,1.0472036717821496,1.8127032150173594,0.8350761067238643,1.8127032150173594,0.6081819527319041,2.176700629782479,0.37136075198139906,1.5852048307891593,17.222082260659022,1.6989540229032585,17.263201056457092,1.8127032150173576,19.9359227833271,1.8208281573112224,21.022633815131485,2.1539507913596587,26.884999273189578
1.6976318796947734,36.7860728252989,1.6976318796947734,33.63322684041245,1.9476853566472325,28.93883447795983,1.9476853566472325,24.34209663716299,2.3113995049417166,19.16640698940691,1.6976318796947751,1.0643910066127944,1.6989540229032603,1.1936725012169696,1.6079546692119795,1.0591486195183109,1.9492022455542806,0.8451912628955789,1.9492022455542806,0.614637525774711,2.3131996603193965,0.37415674189530534,1.7217038613260804,18.4350867367001,1.8354530534401796,18.291170951407025,1.9492022455542788,21.005011474075218,1.9492022455542788,22.361931735409257,2.2904498218965763,27.892409770240533
1.834024685305204,36.71631959554478,1.834024685305204,33.55649828768291,2.084078162257663,28.876056571181117,2.084078162257663,24.27234340740886,2.4477923105521473,19.11060440560361,1.8340246853052058,1.0781592911786362,1.8354530534401778,1.2083621362998045,1.7444536997489006,1.0710935672544757,2.085701276091198,0.854391523285063,2.085701276091198,0.6220079945997483,2.4496986908563176,0.38335700228478586,1.858202891862998,19.442497233751055,1.9719520839770972,19.339700244256164,2.0857012760911964,21.93018437953026,2.093826218385061,23.154937082942183,2.4269488524334974,28.838142073594668
1.9704174909156382,36.646566365790655,1.9704174909156382,33.4937203809042,2.220470967868094,28.813278664402404,2.220470967868094,24.20956550063015,2.5841851161625815,19.047826498824904,1.9704174909156364,1.0836666050049786,1.971952083977099,1.2221368756004196,1.8809527302858182,1.0839534107728603,2.2222003066281193,0.8654215752389973,2.2222003066281193,0.6312082549892288,2.586197721393239,0.38615299219869215,1.9947019223999192,20.429348332903146,2.0905762414675166,20.511585924499173,2.2199253227858335,22.682658342633772,2.2222003066281175,24.376752729511395,2.563447882970415,29.742755581150618
2.106810296526069,36.56983781306112,2.106810296526069,33.42396715115007,2.356863773478528,28.73655011167287,2.356863773478528,24.13981227087603,2.720577921773012,18.978073269070762,2.1068102965260707,1.0946812326576492,2.10845111451402,1.2349967191188043,2.0174517608227394,1.0949834627267983,2.358699337165037,0.874621835628485,2.358699337165037,0.6404085153787129,2.7226967519301564,0.39535325258817977,2.1312009529368368,21.457318227853307,2.2222003066281175,21.251724248863184,2.3321578590050827,23.554376813551357,2.3586993371650387,25.384163226562464,2.699946913507336,30.626809690807704
2.2432031021364995,36.500084583306986,2.2432031021364995,33.354213921395946,2.4932565790889587,28.68074752786957,2.4932565790889587,24.090985010048136,2.856970727383443,18.929246008242885,2.2432031021365013,1.1139568310498404,2.2449501450509377,1.2496863542016428,2.153950791359657,1.106928410462956,2.495198367701958,0.8847369918001888,2.495198367701958,0.6477789842037431,2.8591957824670775,0.39906413828430587,2.267699983473758,22.403050531207214,2.3538243717887184,22.203330665902627,2.5217398458619122,24.808500085390392,2.4951983677019562,26.350454927815463,2.8364459440442573,31.449185606767855
2.3795959077469337,36.41638070760204,2.3795959077469337,33.284460691641826,2.6296493846993894,28.610994298115443,2.6296493846993894,24.02123178029401,2.993363532993877,18.873443424439586,2.379595907746932,1.1167104879630116,2.381449175587859,1.2634610935022579,2.290449821896578,1.1188733581991208,2.6316973982388756,0.8948521479718998,2.6316973982388756,0.6551494530287805,2.995694813003995,0.40643460710933965,2.5406980445475966,24.294515137915482,2.4117822934849507,23.163748253470317,2.6582388763988334,25.63087600135043,2.6316973982388774,27.25506843537164,2.972944974581175,32.43603670591983
2.5159887133573644,36.353602800823325,2.5159887133573644,33.2147074618877,2.7660421903098236,28.54821639133673,2.7660421903098236,23.958453873515296,3.1297563386043077,18.79671487171005,2.515988713357366,1.138739743268367,2.5179482061247764,1.2772358328028695,2.4269488524334992,1.1299034101530552,2.7681964287757967,0.9040524083613839,2.7681964287757967,0.664349713418261,3.1321938435409162,0.4119752843699196,2.6771970750845178,25.199128645471433,2.5390730560888244,23.61311795040558,2.870570701678485,27.21394963957357,2.768196428775795,28.200800738725547,3.109444005118096,33.23785322398089
2.652381518967795,36.27687424809379,2.652381518967795,33.137978909158164,2.9024349959202542,28.485438484558017,2.9024349959202542,23.895675966736583,3.2661491442147383,18.73393696493133,2.652381518967797,1.1497543709210447,2.6544472366616976,1.291010572103481,2.563447882970417,1.1409334621069895,2.904695459312718,0.9132526687508715,2.904695459312718,0.6726350780255217,3.268692874077834,0.4175159616305031,2.8136961056214354,26.08318275512852,2.6235724559450126,24.811437142233217,3.004226002412551,28.11342329765489,2.904695459312716,29.105414246281725,3.2459430356550136,34.06022913994093
2.7887743245782293,36.20014569536425,2.7887743245782293,33.06125035642862,3.038827801530685,28.408709931828483,3.038827801530685,23.832898059957877,3.402541949825169,18.68510970410344,2.7887743245782275,1.1635226554868936,2.790946267198615,1.3057002071863195,2.699946913507338,1.1519635140609275,3.0411944898496355,0.9242827207048059,3.0411944898496355,0.6790906510683286,3.405191904614755,0.42488643045553687,2.9501951361583565,26.946677466886626,2.74057162497666,24.987660552796115,3.137881303146621,28.930659364140183,3.0411944898496337,29.989468355938698,3.3824420661919348,34.86204565800199
2.92516713018866,36.123417142634715,2.92516713018866,32.98452180369909,3.175220607141119,28.34593202504977,3.175220607141119,23.763144830203757,3.538934755435603,18.615356474349326,2.9251671301886617,1.1800445969659066,2.9274452977355363,1.3185600507047077,2.8364459440442555,1.1648233575793085,3.1776935203865566,0.93348298109429,3.1776935203865566,0.6873760156755857,3.541690935151676,0.4285973161516665,3.086694166695274,27.81017217864462,2.881945620889894,25.836469980340553,3.2735678394541523,29.99240541278141,3.177693520386555,30.811844271898735,3.5189410967288524,35.62274338026498
3.0615599357990906,36.04668858990518,3.0615599357990906,32.914768573944954,3.3116134127515497,28.276178795295642,3.3116134127515497,23.69339160044963,3.675327561046034,18.5456032445952,3.0615599357990924,1.1938128815317484,3.0639443282724574,1.3323347900053193,2.9729449745811767,1.1758534095332465,3.314192550923474,0.942683241483774,3.314192550923474,0.6956613802828464,3.6781899656885937,0.4359677849767003,3.223193197232195,28.632548094604658,2.9236536579984005,27.131712047977544,3.549815877445539,31.66652781312871,3.314192550923476,31.675338983656843,3.6554401272657735,36.3628817046291
3.197952741409525,35.96298471420023,3.197952741409525,32.83804002121542,3.4480062183619804,28.192474919590694,3.4480062183619804,23.623638370695495,3.8117203666564645,18.461899368890244,3.197952741409523,1.2130884799239396,3.200443358809375,1.3442797377414806,3.1094440051180943,1.1868834614871808,3.4506915814603953,0.9518835018732581,3.4506915814603953,0.7021169533256533,3.814688996225515,0.43967867067282995,3.359692227769113,29.516602204261744,3.0411944898496337,26.884999273189578,3.678189965688592,32.68274948070791,3.4506915814603936,32.4771555017179,3.7919391578026946,37.103020028993114
3.3343455470199554,35.879280838495276,3.3343455470199554,32.75433614551047,3.5843990239724146,28.122721689836567,3.5843990239724146,23.54690981796596,3.9481131722668987,18.406096785086945,3.3343455470199572,1.2241031075766173,3.336942389346296,1.3562246854776419,3.2459430356550154,1.1979135134411187,3.587190611997313,0.9610837622627422,3.587190611997313,0.7094874221506835,3.9511880267624324,0.44704913949786373,3.496191258306034,30.29785932442371,3.1390187950677593,28.110339387970043,3.814688996225513,33.46400660086988,3.5871906119973147,33.25841262187987,3.9284381883396122,37.843158353357126
3.470738352630386,35.79557696279033,3.470738352630386,32.684582915756344,3.7207918295828453,28.052968460082447,3.7207918295828453,23.477156588211834,4.084505977877329,18.336343555332817,3.470738352630388,1.2461323628819727,3.4734414198832138,1.36908452899603,3.3824420661919365,1.208943565395053,3.723689642534234,0.9693691268700029,3.723689642534234,0.7186876825401711,4.0876870572993536,0.45076002519398983,3.632690288842955,31.14079463828284,3.189068439597964,27.789612780745642,3.951188026762434,34.26582311893094,3.7236896425342323,34.08078853783991,4.064937218876533,38.54217788192318
3.6071311582408168,35.71187308708538,3.6071311582408168,32.614829686002224,3.857184635193276,27.98321523032832,3.857184635193276,23.407403358457714,4.22089878348776,18.26659032557869,3.6071311582408185,1.2571469905346504,3.609940450420135,1.3828592682966416,3.518941096728854,1.2199736173489875,3.860188673071155,0.9858885535172881,3.860188673071155,0.725143255582978,4.224186087836275,0.45813049401902717,3.7691893193798727,31.86037356474776,3.302817631712063,29.446112840036562,4.224186087836273,35.80777796135601,3.8601886730711534,34.82092686220403,4.201436249413451,39.200078614691165
3.743523963851251,35.63514453435584,3.743523963851251,32.531125810297276,3.9935774408037066,27.89951135462337,3.9935774408037066,23.337650128703586,4.357291589098194,18.203812418799984,3.7435239638512527,1.2791762458400058,3.7464394809570525,1.3957191118150298,3.6554401272657753,1.2310036693029254,3.996687703608073,0.9941739181245488,3.996687703608073,0.7315988286257848,4.360685118373192,0.4618413797151568,3.905688349916794,32.579952491212794,3.302817631712063,28.529751105109654,4.3606851183731905,36.52735688782104,3.996687703608071,35.561065186568044,4.337935279950372,39.85797934745926
3.8799167694616816,35.558415981626304,3.8799167694616816,32.46137258054315,4.129970246414141,27.829758124869237,4.129970246414141,23.26789689894946,4.493684394708625,18.12708386607045,3.8799167694616834,1.2929445304058476,3.8829385114939736,1.4094938511156379,3.791939157802693,1.2420337212568597,4.133186734144994,1.001544386949579,4.133186734144994,0.7407990890152689,4.497184148910113,0.47012674432241397,4.042187380453711,33.27897201977885,3.43476669456442,31.31760546021428,4.497184148910112,37.18525762058914,4.269685764681913,37.02078243739709,4.47443431048729,40.536439478126226
4.016309575072112,35.47471210592135,4.016309575072112,32.384644027813614,4.2663630520245714,27.753029572139702,4.2663630520245714,23.19814366919534,4.630077200319056,18.050355313340916,4.016309575072114,1.314973785711203,4.019437542030895,1.4205239030695758,3.928438188339614,1.253063773210794,4.2696857646819115,1.01165954312129,4.2696857646819115,0.7472546620580758,4.633683179447031,0.47292273423632025,4.1786864109906325,34.01911034414297,3.4506915814603936,29.393245816867648,4.633683179447029,37.904836547054174,4.406184795218831,37.71980196596314,4.610933341024211,41.1121026192983
4.1527023806825465,35.3910082302164,4.1527023806825465,32.300940152108666,4.402755857635002,27.683276342385575,4.402755857635002,23.121415116465798,4.76647000592949,17.98060208358679,4.152702380682545,1.331495727190223,4.155936572567812,1.4333837465879604,4.064937218876535,1.2613491378180548,4.406184795218833,1.0199449077285507,4.406184795218833,0.7537102351008826,4.770182209983952,0.4802932030613505,4.31518544152755,34.73868927060789,3.5815031523916083,31.336108918323248,4.77018220998395,38.54217788192318,4.815681886829591,39.652385368469254,4.747432371561132,41.70832515836935
4.289095186292977,35.30730435451145,4.289095186292977,32.21723627640371,4.539148663245436,27.60654778965604,4.539148663245436,23.051661886711678,4.90286281153992,17.917824176808068,4.289095186292979,1.348017668669236,4.2924356031047335,1.4462435901063522,4.201436249413453,1.2705493982075389,4.542683825755754,1.0236557934246804,4.542683825755754,0.7629104954903667,4.90668124052087,0.485833880321934,4.451684472064471,35.37603060547701,3.575815692785902,30.133384141231772,4.9066812405208715,39.241197410489235,4.952180917366508,40.20748911174235,4.8839314020980495,42.28398829954142
4.425487991903408,35.21662515583108,4.425487991903408,32.13353240069876,4.675541468855867,27.543769882877328,4.675541468855867,22.98190865695755,5.039255617150351,17.855046270029362,4.42548799190341,1.3728005808877626,4.428934633641651,1.4600183294069602,4.337935279950374,1.2788347628147996,4.679182856292671,1.0346858453786183,4.679182856292671,0.7693660685331771,5.043180271057791,0.49228945336474084,4.588183502601392,36.07505013404307,3.731814584828097,32.671001253336954,5.043180271057789,39.87853874535824,5.0886799479034295,40.783152252914306,5.020430432634971,42.90077023651145
4.561880797513842,35.13292128012613,4.561880797513842,32.04982852499381,4.811934274466298,27.467041330147794,4.811934274466298,22.919130750178837,5.175648422760782,17.785293040275235,4.56188079751384,1.3865688654536115,4.565433664178572,1.4728781729253484,4.4744343104872915,1.28803502320428,4.8156818868295925,1.042971209985872,4.8156818868295925,0.7758216415759804,5.179679301594712,0.49508544327864357,4.72468253313831,36.73295086681105,3.712314723322823,30.94753629803222,5.17967930159471,40.51588008022736,5.225178978440351,41.35881539408638,5.156929463171888,43.3736363881884
4.698273603124273,35.06316805037201,4.698273603124273,31.966124649288865,4.948327080076732,27.390312777418252,4.948327080076732,22.842402197449303,5.312041228371216,17.7085644875457,4.6982736031242744,1.411351777672138,4.701932694715493,1.4866529122259635,4.610933341024213,1.2963203878115408,4.95218091736651,1.0530863661575829,4.95218091736651,0.7850219019654681,5.31617833213163,0.5024559121036809,4.861181563675231,37.37029220168017,3.8687198624797112,32.98600059971818,5.316178332131628,41.153221415096255,5.361678008977268,41.89335973946038,5.293428493708809,43.887621335663425
4.834666408734703,34.97248885169165,4.834666408734703,31.889396096559317,5.0847198856871625,27.313584224688718,5.0847198856871625,22.772648967695176,5.448434033981647,17.638811257791573,4.834666408734705,1.4333810329774863,4.838431725252411,1.4976829641798943,4.74743237156113,1.3082653355476985,5.088679947903431,1.06137173076484,5.088679947903431,0.7896476834438175,5.452677362668551,0.506166797799807,4.997680594212149,38.007633536549065,3.8260639154369223,31.613660789959795,5.452677362668549,41.74944395416742,5.486802120302777,42.37033777071713,5.429927524245727,44.44272507893652
4.9710592143451375,34.88180965301128,4.9710592143451375,31.805692220854368,5.221112691297593,27.22988034898377,5.221112691297593,22.688945091990227,5.584826839592077,17.56208270506204,4.971059214345136,1.4499029744564993,4.974930755789332,1.5096279119160592,4.883931402098051,1.3192953875016364,5.225178978440349,1.0687421995898738,5.225178978440349,0.795188360704401,5.589176393205468,0.5098776834959367,5.13417962474907,38.60385607562023,3.996687703608071,32.51827429751586,5.587551404746694,42.36328883429462,5.641501021577952,43.03646226264482,5.566426554782648,44.91559123061347
5.107452019955568,34.791130454330926,5.107452019955568,31.72198834514942,5.357505496908027,27.146176473278814,5.357505496908027,22.6191918622361,5.7212196452025115,17.485354152332505,5.10745201995557,1.4774395435882042,5.11142978632625,1.521572859652217,5.0204304326349725,1.3312403352378013,5.36167800897727,1.0779424599793614,5.36167800897727,0.8062184126583389,5.7256754237423895,0.5154183607565166,5.2706786552859874,39.17951921679219,4.008062622819484,34.57421408741595,5.725675423742388,42.941889032309405,5.768900116745744,43.52988781222086,5.702925585319569,45.36789798439156
5.243844825565999,34.69347593267515,5.243844825565999,31.63828446944447,5.493898302518458,27.062472597573866,5.493898302518458,22.535487986531145,5.857612450812942,17.408625599602956,5.243844825566001,1.4967151419803812,5.247928816863171,1.5344327031706086,5.15692946317189,1.3441001787561824,5.498177039514191,1.086227824586615,5.498177039514191,0.8108441941366955,5.862174454279307,0.5191292464526498,5.407177685822909,39.81686055166119,4.133186734144992,33.27897201977885,5.867861913885012,43.13206346287518,5.907674131124946,44.134334110451505,5.839424615856487,45.840764136068515
5.3802376311764295,34.60977205697019,5.3802376311764295,31.554580593739516,5.630291108128889,26.978768721868917,5.630291108128889,22.451784110826196,5.994005256423373,17.331897046873422,5.380237631176431,1.5159907403725654,5.384427847400088,1.545462755124543,5.293428493708811,1.3578749180567975,5.634676070051109,1.0945131891938757,5.634676070051109,0.8191295587439527,5.998673484816228,0.5283295068421339,5.54367671635983,40.37196429493429,4.161624032173517,35.499386992870996,6.003548450192543,43.708460868257816,6.046448145504151,44.64009529876694,5.975923646393408,46.27251149194751
5.516630436786864,34.512117535314424,5.516630436786864,31.470876718034567,5.766683913739319,26.902040169139383,5.766683913739319,22.375055558096662,6.130398062033807,17.255168494143888,5.5166304367868655,1.5435273095042632,5.5209268779370095,1.5574077028607007,5.429927524245729,1.3689049700107283,5.77117510058803,1.102798553801133,5.77117510058803,0.8265000275689864,6.135172515353149,0.5302106009738132,5.680175746896747,40.92706803820727,4.269685764681913,33.957432150445925,6.141997466879992,43.969858927259565,6.180672192198788,45.18286340330053,6.112422676930326,46.70425884782662
5.653023242397294,34.428413659609475,5.653023242397294,31.38717284232962,5.9030767193497535,26.82531161640984,5.9030767193497535,22.298327005367128,6.266790867644238,17.17843994141434,5.653023242397296,1.5628029078964474,5.657425908473931,1.5702675463790925,5.56642655478265,1.3799350219646662,5.907674131124947,1.1110839184083936,5.907674131124947,0.8311258090473395,6.271671545890067,0.5394108613632973,5.8166747774336685,41.46161238358127,4.292435603104732,36.301203510932055,6.276546511266382,44.90090594639992,6.32399617426255,45.72563150783412,6.248921707467247,47.07432801000857
5.789416048007725,34.330759137953706,5.789416048007725,31.296493643649264,6.039469524960184,26.741607740704886,6.039469524960184,22.21462312966218,6.403183673254668,17.101711388684805,5.789416048007727,1.5848321632018099,5.793924939010848,1.5812975983330233,5.7029255853195675,1.3891352823541538,6.044173161661869,1.1202841787978812,6.044173161661869,0.8403260694368271,6.3512959803699385,0.5394407878608476,5.953173807970586,42.01671612685436,4.406184795218831,34.697570474809936,6.413858036032689,45.24454159699758,6.453670253272627,46.27251149194751,6.385420738004164,47.485515967988704
5.925808853618159,34.24705526224875,5.925808853618159,31.205814444968894,6.175862330570615,26.657903864999938,6.175862330570615,22.137894576932638,6.5395764788651025,17.02498283595527,5.925808853618161,1.6123687323335005,5.930423969547769,1.5932425460691881,5.839424615856489,1.4001653343080882,6.180672192198786,1.1285695434051348,6.180672192198786,0.845866746697407,6.544669606963906,0.5559815905778152,6.089672838507507,42.530701074329386,4.434622093247356,36.7946290605081,6.558888255978168,45.84590398554337,6.590169283809544,46.7248182457256,6.5219197685410855,47.855585130170766
6.06220165922859,34.149400740592974,6.06220165922859,31.11513524628853,6.312255136181049,26.57419998929499,6.312255136181049,22.054190701227682,6.675969284475533,16.948254283225722,6.062201659228592,1.6399053014651912,6.066923000084687,1.6051874938053459,5.97592364639341,1.4093655946975723,6.317171222735707,1.1368549080123955,6.317171222735707,0.8523223197402174,6.681168637500827,0.553288205798367,6.226171869044425,43.04468602180441,4.531308906544339,35.36369496673751,6.690015796887479,46.33418968564456,6.726668314346465,47.19768439740267,6.658418799078007,48.20509489445374
6.1985944648390205,34.06569686488802,6.1985944648390205,31.024456047608176,6.44864794179148,26.49049611359004,6.44864794179148,21.977462148498148,6.812362090085964,16.871525730496188,6.198594464839022,1.6619345567705466,6.203422030621608,1.6162175457592802,6.112422676930327,1.4185658550870528,6.453670253272628,1.1451402726196527,6.453670253272628,0.860607684347471,6.817667668037744,0.5569990914944931,6.362670899581346,43.538111571380455,4.56543366417857,37.57588618067007,6.817667668037746,47.07946785948343,6.863167344883383,47.64999115118064,6.794917829614924,48.51348586293875
6.334987270449455,33.96804234323225,6.334987270449455,30.933776848927806,6.58504074740191,26.406792237885085,6.58504074740191,21.8937582727932,6.9487548956963945,16.787821854791247,6.3349872704494565,1.683963812075902,6.339921061158526,1.628162493495445,6.2489217074672485,1.4286810112587673,6.590169283809546,1.1534256372269134,6.590169283809546,0.8652334658258312,6.9541666985746655,0.5616248729728532,6.499169930118267,44.05209651885548,4.684870315898376,36.116168929841024,6.834730046854858,46.10803630875557,6.999666375420304,48.06117910916066,6.931416860151845,48.86299562722172
6.471380076059885,33.8843384675273,6.471380076059885,30.850072973222858,6.721433553012345,26.33006368515555,6.721433553012345,21.817029720063665,7.085147701306829,16.711093302061713,6.471380076059887,1.7142540381207638,6.476420091695447,1.6410223370138297,6.385420738004166,1.4378812716482479,6.726668314346467,1.162625897616394,6.726668314346467,0.8744337262153117,7.090665729111587,0.5653357586689793,6.635668960655185,44.50440327263345,4.704207678557772,38.2995769867149,6.988291456208895,47.29534153742293,7.133890422114941,48.48881458545998,7.067915890688763,49.15082719780776
6.607772881670316,33.78668394587153,6.607772881670316,30.759393774542495,6.857826358622775,26.246359809450603,6.857826358622775,21.740301167334124,7.221540506917259,16.634364749332164,6.607772881670318,1.7390369503392904,6.612919122232368,1.6520523889677676,6.521919768541087,1.4479964278199589,6.863167344883385,1.1699963664414277,6.863167344883385,0.8799744034758952,7.227164759648504,0.5727062274940131,6.772167991192106,44.97726942431052,4.827056806041,36.7946290605081,7.121540509828268,47.879081584912456,7.2537062378084585,48.80131743352467,7.204414921225684,49.43865876839379
6.74416568728075,33.68902942421575,6.74416568728075,30.66871457586214,6.994219164233206,26.162655933745654,6.994219164233206,21.65659729162917,7.35793331252769,16.55763619660263,6.7441656872807485,1.7665735194709882,6.749418152769286,1.6639973367039254,6.658418799078005,1.457196688209443,6.999666375420306,1.1782817310486884,6.999666375420306,0.8855150807364787,7.363663790185425,0.5736724258434691,6.908667021729023,45.40901678018952,4.861181563675231,39.01504403360025,7.249914598071324,48.51005929662222,7.39020526834538,49.212505391504806,7.340913951762602,49.726490338979715
6.880558492891181,33.584399579584556,6.880558492891181,30.57803537718177,7.13061196984364,26.078952058040706,7.13061196984364,21.57289341592422,7.494326118138124,16.47393232089769,6.880558492891183,1.7941100886026788,6.885917183306207,1.6759422844400902,6.794917829614926,1.4682267401633773,7.136165405957227,1.1856521998737186,7.136165405957227,0.8938004453437358,7.500162820722343,0.5819577904507263,7.0451660522659445,45.86132353396761,4.978722395526464,37.53476738487211,7.388038617067014,48.880617968278216,7.534287578356572,49.623693349484824,7.477412982299523,49.973203113767795
7.016951298501612,33.486745057928786,7.016951298501612,30.487356178501408,7.267004775454071,25.988272859360336,7.267004775454071,21.48918954021927,7.630718923748555,16.390228445192733,7.016951298501613,1.8161393439080342,7.022416213843124,1.6869723363940246,6.931416860151847,1.4792567921173152,7.272664436494145,1.1939375644809793,7.272664436494145,0.8975113310398655,7.636661851259264,0.5838388845824056,7.181665082802862,46.293070889846604,5.0272553841618155,39.804524912921806,7.522912659145163,49.4180993704947,8.34190684236668,50.58998505073782,7.613912012836444,50.21991588855576
7.153344104112042,33.382115213297595,7.125740798214695,30.305997781140682,7.403397581064501,25.890618337704566,7.403397581064501,21.405485664514323,7.7671117293589855,16.306524569487777,7.153344104112044,1.846429569952896,7.1589152443800455,1.698002388347959,7.067915890688765,1.4893719482890226,7.409163467031066,1.2013080333060095,7.409163467031066,0.9067115914293495,7.773160881796185,0.5884646660607622,7.318164113339783,46.70425884782662,5.186504253121555,40.54466323728582,7.659411689682081,49.726490338979715,8.4784058729036,51.12452939611194,7.7504110433733615,50.44606926544486
7.2897369097224765,33.284460691641826,7.267004775454071,30.312973104116097,7.539790386674932,25.806914461999618,7.539790386674932,21.321781788809368,7.90350453496942,16.222820693782836,7.289736909722478,1.8739661390845939,7.295414274916967,1.7090324403018968,7.204414921225686,1.4976573128962833,7.545662497567983,1.2095933979132703,7.545662497567983,0.9104224771254792,7.909659912333103,0.5949202391035691,7.454663143876704,47.11544680580664,5.33892817055445,41.173780812995346,7.804035662512867,49.87040612427279,8.614904903440518,51.371242170899905,7.886910073910283,50.7339008360309
7.426129715332907,33.18680616998604,7.403397581064501,30.2013679365095,7.676183192285366,25.70925994034384,7.676183192285366,21.224127267153598,8.03989734057985,16.13214149510246,7.426129715332909,1.9042563651294486,7.431913305453884,1.7200624922558312,7.340913951762603,1.505942677503544,7.6821615281049045,1.217878762520531,7.6821615281049045,0.9187078417327399,8.046158942870024,0.595886437453018,7.591162174413622,47.52663476378666,5.492489579908483,41.85224094366231,7.932409750755923,50.459775530710886,8.75140393397744,51.76187073098083,8.0234091044472,51.02173240661682
7.562522520943338,33.09612697130569,7.539790386674932,30.117664060804543,7.812575997895797,25.625556064638893,7.812575997895797,21.14042339144865,8.176290146190281,16.048437619397518,7.5625225209433395,1.9373002480874817,7.568412335990805,1.7301776484275422,7.477412982299525,1.5123982505463474,7.818660558641822,1.223419439781111,7.818660558641822,0.9233336232110929,8.182657973406942,0.6050866978425056,7.727661204950543,47.89670392596872,5.627851118524262,42.51836543559,8.077033723586705,50.54005508441173,8.88790296451436,52.04970230156698,8.103033538927072,51.10396999821285
7.698915326553772,32.9914971266745,7.676183192285366,30.02698486212418,7.948968803506228,25.53487686595853,7.948968803506228,21.0567195157437,8.312682951800715,15.964733743692562,7.698915326553774,1.9648368172191795,7.704911366527723,1.7412077003814765,7.613912012836446,1.5173289972854462,7.955159589178743,1.232619700170595,7.955159589178743,0.9297891962539033,8.319157003943863,0.6060528961919616,7.864160235487461,48.26677308815067,5.805299858222256,42.66639310046287,8.205407811829762,51.08341060031387,9.024401995051278,52.3375338721529,8.68315441870898,51.350682773000926
7.835308132164203,32.89384260501872,7.812575997895797,29.943280986419232,8.085361609116662,25.40234572942569,8.085361609116662,20.96604031706333,8.449075757411146,15.881029867987621,7.835308132164204,1.9923733863508701,7.841410397064644,1.752237752335411,7.750411043373363,1.525309396631961,8.091658619715664,1.2409050647778521,8.091658619715664,0.9362447692967066,8.45565603448078,0.611593573452538,8.000659266024382,48.636842250332734,5.930423969547768,43.26398626606044,8.34190684236668,51.371242170899905,9.160901025588199,52.58424664694098,9.131326235638532,51.64673810274644
7.971700937774633,32.789212760387535,7.948968803506228,29.83865114178804,8.244486548995498,25.245400962478925,8.221754414727092,20.875361118382976,8.585468563021577,15.797325992282666,7.971700937774635,2.025417269308903,7.977909427601562,1.762352908507122,7.886910073910284,1.5311550391532833,8.228157650252582,1.2473606378206625,8.228157650252582,0.9408705507750632,8.592155065017701,0.6171342507131214,8.1371582965613,49.191945993605714,6.066923000084685,43.55867096927943,8.4784058729036,51.7001925372839,9.297400056125117,52.81040002382997,9.267825266175453,51.89345087753452
8.108093743385067,32.69155823873176,8.085361609116662,29.72704597418145,8.380879354605929,25.186110717187887,8.358147220337523,20.791657242678028,8.72186136863201,15.71362211657771,8.10809374338507,2.055707495353772,8.114408458138483,1.7733829604610563,8.034784023658611,1.5299907558914825,8.364656680789503,1.2547311066456892,8.364656680789503,0.9491559153823204,8.728654095554623,0.6190153448448008,8.278207294782785,49.63602898822421,6.203422030621606,43.62034916297637,8.614904903440518,51.84068175626044,9.440724038188883,53.02832964155937,9.388399409816397,52.09082109736494
8.244486548995498,32.59390371707599,8.221754414727092,29.63636677550108,8.517272160216363,25.130308133384602,8.494540025947957,20.70795336697308,8.858254174242441,15.629918240872769,8.2444865489955,2.085997721398627,8.250907488675404,1.7844130124149906,8.159908134984123,1.5602293440582216,8.50115571132642,1.26301647125295,8.50115571132642,0.9528668010784536,8.86515312609154,0.6273007094520615,8.410156357635142,49.942364016919214,6.3399210611585275,44.21657170204753,8.75140393397744,52.10110079631454,9.593147955621777,52.3375338721529,9.568123133356679,51.6960806577041
8.380879354605929,32.4892738724448,8.358147220337523,29.54568757682072,8.653664965826794,25.06753022660589,8.630932831558388,20.610298845317296,8.994646979852872,15.546214365167813,8.38087935460593,2.11904160435666,8.387406519212321,1.7945281685867016,8.29640716552104,1.5694296044477056,8.637654741863342,1.2713018358602106,8.637654741863342,0.9611521656857107,9.001652156628461,0.628266907801514,8.54665538817206,50.35355197489935,6.476420091695445,44.73055664952244,8.89927788372577,52.1499293663245,9.729646986158695,52.48144965744598,9.706897147735877,51.86466772047595
8.517272160216363,32.39161935078902,8.494540025947957,29.441057732189527,8.790057771437224,24.983826350900934,8.767325637168819,20.526594969612347,9.131039785463303,15.455535166487465,8.517272160216365,2.152085487314693,8.523905549749243,1.805558220540636,8.432906196057962,1.5786298648371861,8.77415377240026,1.2777574089030175,8.77415377240026,0.9648630513818404,9.138151187165379,0.6347224808443173,8.68315441870898,50.63110384653578,6.612919122232366,45.20342280119962,9.035776914262687,52.36037764759624,9.866146016695616,52.687043636435874,9.843396178272798,51.967464709970955
8.653664965826794,32.27303886020701,8.630932831558388,29.343403210533758,8.926450577047655,24.928023767097642,8.903718442779253,20.43591577093199,9.267432591073737,15.37183129078251,8.653664965826795,2.185129370272726,8.66040458028616,1.8165882724945739,8.569405226594883,1.5878301252266738,8.91065280293718,1.2860427735102782,8.91065280293718,0.9731484159891011,9.2746502177023,0.6393482623226774,8.819653449245898,50.929215116071305,6.749418152769284,45.57349196338157,9.164692665325337,52.602521667295605,10.002645047232537,52.913197013324975,9.979895208809715,51.94690531207186
8.790057771437224,32.17538433855124,8.767325637168819,29.24574868887799,9.06284338265809,24.8675709679774,9.040111248389683,20.352211895227036,9.403825396684168,15.281152092102147,8.790057771437226,2.218173253230759,8.796903610823081,1.8276183244485082,8.7059042571318,1.5979452813983812,9.047151833474102,1.2934132423353049,9.047151833474102,0.9796039890319044,9.411149248239218,0.6393995648899029,8.95615247978282,51.155368492960406,6.885917183306205,46.10803630875557,9.292525090748796,53.107042764944026,10.139144077769455,53.118790992314985,10.116394239346636,51.84410832257686
8.926450577047655,32.063779170944635,8.903718442779253,29.141118844246797,9.19923618826852,24.800142845881737,9.176504054000114,20.261532696546674,9.540218202294598,15.190472893421784,8.926450577047657,2.2512171361887923,8.933402641359999,1.8386483764024462,8.842403287668722,1.605315750223415,9.18365086401102,1.2998688153781153,9.18365086401102,0.9851446662924879,9.547648278776139,0.6476849294971636,9.092651510319737,51.38152186984928,7.0224162138431225,46.580902460432526,9.435524075120814,53.4271819608,10.275643108306376,53.3038255734059,10.252893269883554,51.74131133308197
9.06284338265809,31.95217400333803,9.040111248389683,29.043464322591014,9.340795388030864,24.678814500794267,9.312896859610548,20.156902851915483,9.676611007905032,15.092818371766,9.062843382658091,2.2815073622336612,9.06990167189692,1.8487635325741536,8.97890231820564,1.6126862190484523,9.32014989454794,1.308154179985376,9.32014989454794,0.9888555519886211,9.68414730931306,0.6504809194110628,9.217775621645249,51.535717354091844,7.158915244380044,46.868734031018676,9.559023197987546,53.46316090712321,10.412142138843294,53.48886015449693,10.389392300420475,51.720751935182875
9.19923618826852,31.84056883573144,9.176504054000114,28.931859154984423,9.608414605099815,24.404874543941702,9.449289665220979,20.073198976210534,9.813003813515463,15.00911449606106,9.199236188268522,2.3173049021048584,9.206400702433841,1.8579637929636377,9.11540134874256,1.6218864794379328,9.456648925084858,1.313694857245956,9.456648925084858,0.9962260208136513,9.820646339849977,0.6514471177605188,9.354274652182166,51.73617148360711,7.295414274916965,47.34160018269563,9.695522228524467,53.564244613460005,10.548641169380215,53.63277593979001,10.525891330957393,51.7001925372839
9.33562899387895,31.735938991100248,9.312896859610548,28.827229310353232,9.744807410710246,24.307220022285932,9.58568247083141,19.98251977753017,9.949396619125894,14.918435297380697,9.335628993878952,2.355856098889234,9.342899732970759,1.8689938449175756,9.251900379279478,1.631086739827417,9.59314795562178,1.3210653260709897,9.59314795562178,0.9990220107275576,9.957145370386899,0.6597324823677795,9.502148601930497,51.926345914173,7.431913305453882,47.60887235538269,9.841771189814022,53.93235573774689,10.685140199917132,53.79725112298195,10.662390361494314,51.515157956192866
9.472021799489385,31.62433382349365,9.449289665220979,28.72259946572205,9.88120021632068,24.20259017765474,9.72207527644184,19.891840578849816,10.085789424736328,14.820780775724913,9.472021799489386,2.388899981847267,9.47939876350768,1.8772792095248327,9.3883994098164,1.639372104434674,9.729646986158697,1.32843579489602,9.729646986158697,1.0073073753348147,10.093644400923816,0.6616135764994553,9.638647632467418,52.173058688960964,7.5684123359908035,48.040619711261684,9.97827022035094,54.2407467062319,10.821639230454053,53.858929316678996,10.798889392031235,51.45347976249582
9.608414605099815,31.51970397886246,9.58568247083141,28.624944944066264,10.017593021931111,24.11191097897438,9.858468082052275,19.787210734218625,10.222182230346759,14.73010157704455,9.608414605099817,2.424697521718464,9.615897794044598,1.8883092614787707,9.52489844035332,1.6467425732597079,9.866146016695618,1.3339764721566034,9.866146016695618,1.0073586779020438,10.230143431460737,0.6634946706311382,9.775146663004335,52.41977146374893,7.704911366527721,48.410688873443746,10.116394239346636,54.426368698691476,10.958138260990975,53.94116690827502,10.935388422568153,51.28900457930388
9.744807410710246,31.41507413423127,9.72207527644184,28.52031509943508,10.153985827541542,24.014256457318602,9.994860887662705,19.68258088958744,10.35857503595719,14.639422378364202,9.744807410710248,2.4604950615896684,9.752396824581519,1.8975095218682512,9.661397470890238,1.6559428336491955,10.002645047232539,1.3422618367638641,10.002645047232539,1.0174738340737548,10.366642461997658,0.6717800352383954,9.911645693541256,52.7692812280319,7.841410397064642,48.821876831423765,10.252893269883554,54.62579485831179,11.094637291527892,53.98228570407298,11.071887453105074,51.18620758980887
9.88120021632068,31.30346896662467,9.858468082052275,28.41568525480389,10.290378633151976,23.90962661268742,10.131253693273136,19.584926367931658,10.494967841567624,14.548743179683825,9.881200216320682,2.4935389445477014,9.88889585511844,1.9076246780399622,9.797896501427159,1.665143094038676,10.139144077769457,1.3487174098066674,10.139144077769457,1.0202698239876575,10.503141492534576,0.6727462335878478,10.048144724078174,52.913197013324975,7.97790942760156,49.171386595706736,10.389392300420475,54.96913680322507,11.231136322064813,54.064523295669005,11.208386483641991,51.00117300871784
10.017593021931111,31.191863799018073,9.994860887662705,28.3040800871973,10.426771438762406,23.811972091031635,10.26764649888357,19.501222492226702,10.631360647178054,14.458063981003463,10.017593021931113,2.5320901413320698,10.025394885655357,1.9177398342116696,9.934395531964077,1.6734284586459367,10.275643108306378,1.3551729828494778,10.275643108306378,1.0285551885949182,10.639640523071497,0.6755422235017541,10.184643754615095,53.063965931251005,8.114408458138481,49.562015155787776,10.525891330957393,54.98969620112416,11.36763535260173,54.14676088726503,11.344885514178912,50.816138427626925
10.153985827541542,31.08723395438689,10.131253693273136,28.206425565541515,10.563164244372837,23.714317569375865,10.404039304494,19.396592647595526,10.767753452788485,14.353434136372272,10.153985827541543,2.5706413381164452,10.161893916192279,1.9269400946011572,10.070894562500998,1.680798927470967,10.412142138843295,1.362543451674508,10.412142138843295,1.031351178508821,10.776139553608415,0.6838275881090112,10.321142785152016,53.262706777607946,8.259032430969267,50.04662953483569,10.662390361494314,55.215849578013035,11.504134383138652,54.18787968306299,11.48138454471583,50.67222264233385
10.290378633151976,30.975628786780284,10.26764649888357,28.101795720910324,10.699557049983268,23.616663047720095,10.540432110104431,19.298938125939742,10.904146258398915,14.262754937691923,10.290378633151978,2.6064388779876424,10.298392946729196,1.9370552507728682,10.207393593037919,1.6890842920782276,10.548641169380216,1.3689990247173185,10.548641169380216,1.0396365431160817,10.912638584145336,0.6838788906762403,10.457641815688934,53.509419552396025,8.391198158949457,50.514600591774865,10.798889392031235,55.48312175070009,11.64063341367557,54.1796559239034,11.617883575252751,50.44606926544486
10.426771438762406,30.86402361917368,10.404039304494,27.990190553303734,10.835949855593702,23.51900852606431,10.676824915714866,19.20825892725938,11.04053906400935,14.17207573901156,10.426771438762408,2.647743731685182,10.434891977266117,1.9462555111623487,10.343892623574837,1.6982845524677117,10.685140199917138,1.3754545977601218,10.685140199917138,1.0424325330299844,11.049137614682254,0.6875897763723664,10.594140846225855,53.653335337688986,8.525530538208017,50.7339008360309,10.935388422568153,55.54479994439714,11.77713244421249,54.015180740711344,11.754382605789672,50.21991588855576
10.563164244372837,30.745443128591674,10.540432110104431,27.88556070867255,10.972342661204133,23.41437868143312,10.813217721325296,19.11757972857903,11.17693186961978,14.081396540331184,10.563164244372839,2.6862949284695574,10.571391007803035,1.9563706673340597,10.480391654111758,1.7065699170749689,10.821639230454055,1.3837399623673825,10.821639230454055,1.0507178976372415,11.185636645219175,0.6949602451974002,10.730639876762773,53.81781052088104,8.65661294054902,51.15879505927683,11.071887453105074,55.6887157296901,11.913631474749412,54.03985201819023,11.89088163632659,49.99376251166677
10.699557049983268,30.626862638009662,10.676824915714866,27.76698021809053,11.108735466814563,23.31672415977735,10.949610526935727,19.01294988394784,11.313324675230211,13.983742018675414,10.699557049983273,2.724846125253933,10.707890038339956,1.9664858235057672,10.616890684648675,1.7121105943355523,10.958138260990976,1.389280639627966,10.958138260990976,1.0535138875511478,11.322135675756096,0.6950115477646293,10.867138907299694,53.92060751037593,8.79690361082308,51.330123375101834,11.208386483641991,55.8120721170842,12.05013050528633,54.0850826935681,12.027380666863511,49.74704973687881
10.835949855593702,30.515257470403057,10.813217721325296,27.66235037345934,11.245128272424997,23.205118992170746,11.086003332546161,18.915295362292056,11.449717480840645,13.893062819995052,10.835949855593704,2.7661509789514724,10.844389068876877,1.9766009796774782,10.753389715185596,1.7213108547250364,11.094637291527894,1.3966511084529962,11.094637291527894,1.060884356376178,11.458634706293013,0.6968926418963086,11.003637937836611,54.064523295669005,8.922027722148588,51.75673088150609,11.344885514178912,55.91486910657909,12.18662953582325,53.57109774609296,12.163879697400429,49.50033696209073
10.972342661204133,30.38970165684563,10.949610526935727,27.55074520585275,11.381521078035428,23.107464470514977,11.222396138156592,18.817640840636287,11.586110286451076,13.795408298339282,10.972342661204134,2.804702175735841,10.980888099413795,1.9867161358491927,10.889888745722514,1.7286813235500702,11.231136322064815,1.4021917857135797,11.231136322064815,1.0627654505078574,11.595133736829935,0.7051780065035693,11.140136968373533,54.10564209146696,9.061776729603054,52.037954074196136,11.48138454471583,56.09990368767012,12.323128566360168,53.48886015449693,12.30037872793735,49.23306478940367
11.108735466814563,30.278096489239033,11.086003332546161,27.43216471527073,11.517913883645859,22.99585930290837,11.358788943767022,18.719986318980517,11.722503092061507,13.690778453708091,11.108735466814569,2.8460070294333804,11.117387129950716,1.9959163962386732,11.026387776259435,1.7360517923751004,11.367635352601733,1.408647358756383,11.367635352601733,1.0701359193328912,11.731632767366852,0.7061442048530182,11.276635998910454,54.27011727465913,9.20640070243384,52.27242911213932,11.617883575252751,56.16158188136717,12.45962759689709,53.38606316500204,12.436877758474267,48.924673820918656
11.245128272424997,30.152540675681607,11.222396138156592,27.32753487063954,11.654306689256293,22.891229458277188,11.495181749377453,18.615356474349326,11.85889589767194,13.5861486090769,11.245128272425,2.884558226217756,11.253886160487633,2.003286865063707,11.162886806796356,1.7434222612001342,11.504134383138654,1.4114433486702893,11.504134383138654,1.0738468050290209,11.868131797903773,0.7071104032024742,11.413135029447371,54.496270651548,9.334774790676892,52.496134941659534,11.754382605789672,56.18214127926615,12.596126627434007,53.28326617550704,12.573376789011188,48.636842250332734
11.381521078035428,30.04093550807501,11.358788943767022,27.21592970303295,11.790699494866724,22.77962429067059,11.631574554987887,18.510726629718135,11.995288703282371,13.488494087421131,11.38152107803543,2.923109423002124,11.390385191024555,2.011572229670964,11.299385837333274,1.7526225215896183,11.640633413675575,1.4206436090597734,11.640633413675575,1.078472586507381,12.00463082844069,0.7144808720275044,11.549634059984292,54.57850824314414,9.474523798131358,52.778092398560034,11.89088163632659,56.23353977401359,12.732625657970928,53.159909788113055,12.70987581954811,48.3490106797467
11.517913883645859,29.936305663443825,11.495181749377453,27.09734921245093,11.927092300477154,22.674994446039406,11.767967360598318,18.41307210806235,12.131681508892802,13.390839565765347,11.51791388364586,2.964414276699671,11.526884221561472,2.0207724900604482,11.435884867870195,1.759992990414652,11.777132444212493,1.4261842863203533,11.777132444212493,1.0849281595501843,12.141129858977612,0.7172768619414107,11.68613309052121,54.68130523263903,9.62044776172916,53.16402166769274,12.027380666863511,56.36717586035718,12.86912468850785,53.057112798617936,12.846374850085027,47.999500915463614
11.654306689256293,29.803774526910985,11.631574554987887,26.99271936781974,12.063485106087589,22.570364601408215,11.904360166208749,18.301466940455768,12.268074314503236,13.293185044109578,11.654306689256295,3.0112264442235457,11.663383252098393,2.0299727504499323,11.572383898407113,1.766448563457459,11.913631474749414,1.4326398593631637,11.913631474749414,1.088639045246314,12.277628889514533,0.7173281645086398,11.822632121058131,54.78410222213404,9.744271882287652,53.368440823945775,12.163879697400429,56.408294656155135,13.005623719044767,52.892637615426,12.982873880621948,47.64999115118064
11.790699494866724,29.685194036328973,11.767967360598318,26.881114200213148,12.19987791169802,22.46573475677703,12.040752971819183,18.196837095824577,12.404467120113667,13.188555199478387,11.790699494866725,3.049777641007914,11.799882282635314,2.0391730108394164,11.708882928944034,1.775648823846943,12.050130505286331,1.440010328188194,12.050130505286331,1.0960095140713477,12.41412792005145,0.7237837375514431,11.959131151595049,54.92801800742711,9.888895855118434,53.73899949560143,12.30037872793735,56.49053224775116,13.142122749581688,52.74872183013292,13.119372911158866,47.279921988998694
11.927092300477154,29.573588868722368,11.904360166208749,26.76253370963113,12.33627071730845,22.354129589170427,12.177145777429613,18.092207251193386,12.540859925724098,13.08392535484721,11.927092300477156,3.093836151618625,11.936381313172232,2.047458375446677,11.845381959480951,1.7821043968897499,12.186629535823252,1.4446361096665505,12.186629535823252,1.1015501913319312,12.550626950588372,0.7284095190298032,12.09563018213197,54.92801800742711,10.025394885655356,53.961726306174114,12.436877758474267,56.53165104354912,13.278621780118605,52.56368724904189,13.255871941695787,46.90985282681663
12.063485106087589,29.455008378140363,12.040752971819183,26.65092854202453,12.47266352291888,22.249499744539236,12.313538583040044,17.994552729537602,12.677252731334528,12.986270833191426,12.06348510608759,3.1378946622293427,12.072880343709153,2.0566586358361576,11.981880990017872,1.7885599699325567,12.32312856636017,1.4629853278782896,12.32312856636017,1.1089206601569614,12.68712598112529,0.7284608215970287,12.232129212668891,55.030814996922004,10.161893916192277,54.183767803483306,12.573376789011188,56.53165104354912,13.415120810655527,52.358093270051995,13.392370972232705,46.51922426673559
12.19987791169802,29.343403210533758,12.177145777429613,26.525372728467104,12.609056328529315,22.144869899908052,12.449931388650478,17.882947561931005,12.813645536944962,12.888616311535657,12.199877911698021,3.1819531728400463,12.20937937424607,2.0658588962256452,12.118380020554794,1.7977602303220408,12.459627596897091,1.4694409009211,12.459627596897091,1.112631545853091,12.82362501166221,0.7321717072931584,12.368628243205809,55.13361198641712,10.298392946729194,54.19610344222258,12.70987581954811,56.44941345195309,13.551619841192444,52.173058688960964,13.528870002769626,46.10803630875557
12.33627071730845,29.21784739697633,12.313538583040044,26.413767560860506,12.745449134139745,22.033264732301447,12.586324194260909,17.785293040275235,12.950038342555393,12.790961789879873,12.336270717308452,3.226011683450757,12.345878404782992,2.074144260832899,12.254879051091711,1.8042158033648512,12.596126627434012,1.4768113697461338,12.596126627434012,1.1190871188959015,12.960124042199132,0.7395421761181922,12.50512727374273,55.17473078221508,10.434891977266116,54.562060724824846,12.846374850085027,56.28493826876115,13.688118871729365,51.967464709970955,13.665369033306547,45.676288952876575
12.47266352291888,29.092291583418906,12.449931388650478,26.295187070278494,12.881841939750176,21.935610210645677,12.72271699987134,17.673687872668637,13.086431148165824,12.686331945248696,12.472663522918886,3.270070194061468,12.48237743531991,2.0833445212223864,12.391378081628632,1.8097564806254276,12.73262565797093,1.4797598422904095,12.73262565797093,1.129202275067609,13.09662307273605,0.7395934786854177,12.641626304279647,55.17473078221508,10.571391007803033,54.65663395516026,12.982873880621948,56.28493826876115,13.824617902266287,51.74131133308197,13.801868063843465,45.24454159699758
12.609056328529315,28.96673576986148,12.586324194260909,26.16963125672107,13.01823474536061,21.817029720063665,12.859109805481774,17.576033351012853,13.222823953776258,12.581702100617505,12.609056328529316,3.3141287046721786,12.61887646585683,2.091629885829647,12.52787711216555,1.8189567410149152,12.869124688507851,1.48514803692062,12.869124688507851,1.129253577634838,13.23312210327297,0.7396447812526468,12.778125334816568,55.17473078221508,10.707890038339954,54.8211091383522,13.119372911158866,56.28493826876115,13.961116932803204,51.535717354091844,13.938367094380386,44.81279424111847
12.745449134139745,28.841179956304053,12.72271699987134,26.058026089114463,13.15462755097104,21.70542455245706,12.995502611092205,17.471403506381662,13.359216759386689,12.484047578961736,12.745449134139747,3.3609408721960605,12.755375496393752,2.1008301462191277,12.664376142702471,1.8244974182754952,13.005623719044769,1.4888589226167461,13.005623719044769,1.1384538380243185,13.369621133809888,0.7442705627310033,12.914624365353486,55.29808716960906,10.844389068876872,55.110996648728246,13.255871941695787,56.07934428977114,14.097615963340125,51.28900457930388,14.074866124917303,44.319368691542536
12.881841939750176,28.715624142746634,12.859109805481774,25.93944559853246,13.291020356581472,21.600794707825877,13.131895416702635,17.366773661750486,13.49560956499712,12.372442411355124,12.881841939750181,3.4077530397199354,12.89187452693067,2.1091155108263884,12.800875173239389,1.831867887100529,13.14212274958169,1.4916549125306524,13.14212274958169,1.1403349321560015,13.50612016434681,0.7507261357738102,13.051123395890407,55.29808716960906,10.980888099413793,55.071933792720074,13.392370972232705,55.997106698175116,14.234114993877043,51.02173240661682,14.211365155454224,43.82594314196649
13.01823474536061,28.590068329189208,12.995502611092205,25.82086510795044,13.427413162191906,21.47523889426845,13.268288222313066,17.255168494143888,13.632002370607553,12.260837243748526,13.018234745360612,3.451811550330646,13.02837355746759,2.118315771215869,12.93737420377631,1.8392383559255627,13.27862178011861,1.4944509024445587,13.27862178011861,1.141301130505454,13.642619194883727,0.7507774383410357,13.187622426427328,55.29808716960906,11.117387129950714,55.400884159104066,13.528870002769626,55.91486910657909,14.370614024413964,50.775019631828854,14.347864185991142,43.35307699028942
13.15462755097104,28.46451251563178,13.131895416702635,25.702284617368427,13.563805967802336,21.363633726661845,13.4046810279235,17.150538649512697,13.768395176217984,12.149232076141928,13.154627550971043,3.498623717854521,13.164872588004508,2.1247713442586793,13.073873234313231,1.8447790331861427,13.415120810655528,1.4981617881406848,13.415120810655528,1.145926911983807,13.779118225420648,0.7508287409082648,13.324121456964246,55.29808716960906,11.253886160487632,55.400884159104066,13.665369033306547,55.93542850447818,14.507113054950882,50.48718806124282,14.484363216528063,42.8390920428144
13.291020356581472,28.338956702074356,13.268288222313066,25.583704126786422,13.700198773412767,21.252028559055255,13.54107383353393,17.0389334819061,13.904787981828415,12.051577554486144,13.291020356581477,3.545435885378403,13.30137161854143,2.133971604648167,13.210372264850148,1.8539792935756267,13.55161984119245,1.502787569619045,13.55161984119245,1.1432335272043623,13.915617255957569,0.7563694181688483,13.460620487501167,55.23640897591213,11.390385191024553,55.57563904124561,13.801868063843465,55.91486910657909,14.643612085487803,50.24047528645485,14.620862247064984,42.3045476974404
13.427413162191906,28.21340088851693,13.4046810279235,25.44419766727816,13.836591579023201,21.14042339144865,13.677466639144361,16.927328314299487,14.041180787438849,11.93997238687956,13.427413162191908,3.5894943959891137,13.43787064907835,2.1422569692554205,13.34687129538707,1.8595199708362067,13.688118871729367,1.5083282468796249,13.688118871729367,1.1487742044649387,14.052116286494487,0.7619100954294282,13.597119518038085,55.17473078221508,11.52688422156147,55.77095332128613,13.938367094380386,55.79151271918511,14.780111116024724,49.93208431796984,14.757361277601902,41.74944395416742
13.563805967802336,28.087845074959503,13.586538102070742,25.172160071237073,13.972984384633632,21.014867577891224,13.813859444754796,16.815723146692903,14.17757359304928,11.821391896297541,13.563805967802338,3.641813877339338,13.574369679615268,2.149627438080458,13.483370325923987,1.865975543879017,13.824617902266288,1.5138689241402083,13.824617902266288,1.151570194378845,14.188615317031408,0.7619613979966573,13.733618548575006,55.17473078221508,11.663383252098392,55.79151271918511,14.074866124917303,55.668156331791124,14.916610146561641,49.60313395158573,14.893860308138823,41.194340210894325
13.700198773412767,27.962289261402084,13.66610057201016,25.032653611728826,14.109377190244063,20.91023773326004,13.950252250365226,16.70411797908629,14.31396639865971,11.723737374641772,13.700198773412769,3.688626044863213,13.710868710152189,2.1569979069054845,13.585744598826677,1.8724182912800167,13.961116932803206,1.5139202267074339,13.961116932803206,1.1543661842927477,14.325114347568325,0.7620127005638828,13.870117579111923,55.17473078221508,11.79988228263531,55.853190912882155,14.211365155454224,55.668156331791124,15.053109177098563,49.29474298310072,15.03035933867574,40.61867706972225
13.836591579023201,27.836733447844658,,,14.245769995854493,20.791657242678028,14.086645055975657,16.592512811479693,14.450359204270141,11.61910753001058,13.836591579023203,3.738191869300259,13.847367740689107,2.1652832715127452,,,14.097615963340127,1.523120487096918,14.097615963340127,1.1608217573355581,14.461613378105246,0.7693831693889166,14.006616609648844,55.17473078221508,11.93638131317223,55.97654730027614,14.347864185991142,55.54479994439714,15.18960820763548,48.986352014615704,15.166858369212662,40.022454530651316
13.972984384633632,27.711177634287232,,,14.382162801464927,20.680052075071423,14.223037861586091,16.47393232089769,14.586752009880575,11.493551716453155,13.972984384633634,3.785004036824141,13.983866771226028,2.1735686361200024,,,14.234114993877048,1.5286611643575014,14.234114993877048,1.1627028514672375,14.598112408642164,0.7730940550850498,14.143115640185766,55.11305258851803,12.072880343709151,56.12046308556921,14.484363216528063,55.400884159104066,15.326107238172401,48.59572345453478,15.30335739974958,39.42623199158015
14.109377190244063,27.585621820729806,,,14.518555607075358,20.56147158448941,14.359430667196522,16.369302476266498,14.723144815491006,11.395897194797385,14.109377190244064,3.8400771750875293,14.120365801762945,2.180024209162813,,,14.370614024413966,1.5360316331825317,14.370614024413966,1.167328632945594,14.734611439179085,0.7731453576522753,14.279614670722683,55.051374394821096,12.209379374246069,56.16158188136717,14.620862247064984,55.29808716960906,15.462606268709319,48.24621369025169,15.4398564302865,38.809450054610124
14.245769995854493,27.439140038246144,,,14.654948412685789,20.449866416882813,14.495823472806952,16.25072198568448,14.859537621101436,11.291267350166194,14.245769995854499,3.886889342611404,14.256864832299867,2.1883095737700735,,,14.507113054950887,1.5415723104431152,14.507113054950887,1.173784205988401,14.871110469716006,0.7731966602195044,14.416113701259604,54.98969620112405,12.34587840478299,56.26437887086206,14.757361277601902,55.17473078221508,15.59910529924624,47.855585130170766,15.576355460823422,38.192668117640096
14.382162801464927,27.313584224688718,,,14.791341218296223,20.3312859263008,14.632216278417387,16.13214149510246,14.99593042671187,11.179662182559596,14.38216280146493,3.9392088239616285,14.393363862836788,2.197509834159554,,,14.643612085487804,1.547112987703695,14.643612085487804,1.1747504043378498,15.007609500252924,0.7769075459156305,14.552612731796522,54.92801800742711,12.482377435319908,56.28493826876115,14.882485388927414,55.051374394821096,15.735604329783161,47.50607536588768,15.71285449136034,37.47308919117518
14.518555607075358,27.181053088155878,,,14.927734023906654,20.21270543571878,14.768609084027817,16.027511650471283,15.132323232322301,11.068057014952984,14.51855560707536,3.9860209914855034,14.529862893373705,2.203965407202361,,,14.780111116024726,1.5526536649642786,14.780111116024726,1.1812059773806602,15.144108530789845,0.7833631189584409,14.689111762333443,54.804661620033016,12.618876465856829,56.28493826876115,15.269232642115352,54.064523295669005,15.872103360320079,47.07432801000857,15.84935352189726,36.856307254205035
14.654948412685789,27.04154662864763,,,15.064126829517084,20.09412494513677,14.905001889638248,15.915906482864685,15.268716037932732,10.963427170321793,14.654948412685794,4.038340472835728,14.666361923910626,2.212250771809618,,,14.916610146561643,1.5572794464426352,14.916610146561643,1.1849168630767934,15.280607561326763,0.7843293173078898,14.82561079287036,54.701864630538125,12.755375496393746,56.28493826876115,15.462606268709319,53.81781052088104,16.008602390857,46.70425884782662,15.985852552434178,36.15728772563898
14.791341218296223,26.90901549211479,,,15.200519635127518,19.98251977753017,15.041394695248679,15.797325992282666,15.405108843543166,10.844846679739788,14.791341218296225,4.087906297272774,14.802860954447544,2.2205361364168787,,,15.053109177098564,1.5637350194854385,15.053109177098564,1.1867979572084693,15.417106591863684,0.7843806198751189,14.962109823407282,54.57850824314414,12.891874526930668,56.28493826876115,15.59910529924624,53.653335337688986,16.145101421393917,46.27251149194751,16.1223515829711,35.43770879917406
14.927734023906654,26.769509032606543,,,15.33691244073795,19.870914609923574,15.177787500859113,15.692696147651475,15.541501649153597,10.726266189157784,14.927734023906655,4.142979435536162,14.939359984984465,2.2279066052419125,,,15.189608207635485,1.5665310093993448,15.189608207635485,1.1923386344690527,15.553605622400601,0.7844319224423479,15.098608853944203,54.53738944734607,13.028373557467589,56.28493826876115,15.735604329783161,53.46830075659807,16.28160045193084,45.840764136068515,16.258850613508017,34.759248668506984
15.064126829517084,26.643953219049116,,,15.47330524634838,19.738383473390734,15.314180306469543,15.581090980044891,15.677894454764028,10.621636344526593,15.06412682951709,4.1952989168863795,15.075859015521383,2.2352770740669463,,,15.326107238172403,1.5729865824421516,15.326107238172403,1.1960495201651788,15.690104652937523,0.7890577039207045,15.23510788448112,54.43459245785107,13.164872588004506,56.28493826876115,15.872103360320079,53.22158798180999,16.418099482467756,45.36789798439156,16.395349644044938,34.01911034414297
15.200519635127518,26.50444675954087,,,15.609698051958814,19.612827659833314,15.450573112079974,15.462510489462872,15.814287260374462,10.496080530969166,15.20051963512752,4.247618398236597,15.212358046058304,2.243562438674207,,,15.462606268709324,1.575782572356058,15.462606268709324,1.1970157185146348,15.826603683474444,0.7955132769635114,15.371606915018042,54.311236070457085,13.301371618541427,56.28493826876115,16.008602390857,53.01599400281998,16.554598513004677,44.936150628512564,16.53184867458186,33.23785322398089
15.33691244073795,26.37191562300803,,,15.746090857569245,19.48727184627589,15.586965917690408,15.343929998880853,15.950680065984892,10.384475363362569,15.336912440737951,4.302691536499992,15.348857076595225,2.2491031159347834,,,15.599105299246242,1.5822381453988683,15.599105299246242,1.2025563957752183,15.963102714011361,0.7955645795307369,15.50810594555496,54.18787968306299,13.437870649078345,56.223260075064104,16.145101421393917,52.78984062593099,16.6910975435416,44.44272507893652,16.668347705118777,32.45659610381881
15.47330524634838,26.23938448647519,,,15.882483663179675,19.361716032718462,15.723358723300839,15.21139886234802,16.087072871595325,10.272870195755957,15.473305246348385,4.357764674763374,15.485356107132143,2.255558688977594,,,15.735604329783163,1.5859490310949944,15.735604329783163,1.2071821772535714,16.09960174454828,0.795615882097966,15.64460497609188,54.04396389777003,13.574369679615266,56.14102248346808,16.28160045193084,52.522568453243935,16.827596574078516,43.99041832515843,16.804846735655698,31.675338983656843
15.609698051958814,26.09987802696694,,,16.01887646879011,19.243135542136457,15.85975152891127,15.106769017716829,16.223465677205752,10.140339059223123,15.609698051958816,4.410084156113598,15.621855137669064,2.2638440535848474,,,15.872103360320084,1.589659916791124,15.872103360320084,1.2072334798208004,16.236100775085198,0.795667184665195,15.781104006628798,53.900048112477066,13.915617255957564,56.03822549397319,16.418099482467756,52.23473688265801,16.964095604615437,43.45587397978443,16.941345766192615,30.85296306769669
15.746090857569245,25.9673468904341,,,16.15526927440054,19.11757972857903,15.996144334521704,14.988188527134824,16.359858482816186,10.035709214591947,15.746090857569246,4.465157294376979,15.758354168205981,2.269384730845431,,,16.008602390857,1.596115489833931,16.008602390857,1.2118592612991534,16.372599805622123,0.8021227577079983,15.91760303716572,53.715013531386035,13.995241690437435,56.03822549397319,16.554598513004677,51.905786516273906,17.100594635152355,42.983007828107475,17.077844796729536,30.071705947534724
15.882483663179675,25.834815753901267,,,16.291662080010973,18.998999237997012,16.132537140132136,14.869608036552805,16.49625128842662,9.938054692936163,15.88248366317968,4.517476775727204,15.894853198742902,2.2767551996704682,,,16.145101421393925,1.5989114797478372,16.145101421393925,1.217399938559737,16.50909883615904,0.8067485391863585,16.05410206770264,53.509419552396025,,,16.6910975435416,51.617954945687984,17.237093665689272,42.46902288063245,17.214343827266454,29.16709243997866
16.01887646879011,25.702284617368427,,,16.4280548856214,18.86646810146418,16.268929945742563,14.744052222995379,16.632644094037047,9.798548233427908,16.01887646879011,4.575303570903756,16.031352229279825,2.2832107727132716,,,16.281600451930842,1.6053670527906405,16.281600451930842,1.2183661369091894,16.645597866695958,0.806799841753584,16.190601098239558,53.40662256290102,,,16.827596574078516,51.330123375101834,17.373592696226197,41.91391913735936,17.35084285780338,28.303597728220666
16.15526927440054,25.569753480835587,,,16.564447691231834,18.74788761088216,16.405322751352998,14.618496409437952,16.76903689964748,9.700893711772139,16.155269274400542,4.633130366080316,16.167851259816743,2.2896663457560784,,,16.41809948246776,1.6081630427045468,16.41809948246776,1.222077022605319,16.782096897232883,0.8068511443208131,16.32710012877648,53.20102858391101,,,16.964095604615437,50.980613610818864,17.510091726763115,41.35881539408638,17.487341888340296,27.440103016462558
16.291662080010973,25.423271698351925,,,16.700840496842268,18.62930712030014,16.54171555696343,14.499915918855933,16.905429705257916,9.568362575239306,16.291662080010973,4.6909571612568755,16.30435029035366,2.3016112934922397,,,16.554598513004677,1.6137037199651303,16.554598513004677,1.2276176998659025,16.9185959277698,0.8069024468880421,16.463599159313397,53.01599400281998,,,17.100594635152355,50.63110384653589,17.646590757300032,40.783152252914306,17.623840918877214,26.556048906805472
16.4280548856214,25.276789915868264,,,16.837233302452695,18.50375130674273,16.67810836257386,14.381335428273928,17.041822510868343,9.463732730608115,16.428054885621407,4.743276642607086,16.45222424010199,2.3135605164423367,,,16.691097543541602,1.6192443972257102,16.691097543541602,1.2294987939975819,17.055094958306718,0.8115282283663952,16.600098189850318,52.78984062593099,,,17.237093665689272,50.30215348015179,17.783089787836957,40.22804850964121,17.76033994941413,25.569197807653495
16.564447691231834,25.137283456360016,,,16.97362610806313,18.392146139136116,16.814501168184293,14.26973026066733,17.178215316478777,9.34515224002611,16.564447691231837,4.803857094696809,16.577348351427503,2.3163522311423073,,,16.82759657407852,1.6220403871396165,16.82759657407852,1.2313798881292612,17.191593988843643,0.8170689056269786,16.736597220387235,52.56368724904189,,,17.373592696226197,49.93208431796984,17.919588818373875,39.67294476636823,17.896838979951056,24.66458430009743
16.700840496842268,24.990801673876355,,,17.110018913673564,18.26659032557869,16.950893973794727,14.137199124134497,17.31460812208921,9.22657174944409,16.700840496842268,4.861683889873369,16.71384738196442,2.3228078041851106,,,16.964095604615437,1.6284959601824198,16.964095604615437,1.2378354611720646,17.32809301938056,0.8180351039764275,16.873096250924156,52.358093270051995,,,17.510091726763115,49.562015155787776,18.056087848910792,39.056162829398204,18.033338010487974,23.73941139464239
16.837233302452695,24.844319891392693,,,17.246411719283998,18.134059189045857,17.087286779405154,14.018618633552478,17.451000927699646,9.114966581837493,16.837233302452702,4.916757028136757,16.850346412501338,2.328348481445694,,,17.100594635152362,1.632206845878553,17.100594635152362,1.2406314510859708,17.464592049917478,0.8180864065436566,17.009595281461078,52.15249929106187,,,17.646590757300032,49.191945993605714,18.19258687944771,38.439380892428176,18.16983704102489,22.73200089759132
16.97362610806313,24.704813431884446,,,17.382804524894425,18.00850337548843,17.22367958501559,13.900038142970473,17.587393733310073,8.982435445304645,16.973626108063133,4.974583823313317,16.986845443038263,2.3329742629240506,,,17.23709366568928,1.6368326273569096,17.23709366568928,1.2415976494354268,17.601091080454403,0.8181377091108821,17.146094311998,51.926345914173,,,17.783089787836957,48.80131743352467,18.329085909984634,37.78148015966019,18.306336071561816,21.704031002641273
17.110018913673564,24.551356326425363,,,17.51919733050486,17.875972238955598,17.360072390626023,13.781457652388454,17.723786538920507,8.870830277698047,17.110018913673564,5.037917932316212,17.12334447357518,2.3403447317490844,,,17.373592696226197,1.6414584088352662,17.373592696226197,1.2462234309137799,17.73759011099132,0.8181890116781112,17.282593342534916,51.67963313938492,,,17.919588818373875,48.39012947554477,18.465584940521552,37.12357942689209,18.442835102098734,20.717179903489296
17.246411719283998,24.404874543941702,,,17.655590136115293,17.75041642539817,17.496465196236457,13.662877161806435,17.86017934453094,8.738299141165214,17.246411719283994,5.0929910705796,17.259843504112098,2.3449705132274374,,,17.51009172676312,1.644254398749169,17.51009172676312,1.2517641081743633,17.874089141528238,0.8200701058097941,17.419092373071834,51.45347976249582,,,18.056087848910792,47.999500915463614,18.60208397105847,36.465678694123994,18.57933413263565,19.709769406438113
17.382804524894425,24.25839276145804,,,17.79198294172572,17.624860611840745,17.632858001846884,13.523370702298195,17.99657215014137,8.619718650583195,17.38280452489443,5.156325179582495,17.396342534649023,2.352340982052471,,,17.64659075730004,1.6497950760097488,17.64659075730004,1.2518154107415889,18.010588172065155,0.825610783070374,17.55559140360875,51.18620758980887,,,18.19258687944771,47.56775355958462,18.738583001595394,35.80777796135601,18.71583316317257,18.661240113589088
17.51919733050486,24.118886301949793,,,17.928375747336155,17.49930479828332,17.76925080745732,13.38386424278994,18.132964955751802,8.494162837025769,17.519197330504863,5.214151974759055,17.53284156518594,2.3578816593130547,,,17.783089787836957,1.6525910659236551,17.783089787836957,1.2527816090910413,18.14708720260208,0.8293216687665037,17.692090434145676,50.87781662132386,,,18.329085909984634,47.13600620370562,18.875082032132312,35.12931783068905,18.852332193709493,17.63327021863904
17.655590136115293,23.97240451946613,,,18.06476855294659,17.35979833877508,17.905643613067745,13.265283752207921,18.269357761362237,8.375582346443764,17.65559013611529,5.274732426848779,17.669340595722858,2.3652521281380885,,,17.91958881837388,1.6563019516197848,17.91958881837388,1.2574073905693979,18.283586233138998,0.8293729713337292,17.828589464682594,50.6105444486368,,,18.465584940521552,46.683699449927644,19.01158106266923,34.45085770002197,18.98883122424641,16.543622129991945
17.79198294172572,23.832898059957877,,,18.201161358557016,17.22726720224223,18.04203641867818,13.132752615675088,18.405750566972664,8.250026532886338,17.791982941725724,5.332559222025331,17.805839626259782,2.368963013834218,,,18.0560878489108,1.6618426288803647,18.0560878489108,1.2629480678299814,18.420085263675915,0.8294242739009583,17.96508849521951,50.343272275949744,,,18.60208397105847,46.25195209404865,19.148080093206147,33.71071937565796,19.12533025478333,15.474533439243942
17.928375747336155,23.6794409544988,,,18.33755416416745,17.101711388684805,18.178429224288614,13.014172125093069,18.542143372583098,8.131446042304333,17.92837574733616,5.395893331028233,17.9423386567967,2.3763334826592484,,,18.192586879447717,1.6637237230120476,18.192586879447717,1.2629993703972104,18.55658429421284,0.8294755764681874,18.101587525756436,50.03488130746473,,,18.738583001595394,45.79964534027056,19.28457912374307,32.970581051293834,19.261829285320253,14.323207156899798
18.06476855294659,23.53295917201514,,,18.473946969777884,16.969180252151972,18.31482202989904,12.874665665584828,18.678536178193532,8.012865551722314,18.064768552946585,5.456473783117957,18.078837687333618,2.380959264137605,,,18.329085909984634,1.6683495044904006,18.329085909984634,1.263050672964436,18.693083324749757,0.8295268790354129,18.238086556293354,49.74704973687881,,,18.875082032132312,45.326779188593605,19.42107815427999,32.23044272692982,19.39832831585717,13.19244027245486
18.201161358557016,23.38647738953148,,,18.61033977538831,16.829673792643717,18.451214835509475,12.749109852027402,18.81492898380396,7.8803344151894805,18.20116135855702,5.522561549034023,18.215336717870535,2.3883297329626387,,,18.46558494052156,1.6738901817509841,18.46558494052156,1.2685913502250195,18.829582355286675,0.8350675562959964,18.37458558683027,49.45921816629277,,,19.01158106266923,44.85391303691654,19.557577184816907,31.490304402565812,19.53482734639409,12.061673388009694
18.33755416416745,23.22604496109699,,,18.746732580998746,16.70411797908629,18.58760764111991,12.609603392519162,18.951321789414393,7.761753924607461,18.337554164167454,5.588649314950089,18.35183574840746,2.3920406186587684,,,18.602083971058477,1.6748563801004366,18.602083971058477,1.2723022359211456,18.966081385823593,0.8378635462098991,18.51108461736719,49.10970840200969,,,19.19357977005179,43.99041832515843,19.69407621535383,30.7501660782018,19.671326376931006,10.869228309867594
18.473946969777884,23.07956317861332,,,18.883125386609173,16.55763619660263,18.724000446730336,12.491022901937143,19.08771459502482,7.622247465099207,18.47394696977788,5.643722453213478,18.488334778944377,2.399411087483802,,,18.738583001595394,1.68039705736102,18.738583001595394,1.274183330052825,19.102580416360517,0.8406595361238054,18.647583647904113,48.76019863772672,,,19.33007880058871,43.62034916297637,19.83057524589075,29.92779016224165,19.80782540746793,9.65622383382663
18.61033977538831,22.92610607315425,,,19.019518192219607,16.432080383045204,18.86039325234077,12.35849176540431,19.224107400635255,7.496691651541781,18.610339775388315,5.709810219129544,18.624833809481295,2.4040368689621587,,,18.87508203213232,1.6831930472749264,18.87508203213232,1.274234632620054,19.239079446897435,0.8407108386910309,18.78408267844103,48.4518076692417,,,19.466577831125626,43.18860180709737,19.967074276427667,29.12597364418059,19.94432443800485,8.443219357785551
18.746732580998746,22.772648967695176,,,19.15591099783004,16.29954924651237,18.996786057951205,12.232935951846883,19.36050020624569,7.3641605150089475,18.74673258099875,5.773144328132439,18.76133284001822,2.4104924420049656,,,19.011581062669237,1.6859890371888255,19.011581062669237,1.2779455183161836,19.375578477434352,0.84076214125826,18.92058170897795,48.081738507059754,,,19.60307686166255,42.70888252278735,20.103573306964584,28.303597728220666,20.06944854933036,7.386466305776935
18.883125386609173,22.626167185211514,,,19.29230380344047,16.160042787004116,19.133178863561632,12.100404815314036,19.496893011856116,7.231629378476114,18.883125386609176,5.839232094048505,18.897831870555137,2.416033119265549,,,19.148080093206154,1.6906148186671857,19.148080093206154,1.28074150823009,19.512077507971277,0.8408134438254891,19.057080739514873,47.77334753857474,,,19.73957589219947,42.0783943205513,20.24007233750151,27.522340608058585,,
19.019518192219607,22.46573475677703,,,19.428696609050903,16.020536327495876,19.269571669172066,11.960898355805796,19.63328581746655,7.113048887894095,19.01951819221961,5.902566203051393,19.034330901092055,2.421573796526129,,,19.28457912374307,1.6952406001455387,19.28457912374307,1.285367289708443,19.648576538508195,0.8408647463927146,19.19357977005179,47.382718978493585,,,19.876074922736386,41.48217178148036,20.376571368038427,26.699964692098547,,
19.15591099783004,22.305302328342535,,,19.565089414661337,15.888005190963028,19.4059644747825,11.842317865223777,19.769678623076985,6.973542428385855,19.155910997830045,5.968653968967459,19.170829931628973,2.4261995780044856,,,19.421078154279996,1.697121694277218,19.421078154279996,1.285418592275672,19.785075569045112,0.8409160489599437,19.33007880058871,46.99209041841266,,,20.01257395327331,40.92706803820727,20.513070398575344,25.836469980340553,,
19.29230380344047,22.158820545858873,,,19.701482220271764,15.748498731454788,19.542357280392928,11.709786728690943,19.90607142868741,6.847986614828429,19.292303803440472,6.034741734883525,19.307328962165897,2.432655151047289,,,19.557577184816914,1.7008325799733512,19.557577184816914,1.285469894842901,19.92157459958203,0.8418822473093925,19.466577831125626,46.60146185833162,,,20.14907298381023,40.351404897035195,20.64956942911227,24.952415870683467,,
19.428696609050903,22.005363440399805,,,19.837875025882198,15.61596759492194,19.67875008600336,11.570280269182689,20.042464234297846,6.708480155320174,19.428696609050906,6.100829500799591,19.443827992702815,2.435451140961195,,,19.69407621535383,1.7054583614517043,19.69407621535383,1.2900956763212577,20.058073630118955,0.8465080287877527,19.60307686166255,46.231392696149555,,,20.285572014347146,39.75518235796426,20.786068459649186,24.06836176102638,,
19.565089414661337,21.851906334940722,,,19.974267831492632,15.469485812438279,19.815142891613796,11.437749132649856,,,19.56508941466134,6.166917266715657,19.580327023239732,2.442821609786229,,,19.830575245890756,1.7082543513656105,19.830575245890756,1.292891666235164,,,19.73957589219947,45.79964534027056,,,20.422071044884063,39.15895981889321,20.922567490186104,23.163748253470317,,
19.701482220271764,21.698449229481646,,,20.11066063710306,15.343929998880853,19.951535697224223,11.291267350166194,,,19.701482220271767,6.2330050326317235,19.716826053776657,2.4456175997001353,,,19.967074276427674,1.7101354454972864,19.967074276427674,1.29660255193129,,,19.876074922736386,45.40901678018952,,,20.558570075420988,38.5216184840242,21.05906652072302,22.27969414381323,,
19.837875025882198,21.544992124022578,,,20.247053442713494,15.190472893421784,20.087928502834657,11.165711536608768,,,19.8378750258822,6.29909279854779,19.853325084313575,2.452073172742942,,,20.10357330696459,1.7138463311934196,20.10357330696459,1.296653854498519,,,20.01257395327331,44.9978288222095,,,20.695069105957906,37.904836547054174,21.195565551259946,21.37508063625728,,
19.974267831492632,21.38455969558808,,,20.383446248323928,15.05096643391353,20.22432130844509,11.026205077100514,,,19.97426783149263,6.367934221377027,19.989824114850492,2.454869162656845,,,20.240072337501516,1.7193870084539995,20.240072337501516,1.2967051570657446,,,20.14907298381023,44.524962670532545,,,20.831568136494823,37.24693581428619,21.286564904951227,20.819976892984187,,
20.11066063710306,21.224127267153598,,,20.519839053934355,14.925410620356104,20.36071411405552,10.89367394056768,,,20.110660637103063,6.436775644206257,20.12632314538741,2.456750256788524,,,20.376571368038434,1.7194383110212286,20.376571368038434,1.3004160427618743,,,20.285572014347146,44.11377471255241,,,20.968067167031748,36.60959447941707,,,,
20.247053442713494,21.070670161694522,,,20.65623185954479,14.778928837872442,20.497106919665953,10.754167481059426,,,20.247053442713497,6.5056170670354945,20.262822175924335,2.460461142484654,,,20.51307039857535,1.7240640924995851,20.51307039857535,1.3022971368935572,,,20.422071044884063,43.62034916297637,,,21.104566197568666,35.951693746649084,,,,
20.383446248323928,20.90326241028462,,,20.792624665155223,14.63244705538878,20.633499725276387,10.621636344526593,,,20.383446248323924,6.574458489864732,20.38794628724984,2.460508169837947,,,20.64956942911227,1.7277749781957112,20.64956942911227,1.3069229183719102,,,20.558570075420988,43.22972060289544,,,21.241065228105583,35.27323361598201,,,,
20.519839053934355,20.73585465887472,,,20.92901747076565,14.49294059588054,20.769892530886814,10.482129885018338,,,20.51983905393436,6.643299912693962,20.581319913843814,2.4715595978615568,,,20.786068459649194,1.7305709681096175,20.786068459649194,1.3078891167213662,,,20.695069105957906,42.71573565542042,,,21.3775642586425,34.61533288321391,,,,
20.65623185954479,20.582397553415653,,,21.065410276376085,14.346458813396865,20.90628533649725,10.349598748485505,,,20.656231859544793,6.714894992436371,20.71781894438073,2.47527048355769,,,20.92256749018611,1.730622270676843,20.92256749018611,1.3079404192885917,,,20.831568136494823,42.22231010584437,,,21.514063289179425,33.89575395674888,,,,
20.792624665155223,20.41498980200575,,,21.20180308198652,14.20695235388861,21.042678142107683,10.196141643026422,,,20.79262466515522,6.783736415265601,20.85431797491765,2.4826409523827238,,,21.05906652072303,1.7361629479374265,21.05906652072303,1.3079917218558208,,,20.968067167031748,41.728884556268326,,,21.650562319716343,33.13505623448589,,,,
20.92901747076565,20.261532696546674,,,21.338195887596946,14.06744589438037,21.17907094771811,10.077561152444417,,,20.929017470765654,6.852577838094831,20.990817005454574,2.4872667338610803,,,21.195565551259953,1.7389589378513328,21.195565551259953,1.310787711769727,,,21.104566197568666,41.23545900669228,,,21.78706135025326,32.43603670591983,,,,
21.065410276376085,20.087149622161355,,,21.47458869320738,13.920964111896708,21.269999484791732,9.96595598483782,,,21.065410276376088,6.926926574750404,21.12731603599149,2.49097761955721,,,21.33206458179687,1.7399251362007853,21.286564904951227,1.3108219134812096,,,21.241065228105583,40.74203345711635,,,21.923560380790185,31.7164577794548,,,,
21.20180308198652,19.933692516702287,,,21.610981498817814,13.774482329413047,,,,,21.201803081986515,6.995767997579648,21.26381506652841,2.5001778799466905,,,21.46856361233379,1.7418062303324646,,,,,21.3775642586425,40.248607907540304,,,22.060059411327103,30.93520065929272,,,,
21.338195887596946,19.773260088267797,,,21.74737430442824,13.628000546929385,,,,,21.33819588759695,7.070116734235221,21.400314097065326,2.5038887656428237,,,21.605062642870706,1.7464320118108212,,,,,21.514063289179425,39.67294476636823,,,22.19655844186402,30.195062334928707,,,,
21.47458869320738,19.612827659833314,,,21.883767110038676,13.488494087421131,,,,,21.474588693207384,7.141711813977622,21.53681312760225,2.509429442903407,,,21.74156167340763,1.748313105942497,,,,,21.650562319716343,39.11784102309514,,,22.333057472400938,29.454924010564696,,,,
21.610981498817814,19.452395231398825,,,22.02015991564911,13.34201230493747,,,,,21.61098149881781,7.216060550633195,21.67331215813917,2.51222543281731,,,21.87806070394455,1.7529388874208536,,,,,21.78706135025326,38.58329667772114,,,22.446806664515044,28.838142073594668,,,,
21.74737430442824,19.284987479988928,,,22.156552721259537,13.195530522453808,,,,,21.747374304428245,7.290409287288767,21.809811188676086,2.5159363185134396,,,22.014559734481466,1.7529901899880826,,,,,21.923560380790185,38.02819293444816,,,,,,,,
21.883767110038676,19.11757972857903,,,22.29294552686997,13.042073416994725,,,,,21.88376711003868,7.362004367031169,21.94631021921301,2.5196472042095692,,,22.15105876501839,1.753956388337535,,,,,22.060059411327103,37.47308919117518,,,,,,,,
22.02015991564911,18.95017197716912,,,22.4179722653462,12.903962022081558,,,,,22.020159915649106,7.433599446773577,22.08280924974993,2.5251878814701527,,,22.28755779555531,1.7585821698158917,,,,,22.19655844186402,36.87686665210413,,,,,,,,
22.156552721259537,18.782764225759223,,,,,,,,,22.15655272125954,7.50794818342915,22.219308280286846,2.5298136629485057,,,22.424056826092226,1.759548368165344,,,,,22.333057472400938,36.2600847151341,,,,,,,,
22.29294552686997,18.608381151373905,,,,,,,,,22.292945526869975,7.585050576997894,22.355807310823764,2.532609652862412,,,,,,,,,22.469556502937863,35.663862176062935,,,,,,,,
22.429338332480405,18.433998076988587,,,,,,,,,22.429338332480402,7.656645656740295,22.49230634136069,2.5363205385585417,,,,,,,,,22.60605553347478,35.067639636992,,,,,,,,
22.565731138090833,18.26659032557869,,,,,,,,,22.565731138090836,7.736501707222203,22.628805371897606,2.5409463200368982,,,,,,,,,22.742554564011698,34.43029830212288,,,,,,,,
22.702123943701267,18.099182574168793,,,,,,,,,22.70212394370127,7.813604100790954,22.765304402434523,2.5437423099508045,,,,,,,,,22.879053594548623,33.792956967253986,,,,,,,,
22.838516749311694,17.931774822758896,,,,,,,,,22.838516749311697,7.887952837446527,22.901803432971448,2.5465382998647073,,,,,,,,,23.01555262508554,33.155615632384865,,,,,,,,
22.974909554922128,17.75041642539817,,,,,,,,,22.97490955492213,7.959547917188928,23.038302463508366,2.551164081343064,,,,,,,,,23.152051655622458,32.49771489961688,,,,,,,,
23.111302360532562,17.583008673988274,,,,,,,,,23.111302360532566,8.042157624584007,23.174801494045283,2.5548749670391935,,,,,,,,,23.288550686159375,31.798695371050826,,,,,,,,
23.24769516614299,17.415600922578363,,,,,,,,,23.247695166142993,8.122013675065922,23.311300524582208,2.557670956953096,,,,,,,,,23.4250497166963,31.161354036181706,,,,,,,,
23.384087971753424,17.248193171168467,,,,,,,,,23.384087971753427,8.196362411721495,23.447799555119126,2.5622967384314563,,,,,,,,,23.561548747233218,30.482893905514743,,,,,,,,
23.520480777363858,17.08078541975857,,,,,,,,,23.52048077736386,8.278972119116574,23.584298585656043,2.5660076241275824,,,,,,,,,23.698047777770135,29.804433774847666,,,,,,,,
23.656873582974285,16.90640234537325,,,,,,,,,23.65687358297429,8.356074512685318,23.72079761619296,2.5660589266948115,,,,,,,,,23.83454680830706,29.084854848382633,,,,,,,,
23.79326638858472,16.732019270987948,,,,,,,,,23.793266388584723,8.433176906254062,23.857296646729885,2.570684708173168,,,,,,,,,23.971045838843978,28.40639471771567,,,,,,,,
23.929659194195153,16.55763619660263,,,,,,,,,23.929659194195157,8.515786613649148,23.98242075805539,2.573842381186026,,,,,,,,,,,,,,,,,,
24.00922166413457,16.494858289823924,,,,,,,,,24.009221664134575,8.551584153520345,,,,,,,,,,,,,,,,,,,,
