145_headxflow,,134_headxflow,,128_headxflow,,118_headxflow,,116_headxflow,,all_npshxflow,,145_powerxflow,,134_powerxflow,,128_powerxflow,,118_powerxflow,,116_powerxflow,,145_effxflow,,134_effxflow,,128_effxflow,,118_effxflow,,116_effxflow,
X,Y,X,Y,X,Y,X,Y,X,Y,X,Y,X,Y,X,Y,X,Y,X,Y,X,Y,X,Y,X,Y,X,Y,X,Y,X,Y
29.416246220545347,33.936806254081176,22.423402728862953,28.247233640127682,18.087839764019876,24.61532781030553,12.073994361173035,18.814194949019623,10.115998183501958,16.099562263930707,12.05644072249666,1.8062694197991433,29.416246220545347,12.287652958393124,22.566883473846644,-14.764168658823529,18.087839764019876,8.405860866571032,12.073994361173035,5.925657756097564,10.115998183501958,4.670321538020119,29.511354562700802,52.27655329894242,22.523604183539675,50.18318567155336,18.19119894845977,44.65972169085194,12.181733622381188,41.557502194841504,10.364918523799304,44.331844833549894
30.255387439547235,33.881026130414966,23.26254394786484,28.179057933424545,18.926980983021764,24.534756520565445,12.91313558017491,18.72742586776107,10.955139402503846,16.006595391153688,12.89540427779194,1.8245510152080442,30.255387439547235,12.348591609756127,23.405740430917973,-14.734918106169296,18.926980983021764,8.454611787661435,12.91313558017491,5.950033216642765,10.955139402503846,4.676415403156398,30.349884608200142,52.57920885952876,23.362134229039,50.56150512228635,19.029728993959097,45.01281984486934,13.020263667880528,41.91060034885891,11.203448569298644,44.684942987567524
31.09452865854911,33.81904821523028,24.10168516686673,28.104684435202927,19.766122202023652,24.45418523082536,13.752276799176798,18.653052369539452,11.794280621505735,15.907430726858202,14.573580117571751,1.8355199724533833,31.09452865854911,12.415624126255395,24.244632920730638,-14.709323872596848,19.766122202023652,8.485081113342915,13.752276799176798,5.99269027259686,11.794280621505735,4.694696998565291,31.188414653699468,52.90708571683081,24.20066427453834,50.96504586973481,19.868259039458437,45.36591799888686,13.858793713379868,42.288919799591895,12.04197861479797,45.06326243830051
31.933669877550997,33.76326809156407,24.94082638586862,28.036508728499783,20.60526342102554,24.37361394108529,14.591418018178686,18.566283288280907,12.633421840507623,15.802068271044249,15.412579205608367,1.8501452487804926,31.933669877550997,12.476562777618383,25.083454345060645,-14.67641700086083,20.60526342102554,8.552113629842196,14.591418018178686,6.004878002869475,12.633421840507623,4.743447919655694,32.02694469919881,53.23496257413274,25.03919432003768,51.3433653204678,20.706789084957776,45.6685735594732,14.697323758879207,42.717681843756054,12.88050866029731,45.44158188903339
32.772811096552886,33.701290176379395,25.779967604870507,27.974530813315106,21.44440464002743,24.28684485982673,15.430559237180574,18.485711998540822,13.472563059509511,15.690508023711828,16.25150722816234,1.8720831632711707,32.772811096552886,12.537501428981372,25.922346834873295,-14.650822767288368,21.44440464002743,8.588676820659984,15.430559237180574,6.0475350588235415,13.472563059509511,4.7495417847919725,32.86547474469815,53.53761813471908,25.877724365537006,51.74690606791626,21.545319130457116,45.99645041677502,15.535853804378533,43.09600129448904,13.719038705796649,45.744237449619845
33.611952315554774,33.63931226119472,26.619108823872395,27.900157315093487,22.283545859029317,24.20627357008665,16.269700456182463,18.398942917282277,14.311704278511385,15.603738942453269,17.090648447164227,1.8720831632711707,33.611952315554774,12.598440080344346,26.761239324685945,-14.62522853371592,22.283545859029317,8.625240011477786,16.269700456182463,6.065816654232435,14.311704278511385,4.7495417847919725,33.70400479019747,53.8654949920209,26.716254411036346,52.15044681536483,22.383849175956442,46.299105977361364,16.374383849877873,43.44909944850633,14.557568751295975,46.07211430692166
34.45109353455666,33.58353213752851,27.45825004287427,27.83817939990881,23.12268707803119,24.1195044888281,17.10884167518435,18.31837162754219,15.150845497513274,15.485980903602389,17.929612002459507,1.8903647586800645,34.45109353455666,12.659378731707335,27.600060749015938,-14.592321661979902,23.12268707803119,8.68617866284076,17.10884167518435,6.096285979913944,15.150845497513274,4.804386571018682,34.54253483569681,54.142929255891886,27.554784456535685,52.47832367266676,23.222379221455782,46.60176153794782,17.212913895377213,43.802197602523734,15.396098796795314,46.39999116422359
35.29023475355855,33.51535643082536,28.297391261876157,27.757608110168732,23.96182829703308,24.04513099060648,17.947982894186225,18.237800337802113,15.989986716515162,15.39301403082537,18.768717688720074,1.8940210777618418,35.29023475355855,12.720317383070324,28.43898877156991,-14.570383747489238,23.96182829703308,8.716647988522254,17.947982894186225,6.13894303586801,15.989986716515162,4.822668166427576,35.38106488119615,54.44558481647823,28.393314502035025,52.83142182668416,24.06090926695512,46.90441709853417,18.05144394087654,44.02918927296355,16.234628842294654,46.70264672480994
36.12937597256044,33.46577409867761,29.136532480878046,27.68943240346558,24.800969516034968,23.97075749238487,18.787124113188113,18.157229048062028,16.82912793551705,15.28765157501141,19.607752309497997,1.904990035007181,36.12937597256044,12.781256034433298,29.27781019589993,-14.537476875753221,24.800969516034968,8.765398909612642,18.787124113188113,6.151130766140625,16.82912793551705,4.822668166427576,36.21959492669549,54.748240377064576,29.23184454753435,53.13407738727051,24.899439312454447,47.181851362405155,18.889973986375878,44.35706613026548,17.07315888779398,47.0053022853964
36.96851719156231,33.39759839197447,29.975673699879934,27.621256696762437,25.640110735036856,23.89018620264479,19.626265332190002,18.070459966803483,17.66826915451894,15.17609132767899,20.446573733828018,1.937896906743191,36.96851719156231,12.842194685796287,30.11663162022994,-14.504570004017218,25.640110735036856,8.820243695839338,19.626265332190002,6.19378782209472,17.66826915451894,4.84094976183647,37.05812497219482,55.02567464093545,30.07037459303369,53.48717554128791,25.737969357953787,47.4845069229915,19.728504031875218,44.65972169085194,17.91168893329332,47.257515252551684
37.8076584105642,33.33562047678979,30.814814918881822,27.54688319854082,26.479251954038745,23.797219329867772,20.46540655119189,17.983690885544924,18.507410373520827,15.08312445490197,21.285714952829906,1.937896906743191,37.8076584105642,12.903133337159275,30.955595175525232,-14.48628840860831,26.479251954038745,8.844619156384525,20.46540655119189,6.2120694175036135,18.507410373520827,4.895794548063151,37.89665501769416,55.30310890480621,30.90890463853303,53.81505239858984,26.576499403453127,47.736719890146674,20.567034077374558,44.98759854815387,18.75021897879266,47.53494951642256
38.64679962956609,33.26744477008665,31.65395613788371,27.472509700319208,27.318393173040633,23.71045024860922,21.30454777019378,17.909317387323313,19.346551592522715,14.96536641605109,22.124856171831794,1.937896906743191,38.64679962956609,12.96407198852225,31.79441659985524,-14.453381536872307,27.318393173040633,8.905557807747499,21.30454777019378,6.2120694175036135,19.346551592522715,4.895794548063151,38.7351850631935,55.55532187196161,31.747434684032356,54.142929255891886,27.415029448952467,47.988932857302075,21.405564122873884,45.290254108740214,19.588749024292,47.81238378029332
39.48594084856798,33.1992690633835,32.4930973568856,27.39813620209759,28.157534392042507,23.629878958869142,22.143688989195667,17.816350514546293,20.18569281152459,14.86000396023713,22.963713128903123,1.967147459397431,39.48594084856798,13.025010639885252,32.63327355692658,-14.424130984218074,28.157534392042507,8.9299332682927,22.143688989195667,6.248632608321401,20.18569281152459,4.895794548063151,39.573715108692824,55.83275613583237,32.585964729531696,54.44558481647823,28.253559494451792,48.249552923362444,22.244094168373223,45.61813096604203,20.427279069791325,48.01415415401766
40.325082067569866,33.124895565161886,33.33223857588747,27.32376270387598,28.996675611044395,23.536912086092123,22.982830208197555,17.72958143328775,21.024834030526478,14.736048129867775,23.802712216939724,1.9817727357245403,40.325082067569866,13.079855426111934,33.47216604673922,-14.398536750645611,28.996675611044395,8.990871919655689,22.982830208197555,6.2851957991391885,21.024834030526478,4.9201700086083235,40.41224515419216,56.08496910298777,33.424494775031036,54.72301908034899,29.092089539951132,48.46813749489718,23.082624213872563,45.87034393319743,21.265809115290665,48.21592452774189
41.164223286571755,33.05671985845874,34.17137979488936,27.236993622617433,29.835816830046284,23.45014300483357,23.82197142719943,17.642812352029203,21.863975249528366,14.618290091016881,24.641853435941613,1.9817727357245403,41.164223286571755,13.146887942611201,34.31102300381055,-14.369286197991393,29.835816830046284,9.015247380200876,23.82197142719943,6.321758989956976,21.863975249528366,4.968920929698726,41.2507751996915,56.36240336685853,34.263024820530376,55.02567464093545,29.930619585450472,48.720350462052465,23.92115425937189,46.14777819706819,22.104339160790005,48.442916198181706
42.00336450557364,32.9885441517556,35.01052101389125,27.162620124395815,30.674958049048172,23.35717613205655,24.661112646201317,17.556043270770644,22.703116468530254,14.500532052166001,25.480852523978214,1.9963980120516567,42.00336450557364,13.201732728837882,35.1499154936232,-14.34369196441893,30.674958049048172,9.063998301291264,24.661112646201317,6.346134450502177,22.703116468530254,4.968920929698726,42.08930524519084,56.63983763072952,35.1015548660297,55.328330201521794,30.769149630949798,49.03561667099666,24.75968430487123,46.45043375765465,22.94286920628933,48.66990786862141
42.84250572457552,32.91417065353398,35.84966223289314,27.08204883465573,31.51409926805006,23.270407050798006,25.500253865203206,17.475471981030566,23.542257687532143,14.39516959635204,26.319709481049543,2.0256485647058895,42.84250572457552,13.256577515064578,35.988772450694526,-14.314441411764697,31.51409926805006,9.112749222381652,25.500253865203206,6.370509911047378,23.542257687532143,4.968920929698726,42.92783529069017,56.86682930116922,35.94008491152904,55.605764465392554,31.607679676449138,49.35088287994074,25.59821435037057,46.72786802152552,23.78139925178867,48.77079305548364
43.681646943577405,32.83979715531237,36.688803451895026,27.001477544915645,32.35324048705195,23.18363796953946,26.339395084205094,17.388702899772014,24.38139890653403,14.28360934901962,27.15885070005143,2.0256485647058895,43.681646943577405,13.311422301291259,36.82762940776587,-14.285190859110465,32.35324048705195,9.137124682926853,26.339395084205094,6.407073101865166,24.38139890653403,4.975014794835005,43.76636533618951,57.119042268324506,36.77861495702838,55.83275613583237,32.44620972194848,49.45176806680297,26.43674439586991,46.98008098868081,24.61992929728801,49.048227319354396
44.520788162579294,32.77162144860922,37.527944670896915,26.927104046694033,33.19238170605384,23.096868888280902,27.178536303206982,17.295736026994994,25.22054012553592,14.1720491016872,27.997849788088047,2.040273841032999,44.520788162579294,13.372360952654262,37.66655743031983,-14.263252944619786,33.19238170605384,9.198063334289827,27.178536303206982,6.431448562410338,25.22054012553592,5.017671850789128,44.60489538168885,57.295591345333264,37.61714500252771,56.110190399703356,33.28473976744782,49.6535384405272,27.275274441369234,47.2322939558361,25.45845934278735,49.07344861606998
45.35992938158118,32.697247950387606,38.3670858898988,26.84033496543549,34.03152292505571,23.010099807022357,28.01767752220887,17.215164737254916,26.059681344537793,14.054291062836313,28.836706745159375,2.0695243936872387,45.35992938158118,13.43939346915353,38.50537885464985,-14.230346072883783,34.03152292505571,9.216344929698721,28.01767752220887,6.449730157819232,26.059681344537793,5.042047311334301,45.443425427188174,57.497361719057494,38.45567504802705,56.387624663574115,34.12326981294714,49.80486622082037,28.113804486868574,47.50972821970697,26.296989388286676,49.32566158322527
46.19907060058307,32.629072243684455,39.20622710890068,26.76596146721387,34.8706641440576,22.917132934245338,28.85681874121076,17.128395655996364,26.89882256353968,13.942730815503893,29.67584796416125,2.0695243936872387,46.19907060058307,13.488144390243917,39.34423581172116,-14.20109552022955,34.8706641440576,9.27728358106171,28.85681874121076,6.48629334863702,26.89882256353968,5.042047311334301,46.281955472687514,57.77479598292837,39.29420509352639,56.69028022416046,34.96179985844648,49.90575140768249,28.952334532367914,47.736719890146674,27.135519433786015,49.35088287994074
47.03821181958496,32.554698745462844,40.045368327902565,26.69158796899226,35.70980536305949,22.830363852986792,29.695959960212633,17.035428783219345,27.73796378254157,13.818774985134532,30.51477598671522,2.09146230817791,47.03821181958496,13.542989176470599,40.18319936701646,-14.182813924820657,35.70980536305949,9.289471311334296,29.695959960212633,6.504574944045942,27.73796378254157,5.042047311334301,47.120485518186854,58.00178765336818,40.132735139025726,56.86682930116922,35.80032990394582,50.05707918797577,29.79086457786724,47.93849026387102,27.974049479285355,49.426546770087384
47.87735303858683,32.47412745572276,40.884509546904454,26.604818887733714,36.548946582061376,22.7311991886913,30.53510117921452,16.9486597019608,28.57710500154346,13.688621363246703,31.353704009269194,2.113400222668588,47.87735303858683,13.603927827833587,41.022056324087785,-14.153563372166424,36.548946582061376,9.350409962697299,30.53510117921452,6.541138134863729,28.57710500154346,5.0542350416069155,47.959015563686194,58.17833673037683,40.97126518452505,57.119042268324506,36.63885994944515,50.25884956169989,30.62939462336658,48.14026063759525,28.81257952478468,49.6535384405272
48.71649425758872,32.38735837446421,41.72365076590634,26.511852014956695,37.388087801063264,22.638232315914287,31.37424239821641,16.861890620702255,29.416246220545347,13.564665532877349,32.19280969552976,2.1170565417503653,48.71649425758872,13.658772614060268,41.86101987938308,-14.13528177675753,37.388087801063264,9.368691558106192,31.37424239821641,6.577701325681517,29.416246220545347,5.102985962697289,48.79754560918552,58.40532840081664,41.80979523002439,57.32081264204885,37.47738999494449,50.43539863870865,31.46792466886592,48.41769490146612,29.65110957028402,49.6535384405272
49.55563547659061,32.30678708472413,42.56279198490823,26.425082933698135,38.22722902006515,22.539067651618794,32.2133836172183,16.768923747925236,30.255387439547235,13.446907494026462,33.03159558711846,2.15361973256816,49.55563547659061,13.719711265423271,42.69987683645441,-14.106031224103297,38.22722902006515,9.429630209469167,32.2133836172183,6.602076786226689,30.255387439547235,5.115173692969876,49.63607565468486,58.60709877454099,42.64832527552373,57.547804312488665,38.31592004044383,50.56150512228635,32.30645471436526,48.54380138504382,30.48963961578336,49.6535384405272
50.3947766955925,32.220018003465576,43.40193320391012,26.332116060921123,39.06637023906704,22.45229857036025,33.052524836220186,16.68835245818515,31.09452865854911,13.310556080620174,33.87070127337903,2.157276051649937,50.3947766955925,13.762368321377352,43.5388403917497,-14.087749628694404,39.06637023906704,9.441817939741767,33.052524836220186,6.638639977044477,31.09452865854911,5.115173692969876,50.4746057001842,58.78364785154963,43.48685532102306,57.80001727964384,39.15445008594317,50.78849679272605,33.144984759864585,48.74557175876805,31.3281696612827,49.83008751753596
51.233917914594386,32.13324892220703,44.24107442291199,26.24534697966257,39.905511458068915,22.365529489101704,33.891666055222075,16.601583376926605,31.933669877550997,13.19279804176928,34.70970036141563,2.1719013279770465,51.233917914594386,13.823306972740326,44.377697348821016,-14.058499076040157,39.905511458068915,9.502756591104756,33.891666055222075,6.650827707317092,31.933669877550997,5.115173692969876,51.313135745683525,59.01063952198933,44.3253853665224,58.00178765336818,39.99298013144249,50.86416068287269,33.983514805363924,48.97256342920787,32.166699706782026,49.956194001113545
52.07305913359626,32.052677632466946,45.08021564191388,26.158577898404026,40.7446526770708,22.260167033287743,34.73080727422395,16.508616504149586,32.772811096552886,13.068842211399925,35.54855731848696,2.2011518806312864,52.07305913359626,13.878151758967007,45.21666090411631,-14.040217480631277,40.7446526770708,9.527132051649943,34.73080727422395,6.650827707317092,32.772811096552886,5.115173692969876,52.151665791182864,59.161967302282505,45.16391541202174,58.153115433661355,40.83151017694183,51.065931056596924,34.822044850863264,49.098669912785454,33.005229752281366,50.0066365945446
52.91220035259816,31.978304134245334,45.91935686091577,26.07800660866394,41.58379389607269,22.167200160510724,35.56994849322584,16.421847422891027,33.611952315554774,12.938688589512104,36.387698537488845,2.2011518806312864,52.91220035259816,13.932996545193703,46.05551786118764,-14.010966927977044,41.58379389607269,9.575882972740331,35.56994849322584,6.675203167862264,33.611952315554774,5.115173692969876,52.990195836682204,59.33851637929138,46.00244545752108,58.43054969753223,41.67004022244117,51.16681624345904,35.66057489636259,49.32566158322527,33.843759797780706,50.10752178140672
53.75134157160004,31.891535052986782,46.75849807991766,25.98503973588692,42.42293511507458,22.08043107925218,36.409089712227725,16.328880550114008,34.45109353455666,12.814732759142743,37.22648442907753,2.237715071449074,53.75134157160004,13.98174746628409,46.89441035100029,-13.985372694404582,42.42293511507458,9.588070703012932,36.409089712227725,6.69957862840748,34.45109353455666,5.133455288378769,53.828725882181544,59.540286753015494,46.8409755030204,58.5818774778254,42.5085702679405,51.217258836890096,36.49910494186193,49.4013254733718,34.33290232432198,50.10752178140672
54.59048279060194,31.810963763246697,47.597639298919546,25.898270654628377,43.26207633407647,21.981266414956693,37.248230931229614,16.242111468855462,35.29023475355855,12.696974720291855,38.06555458259679,2.2450277096126356,54.59048279060194,14.042686117647065,47.73337390629558,-13.967091098995688,43.26207633407647,9.64900935437592,37.248230931229614,6.717860223816373,35.29023475355855,5.170018479196585,54.667255927680884,59.691614533308666,47.67950554851974,58.78364785154963,43.34710031343984,51.4694718040455,37.33763498736127,49.60309584709614,36.149717422903876,49.80486622082037
55.42962400960381,31.717996890469685,48.436780517921434,25.811501573369817,44.10121755307836,21.882101750661207,38.0873721502315,16.136749013041516,36.12937597256044,12.56062330688556,38.90451813789208,2.2633093050215294,55.42962400960381,14.09753090387376,48.57219533062559,-13.934184227259685,44.10121755307836,9.66119708464852,38.0873721502315,6.74223568436156,36.12937597256044,5.188300074605479,55.505785973180195,59.89338490703301,48.51803559401908,58.985418225273975,44.18563035893918,51.4694718040455,38.17616503286061,49.77964492410479,39.713470116276056,49.37610417665633
56.268765228605716,31.631227809211133,49.27592173692332,25.718534700592805,44.940358772080245,21.78293708636572,38.92651336923339,16.043782140264497,36.96851719156231,12.424271893479265,39.74341062770473,2.2889035385939778,56.268765228605716,14.146281824964149,49.411158885920884,-13.915902631850777,44.940358772080245,9.722135736011495,38.92651336923339,6.772705010043069,36.96851719156231,5.188300074605479,56.344316018679535,59.994270093895125,49.35656563951841,59.161967302282505,45.02416040443852,51.62079958433867,39.014695078359935,49.90575140768249,40.55200016177538,49.35088287994074
57.10790644760759,31.532063144915647,50.1150629559252,25.619370036297326,45.77949999108212,21.683772422070234,39.76565458823528,15.957013059005938,37.8076584105642,12.287920480072977,40.582480781223964,2.2962161767575395,57.10790644760759,14.195032746054537,50.2500158429922,-13.886652079196558,45.77949999108212,9.728229601147788,39.76565458823528,6.797080470588256,37.8076584105642,5.188300074605479,57.182846064178875,60.19604046761947,50.19509568501775,59.36373767600685,45.862690449937844,51.77212736463184,39.853225123859275,49.98141529782913,41.39053020727472,49.35088287994074
57.947047666609464,31.439096272138627,50.954204174927085,25.520205372001833,46.61864121008401,21.584607757774755,40.60479580723715,15.876441769265867,38.64679962956609,12.151569066666681,41.42126667281266,2.332779367575327,57.947047666609464,14.249877532281232,51.089014931028814,-13.872026802869435,46.61864121008401,9.789168252510777,40.60479580723715,6.809268200860856,38.64679962956609,5.188300074605479,58.021376109678215,60.322146951197055,51.03362573051709,59.48984415958455,46.701220495437184,51.77212736463184,40.691755169358615,50.10752178140672,42.22906025277406,49.098669912785454
58.78618888561137,31.346129399361615,51.79334539392899,25.427238499224813,47.457782429085896,21.48544309347926,41.44393702623904,15.777277104970374,39.48594084856798,12.015217653260386,42.26040789181455,2.332779367575327,58.78618888561137,14.298628453371606,51.92783635535885,-13.839119931133418,47.457782429085896,9.801355982783363,41.44393702623904,6.839737526542336,39.48594084856798,5.188300074605479,58.859906155177555,60.49869602820581,51.87215577601643,59.71683583002425,47.539750540936524,51.79734866134743,41.53028521485794,50.208406968268946,43.0675902982734,49.048227319354396
59.62533010461324,31.24696473506613,52.63248661293086,25.328073834929327,48.296923648087784,21.386278429183776,42.28307824524093,15.684310232193354,40.325082067569866,11.885064031372565,43.099158250661915,2.372998877474906,59.62533010461324,14.347379374461994,52.766799910654115,-13.820838335724538,48.296923648087784,9.862294634146366,42.28307824524093,6.870206852223831,40.325082067569866,5.188300074605479,59.698436200676895,60.599581215067815,52.71068582151577,59.792499720170895,48.37828058643585,52.02434033178724,42.36881526035728,50.30929215513095,43.90612034377273,48.77079305548364
60.46447132361514,31.15399786228911,53.471627831932736,25.235106962152308,49.13606486708967,21.280915973369822,43.12221946424282,15.585145567897868,41.164223286571755,11.748712617966277,43.93826393692248,2.3766551965566762,60.46447132361514,14.40222416068869,53.60565686772544,-13.791587783070291,49.13606486708967,9.86838849928266,43.12221946424282,6.870206852223831,41.164223286571755,5.188300074605479,60.536966246176235,60.77613029207657,53.96848088976475,60.09515528075724,49.21681063193519,52.0495616285026,43.20734530585662,50.410177341993176,44.74465038927207,48.69512916533699
61.30361254261702,31.054833197993624,54.31076905093464,25.129744506338362,49.97520608609156,21.18794910059281,43.961360683244706,15.498376486639323,42.00336450557364,11.606163413041507,44.77704982851118,2.4132183873744637,61.30361254261702,14.450975081779077,54.444584890279415,-13.769649868579627,49.97520608609156,9.92323328550934,43.961360683244706,6.906770043041618,42.00336450557364,5.194393939741758,61.375496291675546,60.8770154789388,54.457623416306035,60.09515528075724,50.05534067743453,52.07478292521819,44.04587535135596,50.485841232139705,45.58318043477141,48.442916198181706
62.14275376161889,30.961866325216604,55.14991026993651,25.04297542507981,50.81434730509345,21.082586644778857,44.800501902246594,15.411607405380778,42.84250572457552,11.482207582672153,45.616119982030426,2.4205310255380255,62.14275376161889,14.499726002869451,55.28351291283339,-13.747711954088949,50.81434730509345,9.941514880918234,44.800501902246594,6.937239368723127,42.84250572457552,5.2248632654232665,62.214026337174886,60.9779006658008,55.99492849972148,60.3978108413437,50.893870722933855,52.125225518649245,44.884405396855286,50.56150512228635,46.42171048027073,48.241145824457476
62.981894980620794,30.868899452439592,55.989051488938415,24.937612969265857,51.65348852409532,20.977224188964897,45.63964312124848,15.312442741085285,43.681646943577405,11.339658377747398,46.45494140636043,2.4534378972740356,62.981894980620794,14.554570789096132,56.12251200087,-13.73308667776184,51.65348852409532,9.953702611190835,45.63964312124848,6.94333323385942,43.681646943577405,5.2248632654232665,63.052556382674226,61.15444974280956,59.488803689302046,60.09515528075724,51.732400768433195,52.301774595658,45.722935442354625,50.56150512228635,47.26024052577007,48.06459674744872
63.82103619962267,30.78213037118104,56.82819270794029,24.844646096488837,52.492629743097226,20.884257316187878,46.47878434025036,15.213278076789798,44.520788162579294,11.197109172822628,47.293976027138356,2.4644068545193747,63.82103619962267,14.609415575322828,56.96136895794133,-13.703836125107593,52.492629743097226,10.014641262553823,46.47878434025036,6.9616148292683135,44.520788162579294,5.255332591104747,63.891086428173566,61.230113632956204,61.375496291675546,60.3978108413437,52.570930813932534,52.377438485804646,46.561465487853965,50.66239030914846,48.09877057126941,47.8376050770089
64.66017741862457,30.676767915367087,57.66733392694219,24.74548143219336,53.3317709620991,20.772697068855457,47.317925559252245,15.126508995531253,45.35992938158118,11.060757759416347,48.13279745146838,2.497313726255385,64.66017741862457,14.652072631276923,57.80040357871927,-13.692867167862268,53.3317709620991,10.026828992826424,47.317925559252245,6.992084154949808,45.35992938158118,5.261426456241054,64.7296164736729,61.38144141324938,62.214026337174886,60.3978108413437,53.409460859431874,52.377438485804646,47.39999553335329,50.71283290257952,48.93730061676874,47.53494951642256
65.49931863762644,30.56520766803466,58.506475145944066,24.633921184860938,54.170912181100974,20.66733461304151,48.15706677825413,15.0211465397173,46.19907060058307,10.912010762973118,48.97179653950498,2.5119390025825012,65.49931863762644,14.694729687231003,58.6392605357906,-13.66361661520802,54.170912181100974,10.087767644189398,48.15706677825413,7.016459615494995,46.19907060058307,5.261426456241054,65.56814651917225,61.45710530339602,63.052556382674226,60.49869602820581,54.247990904931214,52.377438485804646,48.23852557885263,50.86416068287269,49.77583066226808,47.282736549267156
66.33845985662835,30.46604300373918,59.34561636494594,24.534756520565445,55.010053400102876,20.561972157227558,48.99620799725602,14.934377458458748,47.03821181958496,10.763263766529889,49.81058243109368,2.548502193400296,66.33845985662835,14.749574473457699,59.47829515656851,-13.652647657962682,55.010053400102876,10.087767644189398,48.99620799725602,7.028647345767595,47.03821181958496,5.261426456241054,66.40667656467159,61.53276919354255,63.891086428173566,60.650023808498986,55.086520950430554,52.377438485804646,49.07705562435197,50.86416068287269,50.61436070776742,47.0053022853964
67.17760107563022,30.35448275640676,60.18475758394784,24.423196273233025,55.84919461910475,20.450411909895138,49.83534921625791,14.829015002644795,47.87735303858683,10.61451677008666,50.649688117354216,2.552158512482073,67.17760107563022,14.786137664275486,60.317152113639835,-13.623397105308463,55.84919461910475,10.148706295552373,49.83534921625791,7.053022806312782,47.87735303858683,5.261426456241054,67.2452066101709,61.658875677120136,64.7296164736729,60.70046640193004,55.925050995929865,52.42788107923559,49.915585669851296,50.86416068287269,51.45289075326676,46.70264672480994
68.0167422946321,30.255318092111274,61.02389880294972,24.31783381741907,56.68833583810665,20.351247245599644,50.674490435259784,14.74224592138625,48.71649425758872,10.46576977364343,51.48840294346029,2.5960343414634224,68.0167422946321,14.840982450502167,61.15618673441777,-13.612428148063124,56.68833583810665,10.160894025824987,50.674490435259784,7.083492131994291,48.71649425758872,5.261426456241054,68.08373665567024,61.759760863982365,65.56814651917225,60.851794182223216,56.763581041429205,52.52876626609782,50.75411571535065,50.86416068287269,52.2914207987661,46.32432727407695
68.855883513634,30.143757844778854,61.86304002195162,24.20627357008665,57.52747705710853,20.239686998267224,51.51363165426169,14.643081257090756,49.55563547659061,10.323220568718668,52.327473096979546,2.603346979626984,68.855883513634,14.895827236728849,61.9950436914891,-13.583177595408891,57.52747705710853,10.191363351506482,51.51363165426169,7.08958599713057,49.55563547659061,5.261426456241054,68.92226670116958,61.81020345741342,66.40667656467159,60.851794182223216,57.602111086928545,52.60443015624435,51.59264576084996,50.86416068287269,53.12995084426544,46.021671713490605
69.69502473263587,30.038395388964894,62.70218124095349,24.10091111427269,58.36661827611043,20.128126750934804,52.35277287326356,14.54391659279527,50.3947766955925,10.168275780756971,53.16625898856823,2.6399101704447716,69.69502473263587,14.926296562410357,62.83407831226701,-13.572208638163552,58.36661827611043,10.234020407460562,52.35277287326356,7.1017737274031845,50.3947766955925,5.261426456241054,69.76079674666892,61.91108864427554,67.2452066101709,60.851794182223216,58.440641132427885,52.68009404639099,52.4311758063493,50.86416068287269,53.96848088976475,45.6685735594732
70.53416595163777,29.93303293315094,63.541322459955396,24.00174644997721,59.205759495112304,20.028962086639318,53.19191409226546,14.457147511536725,51.233917914594386,10.02572657583221,54.00529360934617,2.6508791276901107,70.53416595163777,14.981141348637038,63.67293526933837,-13.54295808550932,59.205759495112304,10.240114272596855,53.19191409226546,7.138336918220972,51.233917914594386,5.261426456241054,70.59932679216826,62.037195127853124,68.08373665567024,60.851794182223216,59.279171177927225,52.68009404639099,53.26970585184864,50.99026716645028,54.80701093526409,45.290254108740214
71.37330717063965,29.82147268581852,64.38046367895727,23.902581785681726,60.04490071411418,19.92979742234384,54.03105531126734,14.351785055722772,52.07305913359626,9.883177370907447,54.84411503367615,2.683785999426121,71.37330717063965,15.029892269727412,64.51193435737495,-13.52833280918221,60.04490071411418,10.294959058823537,54.03105531126734,7.162712378766159,52.07305913359626,5.261426456241054,71.4378568376676,62.06241642456871,68.92226670116958,60.851794182223216,60.117701223426565,52.68009404639099,54.10823589734798,50.91460327630375,55.64554098076343,44.9371559547227
72.21244838964155,29.722308021523034,65.21960489795914,23.791021538349305,60.88404193311608,19.81823717501142,54.87019653026921,14.252620391427286,52.91220035259816,9.72823258294575,55.68304305623015,2.705723913916792,72.21244838964155,15.0664554605452,65.35086237992893,-13.506394894691532,60.88404193311608,10.307146789096137,54.87019653026921,7.162712378766159,52.91220035259816,5.261426456241054,72.27638688316694,62.11285901799977,69.76079674666892,60.952679369085445,60.956231268925904,52.68009404639099,54.94676594284732,50.86416068287269,56.48407102626277,44.45795131712771
73.05158960864343,29.610747774190614,66.05874611696105,23.679461291016885,61.723183152117954,19.69428134464205,55.709337749271114,14.159653518650266,53.75134157160004,9.573287794984061,56.52197107878409,2.72766182840747,73.05158960864343,15.121300246771895,66.1897904024829,-13.484456980200854,61.723183152117954,10.343709979913939,55.709337749271114,7.2053694347202395,53.75134157160004,5.261426456241054,73.11491692866625,62.21374420486188,70.59932679216826,61.00312196251639,61.794761314425216,52.654872749675405,55.78529598834666,50.86416068287269,57.32260107176211,44.02918927296355
73.8907308276453,29.499187526858194,66.89788733596292,23.567901043684465,62.56232437111986,19.588918888828104,56.54847896827299,14.054291062836313,54.59048279060194,9.424540798540832,57.360792503114126,2.76056870014348,73.8907308276453,15.157863437589683,67.02878949051951,-13.469831703873744,62.56232437111986,10.380273170731726,56.54847896827299,7.235838760401734,54.59048279060194,5.261426456241054,73.95344697416559,62.289408095008525,71.4378568376676,61.00312196251639,62.633291359924556,52.68009404639099,56.623826033846,50.86416068287269,58.16113111726145,43.60042722879962
74.7298720466472,29.387627279525773,67.73702855496482,23.45014300483357,63.40146559012173,19.477358641495684,57.38762018727489,13.955126398540827,55.42962400960381,9.257200427542202,58.19979159115071,2.7751939764705895,74.7298720466472,15.20661435868007,67.86768198033216,-13.444237470301282,63.40146559012173,10.380273170731726,57.38762018727489,7.235838760401734,55.42962400960381,5.261426456241054,74.79197701966493,62.36507198515517,72.27638688316694,61.00312196251639,63.471821405423896,52.68009404639099,57.46235607934531,50.86416068287269,58.99966116276079,43.1212225912044
75.56901326564908,29.26367144915642,68.5761697739667,23.33858275750115,64.24060680912363,19.365798394163257,58.226761406276765,13.862159525763808,56.268765228605716,9.102255639580498,59.038541949998105,2.8154134863701614,75.56901326564908,15.243177549497872,68.70668106836875,-13.429612193974172,64.24060680912363,10.4412118220947,58.226761406276765,7.2724019512195355,56.268765228605716,5.261426456241054,75.63050706516427,62.36507198515517,73.11491692866625,61.00312196251639,64.31035145092324,52.68009404639099,58.30088612484465,50.86416068287269,59.8381912082601,42.64201795360941
76.40815448465098,29.145913410305525,69.4153109929686,23.220824718650263,65.07974802812551,19.254238146830836,59.06590262527867,13.769192652986789,57.10790644760759,8.953508643137269,59.87754103803469,2.830038762697278,76.40815448465098,15.27974074031566,69.54557355818143,-13.404017960401724,65.07974802812551,10.453399552367301,59.06590262527867,7.296777411764722,57.10790644760759,5.261426456241054,76.4690371106636,62.36507198515517,73.95344697416559,61.00312196251639,65.14888149642258,52.68009404639099,59.13941617034399,50.83893938615711,60.67672125375944,42.13759201929872
77.24729570365285,29.028155371454638,70.25445221197047,23.103066679799376,65.91888924712738,19.142677899498416,59.90504384428054,13.670027988691302,57.947047666609464,8.798563855175573,60.71639799510602,2.8592893153515107,77.24729570365285,15.334585526542341,70.38457264621802,-13.3893926840746,65.91888924712738,10.465587282639902,59.90504384428054,7.308965142037323,57.947047666609464,5.261426456241054,77.30756715616295,62.51639976544834,74.79197701966493,60.851794182223216,65.98741154192192,52.68009404639099,59.97794621584333,50.71283290257952,61.51525129925878,41.60794478827256
78.08643692265476,28.904199541085283,71.09359343097235,22.99150643246695,66.75803046612928,19.024919860647522,60.744185063282416,13.564665532877349,58.78618888561137,8.631223484176942,61.55521941943606,2.892196187087528,78.08643692265476,15.365054852223835,71.22346513603067,-13.363798450502152,66.75803046612928,10.520432068866597,60.744185063282416,7.34552833285511,58.78618888561137,5.261426456241054,78.14609720166229,62.51639976544834,75.63050706516427,60.851794182223216,66.82594158742123,52.553987562813404,60.81647626134267,50.71283290257952,62.35378134475812,41.05307626053093
78.92557814165663,28.792639293752856,71.93273464997425,22.87374839361606,67.59717168513116,18.90716182179664,61.58332628228432,13.465500868581863,59.62533010461324,8.482476487733713,62.39414744199,2.914134101578199,78.92557814165663,15.41989963845053,72.0624997568086,-13.352829493256813,67.59717168513116,10.52652593400289,61.58332628228432,7.351622197991404,59.62533010461324,5.255332591104747,78.9846272471616,62.51639976544834,76.4690371106636,60.851794182223216,67.66447163292057,52.42788107923559,61.65500630684201,50.586726419001934,63.19231139025746,40.4729864360736
79.7647193606585,28.668683463383502,72.77187586897612,22.755990354765174,68.43631290413306,18.80179936598268,62.42246750128619,13.372533995804844,60.46447132361514,8.32133390825355,63.232968866320036,2.947040973314209,79.7647193606585,15.45036896413201,72.9014988448452,-13.33820421692969,68.43631290413306,10.544807529411784,62.42246750128619,7.363809928264004,60.46447132361514,5.2248632654232665,79.82315729266094,62.617284952310456,77.30756715616295,60.851794182223216,68.5030016784199,52.377438485804646,62.49353635234135,50.56150512228635,64.0308414357568,39.867675314900794
80.6038605796604,28.550925424532615,73.61101708797803,22.638232315914287,69.27545412313494,18.6840413271318,63.261608720288095,13.267171539990898,61.30361254261702,8.15399353725492,64.07182582339134,2.976291525968449,80.6038605796604,15.499119885222399,73.7404268673992,-13.316266302439026,69.27545412313494,10.599652315638465,63.261608720288095,7.382091523672898,61.30361254261702,5.212675535150652,80.66168733816028,62.66772754574151,78.14609720166229,60.851794182223216,69.34153172391925,52.377438485804646,63.33206639784066,50.485841232139705,64.86937148125614,39.262364193728104
81.44300179866228,28.43316738568172,74.4501583069799,22.52667206858186,70.11459534213684,18.566283288280907,64.10074993928997,13.161809084176944,62.14275376161889,7.986653166256289,64.91082491142798,2.9909168022955583,81.44300179866228,15.535683076040186,74.57939042269446,-13.297984707030118,70.11459534213684,10.599652315638465,64.10074993928997,7.382091523672898,62.14275376161889,5.188300074605479,81.50021738365962,62.66772754574151,78.9846272471616,60.7509089953611,70.18006176941859,52.377438485804646,64.17059644334,50.38495604527759,65.70790152675545,38.63183177583994
82.28214301766418,28.31540934683084,75.28929952598178,22.402716238212506,70.95373656113871,18.448525249430013,64.93989115829187,13.062644419881458,62.981894980620794,7.831708378294586,65.74953973753402,3.0347926312769076,82.28214301766418,15.572246266857974,75.41838951073107,-13.283359430703008,70.95373656113871,10.63012164131996,64.93989115829187,7.382091523672898,62.981894980620794,5.188300074605479,82.33874742915896,62.66772754574151,79.82315729266094,60.67524510521446,71.01859181491793,52.377438485804646,65.00912648883934,50.25884956169989,66.54643157225479,37.950856764520495
83.12128423666606,28.191453516461472,76.12844074498368,22.28495819936162,71.79287778014059,18.330767210579133,65.77903237729375,12.963479755585965,63.82103619962267,7.658170215777496,66.58846776008797,3.0567305457675786,83.12128423666606,15.608809457675775,76.25735306602637,-13.265077835294115,71.79287778014059,10.672778697274055,65.77903237729375,7.388185388809191,63.82103619962267,5.188300074605479,83.1772774746583,62.66772754574151,80.66168733816028,60.54913862163687,71.85712186041727,52.377438485804646,65.84765653433868,50.18318567155336,67.38496161775413,37.26988175320116
83.96042545566796,28.048904311536717,76.96758196398555,22.15480457747379,72.63201899914249,18.21300917172824,66.61817359629562,12.858117299772019,64.66017741862457,7.490829844778865,67.42739578264197,3.078668460258257,83.96042545566796,15.645372648493563,77.09631662132163,-13.246796239885207,72.63201899914249,10.672778697274055,66.61817359629562,7.418654714490685,64.66017741862457,5.188300074605479,84.01580752015764,62.66772754574151,81.50021738365962,60.54913862163687,72.69565190591658,52.175668112080416,66.68618657983802,50.08230048469113,68.22349166325347,36.58890674188183
84.79956667466983,27.931146272685822,77.80672318298745,22.030848747104436,73.47116021814436,18.09525113287735,67.45731481529752,12.758952635476533,65.49931863762644,7.317291682261761,68.26611060874801,3.122544289239606,84.79956667466983,15.694123569583951,77.9353512420996,-13.235827282639882,73.47116021814436,10.715435753228135,67.45731481529752,7.4430301750358865,65.49931863762644,5.188300074605479,84.85433756565695,62.66772754574151,82.33874742915896,60.523917324921285,73.53418195141592,52.10000422193377,67.52471662533736,49.956194001113545,69.06202170875281,35.857489137131324
85.63870789367171,27.79479485927954,78.64586440198933,21.906892916735075,74.31030143714626,17.971295302507997,68.2964560342994,12.659787971181046,66.33845985662835,7.1561491027815975,69.10503863130198,3.144482203730277,85.63870789367171,15.718499030129138,78.77435033013619,-13.221202006312758,74.31030143714626,10.74590507890963,68.2964560342994,7.455217905308487,66.33845985662835,5.188300074605479,85.69286761115629,62.66772754574151,83.1772774746583,60.3978108413437,74.37271199691526,52.07478292521819,68.3632466708367,49.83008751753596,69.90055175425215,35.050407642234404
86.47784911267361,27.670839028910173,79.48500562099123,21.78293708636572,75.14944265614814,17.853537263657103,69.1355972533013,12.554425515367093,67.17760107563022,6.988808731782967,69.94393112111463,3.1700764373027326,86.47784911267361,15.76724995121954,79.6133494181728,-13.206576729985649,75.14944265614814,10.74590507890963,69.1355972533013,7.455217905308487,67.17760107563022,5.188300074605479,86.53139765665563,62.6929488424571,84.01580752015764,60.24648306105041,75.2112420424146,52.07478292521819,69.20177671633601,49.678759737242785,70.73908179975146,34.318990037484014
87.31699033167548,27.534487615503892,80.3241468399931,21.6527834644779,75.98858387515004,17.735779224806215,69.97473847230317,12.44906305955314,68.0167422946321,6.821468360784337,70.782681479962,3.2102959472023045,87.31699033167548,15.79771927690102,80.45234850620942,-13.191951453658525,75.98858387515004,10.782468269727417,69.97473847230317,7.479593365853674,68.0167422946321,5.188300074605479,87.36992770215497,62.66772754574151,84.85433756565695,60.24648306105041,76.04977208791394,51.99911903507166,70.04030676183535,49.55265325366497,71.5776118452508,33.53712983930245
88.15613155067739,27.404333993616063,81.16328805899498,21.528827634108545,76.82772509415192,17.618021185955328,70.81387969130508,12.349898395257654,68.855883513634,6.6479301982672325,71.62153843703332,3.2395464998565373,88.15613155067739,15.840376332855115,81.291347594246,-13.177326177331416,76.82772509415192,10.819031460545204,70.81387969130508,7.4917810961262745,68.855883513634,5.1578307489239705,88.20845774765431,62.66772754574151,85.69286761115629,60.1455978741883,76.88830213341328,51.77212736463184,70.8788368073347,49.4013254733718,72.41614189075014,32.65438445425889
88.99527276967926,27.274180371728242,82.00242927799688,21.404871803739177,77.66686631315379,17.494065355585974,71.65302091030695,12.2445359394437,69.69502473263587,6.486787618787069,72.46043092684597,3.2651407334289857,88.99527276967926,15.876939523672903,82.13027561679998,-13.155388262840738,77.66686631315379,10.819031460545204,71.65302091030695,7.522250421807769,69.69502473263587,5.115173692969876,89.04698779315365,62.66772754574151,86.53139765665563,60.01949139061071,77.72683217891262,51.77212736463184,71.71736685283403,49.27521898979421,73.25467193624948,31.84730295936174
89.83441398868116,27.150224541358874,82.84157049699876,21.280915973369822,78.50600753215569,17.370109525216613,72.49216212930882,12.145371275148214,70.53416595163777,6.307051664751498,73.29925235117598,3.298047605165003,89.83441398868116,15.907408849354383,82.96931023757791,-13.144419305595399,78.50600753215569,10.837313055954112,72.49216212930882,7.528344286944062,70.53416595163777,5.115173692969876,89.88551783865299,62.66772754574151,87.36992770215497,59.94382750046407,78.56536222441193,51.721684771200785,72.55589689833337,49.098669912785454,74.09320198174882,30.939336277602592
90.67355520768304,27.013873127952586,83.68071171600066,21.150762351482,79.34514875115757,17.239955903328784,73.33130334831073,12.033811027815794,71.37330717063965,6.1273157107159335,74.13803824276467,3.3346107959827833,90.67355520768304,15.943972040172184,83.80827379287321,-13.126137710186505,79.34514875115757,10.892157842180794,73.33130334831073,7.528344286944062,71.37330717063965,5.115173692969876,90.7240478841523,62.66772754574151,88.20845774765431,59.84294231360195,79.40389226991127,51.49469310076108,73.39442694383271,48.92212083577681,74.93173202724816,30.05659089255903
91.51269642668491,26.883719506064764,84.51985293500253,21.020608729594173,80.18428997015947,17.122197864477904,74.1704445673126,11.934646363520308,72.21244838964155,5.947579756680369,74.97696626531867,3.3565487104734615,91.51269642668491,15.974441365853679,84.64720181542715,-13.104199795695827,80.18428997015947,10.892157842180794,74.1704445673126,7.5649074777618495,72.21244838964155,5.115173692969876,91.56257792965164,62.66772754574151,89.04698779315365,59.66639323659331,80.24242231541061,51.4694718040455,74.23295698933205,48.74557175876805,75.7702620727475,29.047739023937766
92.35183764568681,26.741170301139995,85.35899415400444,20.878059524669418,81.02343118916134,16.998242034108536,75.0095857863145,11.829283907706355,73.05158960864343,5.767843802644798,75.81582322238997,3.3857992631276943,92.35183764568681,16.011004556671466,85.4862009034638,-13.089574519368718,81.02343118916134,10.904345572453394,75.0095857863145,7.5649074777618495,73.05158960864343,5.115173692969876,92.40110797515098,62.566842358879285,89.88551783865299,59.61595064316214,81.08095236090995,51.44425050732991,75.07148703483136,48.54380138504382,76.60879211824681,28.089329748747673
93.19097886468869,26.59862109621524,86.19813537300631,20.747905902781596,81.86257240816322,16.868088412220715,75.84872700531638,11.723921451892402,73.8907308276453,5.5943056401277005,76.65453804849604,3.4296750921090435,93.19097886468869,16.02928615208036,86.32519999150038,-13.074949243041608,81.86257240816322,10.959190358680075,75.84872700531638,7.601470668579651,73.8907308276453,5.090798232424703,93.23963802065032,62.51639976544834,90.7240478841523,59.43940156615349,81.91948240640929,51.192037540174624,75.9100170803307,48.36725230803506,77.44732216374615,27.080477880126296
94.03012008369059,26.456071891290485,87.03727659200818,20.6115544893753,82.70171362716512,16.737934790332886,76.68786822431828,11.618558996078448,74.7298720466472,5.414569686092129,77.49339500556736,3.4589256447632835,94.03012008369059,16.059755477761854,87.16412801405433,-13.05301132855093,82.70171362716512,10.965284223816369,76.68786822431828,7.601470668579651,74.7298720466472,5.0542350416069155,94.07816806614966,62.51639976544834,91.56257792965164,59.33851637929138,82.75801245190863,51.16681624345904,76.74854712583004,48.190703231026305,78.28585220924549,26.04640471478956
94.86926130269246,26.31972047788419,87.87641781101009,20.481400867487473,83.540854846167,16.620176751482006,77.52700944332015,11.513196540264488,75.56901326564908,5.234833732056565,78.33221642989734,3.4918325164992936,94.86926130269246,16.096318668579656,88.00319816757361,-13.045698690387376,83.540854846167,10.965284223816369,77.52700944332015,7.625846129124838,75.56901326564908,5.042047311334301,94.916698111649,62.41551457858611,92.40110797515098,59.23763119242915,83.59654249740797,51.015488463165866,77.58707717132938,47.93849026387102,79.12438225474483,25.012331549452824
95.70840252169437,26.177171272959427,88.71555903001196,20.351247245599644,84.3799960651689,16.496220921112645,78.36615066232203,11.407834084450542,76.40815448465098,5.0550977780210005,79.1710733869687,3.5210830691535193,95.70840252169437,16.120694129124843,88.84223278835152,-13.034729733142036,84.3799960651689,10.995753549497877,78.36615066232203,7.638033859397439,76.40815448465098,5.042047311334301,95.75522815714834,62.36507198515517,93.23963802065032,59.03586081870492,84.43507254290728,50.86416068287269,78.42560721682872,47.736719890146674,79.96291230024417,23.927815790684917
96.54754374069624,26.04081985955313,89.55470024901386,20.20869804067489,85.21913728417077,16.366067299224817,79.20529188132393,11.296273837118122,77.24729570365285,4.869164032466962,80.00982374581606,3.561302579053091,96.54754374069624,16.151163454806337,89.68123187638814,-13.020104456814913,85.21913728417077,11.038410605451958,79.20529188132393,7.668503185078933,77.24729570365285,5.042047311334301,96.59375820264765,62.36507198515517,94.07816806614966,58.83409044498069,85.27360258840662,50.83893938615711,79.26413726232806,47.4845069229915,80.80144234574351,22.767636141770367
97.38668495969812,25.898270654628377,90.39384146801574,20.072346627268594,86.05827850317267,16.254507051892396,80.0444331003258,11.184713589785702,78.08643692265476,4.701823661468332,80.8486451701461,3.5942094507891014,97.38668495969812,16.187726645624124,90.52019543168343,-13.00182286140602,86.05827850317267,11.044504470588251,80.0444331003258,7.674597050215226,78.08643692265476,5.029859581061714,97.43228824814699,62.36507198515517,94.916698111649,58.73320525811857,86.11213263390596,50.61194771571729,80.1026673078274,47.282736549267156,81.63997239124285,21.607456492856045
98.22582617870002,25.749523658185147,91.23298268701764,19.94839079689924,86.89741972217455,16.118155638486108,80.8835743193277,11.079351133971748,78.92557814165663,4.528285498951227,81.68746659447608,3.6271163225251115,98.22582617870002,16.230383701578205,91.35933665068534,-13.00182286140602,86.89741972217455,11.044504470588251,80.8835743193277,7.674597050215226,78.92557814165663,4.975014794835005,98.27081829364633,62.23896550157747,95.75522815714834,58.50621358767876,86.9506626794053,50.53628382557076,80.94119735332671,47.03052358211198,82.47850243674216,20.39683425051055
99.06496739770189,25.619370036297326,92.07212390601951,19.805841591974477,87.73656094117642,15.988002016598287,81.72271553832958,10.973988678157788,79.7647193606585,4.336153961878722,82.52632355154743,3.6563668751793514,99.06496739770189,16.2486652969871,92.19833573872192,-12.98719758507891,87.73656094117642,11.099349256814932,81.72271553832958,7.698972510760413,79.7647193606585,4.968920929698726,99.10934833914567,62.21374420486188,96.59375820264765,58.40532840081664,87.78919272490464,50.284070858415475,81.77972739882605,46.82875320838764,83.3170324822415,19.186212008164944
99.9041086167038,25.476820831372557,92.91126512502139,19.681885761605123,88.57570216017832,15.857848394710459,82.56185675733148,10.868626222343835,80.6038605796604,4.137824633287757,83.36510944313612,3.692930065997139,99.9041086167038,16.2852284878049,93.03737035949983,-12.97622862783357,88.57570216017832,11.111536987087533,82.56185675733148,7.711160241033014,80.6038605796604,4.968920929698726,99.94787838464501,62.087637721284295,97.43228824814699,58.17833673037683,88.62772277040398,50.233628264984304,82.6182574443254,46.551318944516765,84.15556252774084,17.92514717238828
100.74324983570567,25.328073834929327,93.75040634402329,19.545534348198828,89.4148433791802,15.721496981304163,83.40099797633336,10.757065975011415,81.44300179866228,3.970484262289119,84.20385980198348,3.733149575896711,100.74324983570567,16.303510083213794,93.87633391479515,-12.957947032424677,89.4148433791802,11.111536987087533,83.40099797633336,7.741629566714508,81.44300179866228,4.962827064562447,100.78640843014435,62.06241642456871,98.27081829364633,58.05223024679924,89.46625281590332,49.98141529782913,83.45678748982473,46.223442087214835,84.99409257324018,16.53797585303414
101.58239105470757,25.179326838486098,94.58954756302516,19.402985143274066,90.2539845981821,15.59754115093481,84.24013919533523,10.645505727678994,82.28214301766418,3.772154933698147,85.04268122631349,3.766056447632721,101.58239105470757,16.33397940889529,94.71547513379703,-12.957947032424677,90.2539845981821,11.129818582496426,84.24013919533523,7.747723431850801,82.28214301766418,4.907982278335737,101.62493847564366,62.037195127853124,99.10934833914567,57.80001727964384,90.30478286140263,49.956194001113545,84.29531753532407,45.97122912005955,85.83262261873952,15.251689720542004
102.42153227370945,25.03057984204287,95.42868878202707,19.254238146830836,91.09312581718397,15.461189737528514,85.07928041433713,10.533945480346574,83.12128423666606,3.5800233966256485,85.8815026506435,3.798963319368731,102.42153227370945,16.370542599713076,95.55447422183364,-12.943321756097554,91.09312581718397,11.178569503586829,85.07928041433713,7.747723431850801,83.12128423666606,4.895794548063151,102.463468521143,61.91108864427554,99.94787838464501,57.59824690591961,91.14331290690197,49.678759737242785,85.13384758082341,45.693794856188674,86.3217651452808,14.696821192800371
103.26067349271132,24.869437262562712,96.26783000102894,19.11788673342454,91.93226703618588,15.324838324122219,85.91842163333901,10.422385233014154,83.96042545566796,3.381694068034676,86.72032407497353,3.8318701911047413,103.26067349271132,16.37663646484937,96.39350884261155,-12.932352798852214,91.93226703618588,11.184663368723122,85.91842163333901,7.7781927575323095,83.96042545566796,4.895794548063151,103.30199856664234,61.81020345741342,100.78640843014435,57.37125523547991,91.98184295240131,49.628317143811614,85.97237762632275,45.44158188903339,,
104.09981471171322,24.70829468308255,97.10697122003084,18.96913973698131,92.77140825518775,15.194684702234397,86.75756285234091,10.310824985681734,84.79956667466983,3.189562530962178,87.55910996656219,3.8684333819225287,104.09981471171322,16.413199655667157,97.23247239790685,-12.91407120344332,92.77140825518775,11.184663368723122,86.75756285234091,7.784286622668603,84.79956667466983,4.895794548063151,104.14052861214168,61.73453956726678,101.62493847564366,57.194706158471035,92.82037299790065,49.35088287994074,86.81090767182206,45.164147625162514,,
104.9389559307151,24.55954768663932,97.94611243903272,18.83278832357503,93.61054947418963,15.064531080346569,87.59670407134278,10.20546252986778,85.63870789367171,2.9974309938896653,88.39782479266823,3.912309210903878,104.9389559307151,16.44976284648496,98.07161361690872,-12.91407120344332,93.61054947418963,11.202944964132016,87.59670407134278,7.82084981348639,85.63870789367171,4.847043626972749,104.97905865764102,61.60843308368919,102.463468521143,56.96771448803133,93.65890304339999,49.149112506216625,87.6494377173214,44.81104947114511,,
105.778097149717,24.41080069019609,98.78525365803459,18.6840413271318,94.44969069319153,14.934377458458748,88.43584529034466,10.10010007405382,86.19813537300631,2.892068538075719,89.23657515151562,3.952528720803457,105.778097149717,16.44976284648496,98.91057717220401,-12.895789608034427,94.44969069319153,11.251695885222404,88.43584529034466,7.82084981348639,86.19813537300631,4.859231357245363,105.81758870314036,61.45710530339602,103.30199856664234,56.7659441143071,94.49743308889933,48.99778472592334,88.48796776282074,44.508393910558766,,
106.61723836871887,24.26205369375286,99.6243948770365,18.535294330688572,95.2888319121934,14.79802604505246,89.27498650934656,9.98234203520294,,,90.07546764132827,3.9781229543759054,106.61723836871887,16.486326037302746,99.74961179298195,-12.884820650789088,95.2888319121934,11.257789750358697,89.27498650934656,7.839131408895284,,,106.6561187486397,61.38144141324938,104.14052861214168,56.5137311471517,95.33596313439867,48.74557175876805,89.32649780832008,44.18051705325672,,
107.45637958772075,24.10091111427269,100.46353609603837,18.386547334245343,96.1279731311953,14.661674631646164,90.11412772834844,9.87697957938898,,,90.91418246743434,4.021998783357255,107.45637958772075,16.522889228120533,100.58861088101854,-12.870195374461979,96.1279731311953,11.257789750358697,90.11412772834844,7.857413004304178,,,107.49464879413901,61.25533492967179,104.97905865764102,56.26151817999653,96.17449317989798,48.54380138504382,90.16502785381942,43.852640195954905,,
108.29552080672265,23.945966326311,101.30267731504027,18.237800337802113,96.96711435019718,14.53771880127681,90.95326894735034,9.759221540538093,,,91.75303942450564,4.051249336011487,108.29552080672265,16.522889228120533,101.42775210002044,-12.870195374461979,96.96711435019718,11.269977480631297,90.95326894735034,7.857413004304178,,,108.33317883963835,61.15444974280956,105.81758870314036,55.98408391612554,97.01302322539732,48.39247360475065,91.00355789931876,43.47432074522192,,
109.13466202572452,23.78482374683083,102.14181853404214,18.089053341358884,97.80625556919908,14.407565179388982,91.79241016635221,9.641463501687205,,,92.59182531609436,4.087812526829275,109.13466202572452,16.553358553802028,102.26671565531574,-12.85191377905307,97.80625556919908,11.318728401721671,91.79241016635221,7.893976195121965,,,109.17170888513769,61.053564555947446,106.6561187486397,55.70664965225478,97.85155327089666,48.14026063759525,91.8420879448181,43.1212225912044,,
109.97380324472643,23.61128558431374,102.98095975304405,17.940306344915655,98.64539678820096,14.252620391427286,92.63155138535411,9.529903254354785,,,93.4305401422004,4.131688355810624,109.97380324472643,16.577734014347214,103.10575027609367,-12.840944821807732,98.64539678820096,11.324822266857979,92.63155138535411,7.918351655667152,,,110.01023893063703,60.8770154789388,107.49464879413901,55.45443668509938,98.690083316396,47.93849026387102,92.68061799031742,42.793345733902584,,
110.8129444637283,23.456340796352038,103.82010097204592,17.791559348472425,99.48453800720283,14.11626897802099,93.47069260435599,9.418343007022358,,,94.26929050104776,4.171907865710196,110.8129444637283,16.59601560975611,103.94474936413026,-12.826319545480622,99.48453800720283,11.330916131994272,93.47069260435599,7.930539385939753,,,110.84876897613637,60.7509089953611,108.33317883963835,55.17700242122862,99.52861336189534,47.787162483577845,93.51914803581676,42.38980498645401,,
111.6520856827302,23.29519821687188,104.6592421910478,17.642812352029203,100.32367922620473,13.979917564614702,94.30983382335786,9.306782759689938,,,95.10804085989515,4.212127375609761,111.6520856827302,16.6021094748924,104.78389058313213,-12.826319545480622,100.32367922620473,11.330916131994272,94.30983382335786,7.930539385939753,,,111.68729902163571,60.57435991835246,109.17170888513769,54.89956815735775,100.36714340739468,47.53494951642256,94.3576780813161,42.011485535721135,,
112.49122690173208,23.13405563739171,105.4983834100497,17.494065355585974,101.1628204452066,13.837368359689933,95.14897504235977,9.195222512357518,,,95.94679121874252,4.252346885509333,112.49122690173208,16.63257880057391,105.62285413842746,-12.808037950071729,101.1628204452066,11.367479322812073,95.14897504235977,7.930539385939753,,,112.52582906713505,60.44825343477464,110.01023893063703,54.5969125967714,101.20567345289402,47.257515252551684,95.19620812681543,41.63316608498815,,
113.33036812073395,22.96671526639308,106.33752462905157,17.33912056762427,102.00196166420851,13.688621363246703,95.98811626136164,9.077464473506623,,,96.7855771103312,4.28891007632712,113.33036812073395,16.663048126255404,106.46185322646404,-12.79341267374462,102.00196166420851,11.40404251362986,95.98811626136164,7.9488209813486606,,,113.36435911263436,60.271704357766,110.84876897613637,54.31947833290053,102.04420349839333,47.0053022853964,96.03473817231477,41.229625337539574,,
114.16950933973585,22.799374895394443,107.17666584805347,17.17178019662564,102.84110288321038,13.558467741358882,96.82725748036354,8.965904226174203,,,97.62436300191989,4.325473267144915,114.16950933973585,16.669141991391697,107.30088784724198,-12.78244371649928,102.84110288321038,11.40404251362986,96.82725748036354,7.967102576757554,,,114.2028891581337,60.1455978741883,111.68729902163571,53.99160147559871,102.88273354389267,46.753089318240995,96.87326821781411,40.80086329337553,,
115.00865055873773,22.638232315914287,108.01580706705535,17.02303320018241,103.68024410221228,13.415918536434127,97.66639869936542,8.848146187323323,,,98.46311336076728,4.3656927770444796,115.00865055873773,16.67523585652799,108.13999353350253,-12.778787397417496,103.68024410221228,11.40404251362986,97.66639869936542,7.967102576757554,,,115.04141920363304,59.91860620374848,112.52582906713505,53.688945915012255,103.72126358939201,46.50087635108571,97.71179826331345,40.34687995249601,,
115.84779177773963,22.464694153397183,108.85494828605725,16.880483995257656,104.51938532121416,13.267171539990898,98.50553991836732,8.748981523027837,,,99.30186371961464,4.4059122869440515,115.84779177773963,16.705705182209485,108.97895708879786,-12.760505802008602,104.51938532121416,11.416230243902461,98.50553991836732,7.979290307030155,,,115.87994924913238,59.74205712673984,113.36435911263436,53.38629035442591,104.55979363489135,46.19822079049936,98.55032830881277,39.99378179847861,,
116.6869329967415,22.297353782398552,109.69408950505913,16.713143624259025,105.35852654021603,13.13701791810307,99.3446811373692,8.625025692658483,,,100.14057854572069,4.449788115925401,116.6869329967415,16.72398677761838,109.81802724231709,-12.753193163845047,105.35852654021603,11.464981164992835,99.3446811373692,8.003665767575342,,,116.71847929463172,59.56550804973108,114.2028891581337,53.083634793839565,105.39832368039069,45.946007823344075,99.3888583543121,39.514577160883505,,
117.5260742157434,22.130013411399915,110.533230724061,16.558198836297322,106.19766775921794,12.994468713178314,100.18382235637107,8.507267653807588,,,100.97932890456808,4.490007625824973,117.5260742157434,16.742268373027272,110.65702633035367,-12.738567887517924,106.19766775921794,11.477168895265436,100.18382235637107,8.003665767575342,,,117.55700934013106,59.36373767600685,115.04141920363304,52.70531534310658,106.23685372589003,45.693794856188674,100.22738839981145,39.060593820003874,,
118.36521543474528,21.96887083191976,111.3723719430629,16.39085846529869,107.03680897821981,12.845721716735085,101.02296357537297,8.395707406475168,,,101.81807926341544,4.530227135724537,118.36521543474528,16.742268373027272,111.49616754935558,-12.738567887517924,107.03680897821981,11.477168895265436,101.02296357537297,8.009759632711635,,,118.3955393856304,59.161967302282505,115.87994924913238,52.35221718908906,107.07538377138937,45.46680318574886,101.06591844531079,38.58138918240877,,
119.20435665374715,21.789134877884194,112.21151316206478,16.22971588581853,107.87595019722171,12.70937030332879,101.86210479437484,8.277949367624274,,,102.65679408952148,4.574102964705887,119.20435665374715,16.760549968436166,112.33530876835745,-12.738567887517924,107.87595019722171,11.477168895265436,101.86210479437484,8.04022895839313,,,119.23406943112971,58.985418225273975,116.71847929463172,51.97389773835607,107.91391381688868,45.1893689218781,101.90444849081013,38.10218454481378,,
120.04349787274906,21.61559671536709,113.05065438106668,16.062375514819898,108.71509141622359,12.573018889922494,102.70124601337675,8.160191328773394,,,103.49554444836885,4.6143224746054585,120.04349787274906,16.778831563845074,113.17437892187671,-12.73125524935437,108.71509141622359,11.477168895265436,102.70124601337675,8.04022895839313,,,120.07259947662905,58.78364785154963,117.55700934013106,51.62079958433867,108.75244386238802,44.88671336129164,102.74297853630947,37.622979907218564,,
120.88263909175093,21.44825634436846,113.88979560006855,15.913628518376669,109.55423263522549,12.424271893479265,103.54038723237862,8.0424332899225,,,104.33425927447492,4.658198303586808,120.88263909175093,16.791019294117675,114.01337800991332,-12.71662997302726,109.55423263522549,11.51982595121953,103.54038723237862,8.058510553802023,,,120.91112952212839,58.53143488439434,118.3955393856304,51.26770143032127,109.59097390788736,44.55883650398971,103.58150858180878,37.093332676192404,,
121.72178031075283,21.268520390332895,114.72893681907046,15.746288147378039,110.39337385422736,12.269327105517576,104.37952845138052,7.943268625627013,,,105.17300963332228,4.69841781348638,121.72178031075283,16.81539475466286,114.85251922891523,-12.71662997302726,110.39337385422736,11.544201411764732,104.37952845138052,8.076792149210917,,,121.74965956762773,58.32966451067,119.23406943112971,50.88938197958828,110.4295039533867,44.256180943403365,104.42003862730812,36.58890674188183,,
122.56092152975471,21.088784436297317,115.56807803807233,15.585145567897868,111.02272976847878,12.176360232740556,105.2186696703824,7.819312795257659,,,106.01172445942832,4.742293642467729,122.56092152975471,16.81539475466286,115.69151831695181,-12.702004696700136,110.95280133356196,11.550295276901025,105.2186696703824,8.076792149210917,,,122.58818961312707,58.05223024679924,120.07259947662905,50.46061993542412,110.9885239837196,44.054410569679135,105.25856867280746,36.08448080757114,,
123.40006274875661,20.921444065298687,116.4072192570742,15.424002988417705,,,106.05781088938427,7.701554756406765,,,106.85043928553439,4.786169471449078,123.40006274875661,16.81539475466286,116.53058847047105,-12.694692058536582,,,106.05781088938427,8.076792149210917,,,123.42671965862641,57.85045987307501,120.91112952212839,50.08230048469113,,,106.0970987183068,35.52961227982951,,
124.23920396775848,20.735510319744655,117.2463604760761,15.262860408937549,,,106.89695210838617,7.589994509074344,,,107.68915411164043,4.830045300430427,124.23920396775848,16.833676350071755,117.36972968947295,-12.694692058536582,,,106.89695210838617,8.088979879483517,,,124.26524970412575,57.573025609204024,121.74965956762773,49.6535384405272,,,106.93562876380614,34.97474375208776,,
125.07834518676036,20.555774365709084,118.08550169507798,15.101717829457378,,,107.73609332738805,7.478434261741924,,,108.5278689377465,4.873921129411777,125.07834518676036,16.85195794548065,118.20887090847482,-12.694692058536582,,,107.73609332738805,8.119449205164997,,,125.10377974962506,57.32081264204885,122.58818961312707,49.224776396363154,,,107.77415880930548,34.4450965210616,,
125.91748640576226,20.37603841167352,118.92464291407988,14.934377458458748,,,108.57523454638995,7.348280639854096,,,109.36658376385255,4.917796958393126,125.91748640576226,16.85195794548065,119.0479765947354,-12.691035739454797,,,108.57523454638995,8.149918530846506,,,125.9423097951244,57.06859967489345,123.42671965862641,48.82123564891458,,,108.61268885480482,33.86500669660438,,
126.75662762476414,20.196302457637948,119.76378413308176,14.76703708746011,,,109.41437576539182,7.236720392521676,,,110.20529858995862,4.961672787374475,126.75662762476414,16.870239540889543,119.8869401500307,-12.672754144045904,,,109.41437576539182,8.186481721664293,,,126.78083984062374,56.81638670773816,124.26524970412575,48.41769490146612,,,109.45121890030413,33.310138168862636,,
127.59576884376604,20.016566503602384,120.60292535208363,14.59349892494302,,,110.18358854947688,7.123920586885561,,,111.04394235058201,5.012861254519372,127.59576884376604,16.888521136298436,120.72608136903257,-12.672754144045904,,,110.18358854947688,8.186481721664293,,,127.61936988612308,56.56417374058287,125.10377974962506,47.93849026387102,,,110.21987144201188,32.73509260374851,,
128.43491006276793,19.830632758048345,121.44206657108553,14.42615855394439,,,,,,,111.88269270942938,5.053080764418944,128.43491006276793,16.888521136298436,121.56522258803447,-12.672754144045904,,,,,,,128.45789993162242,56.23629688328094,125.9423097951244,47.459285626275914,,,,,,
129.2740512817698,19.644699012494314,122.28120779008741,14.246422599908811,,,,,,,112.72140753553545,5.096956593400293,129.2740512817698,16.888521136298436,122.40418614332974,-12.65447254863701,,,,,,,129.29642997712176,55.98408391612554,126.78083984062374,47.0053022853964,,,,,,
130.11319250077167,19.458765266940276,123.12034900908931,14.085280020428655,,,,,,,113.56012236164146,5.140832422381642,130.11319250077167,16.888521136298436,123.24329182959032,-12.650816229555225,,,,,,,130.1349600226211,55.656207058823725,127.61936988612308,46.551318944516765,,,,,,
130.95233371977355,19.272831521386244,123.95949022809118,13.91174185791155,,,,,,,114.39883718774753,5.184708251362991,130.95233371977355,16.888521136298436,124.0824330485922,-12.650816229555225,,,,,,,130.9734900681204,55.35355149823738,128.45789993162242,46.021671713490605,,,,,,
131.79147493877548,19.08069998431374,124.79863144709309,13.738203695394454,,,,,,,115.23751648111225,5.232240399426118,131.79147493877548,16.888521136298436,124.9215742675941,-12.650816229555225,,,,,,,131.81202011361975,55.02567464093545,129.29642997712176,45.56768837261109,,,,,,
132.63061615777735,18.900964030278168,125.63777266609496,13.564665532877349,,,,,,,116.076195774477,5.279772547489252,132.63061615777735,16.900708866571037,125.76071548659597,-12.650816229555225,,,,,,,132.6505501591191,54.72301908034899,130.1349600226211,45.01281984486934,,,,,,
133.46975737677923,18.708832493205662,126.47691388509683,13.397325161878719,,,,,,,116.91487506784172,5.327304695552371,133.46975737677923,16.925084327116224,126.59985670559784,-12.650816229555225,,,,,,,133.48908020461843,54.36992092633159,130.9734900681204,44.508393910558766,,,,,,
134.3088985957811,18.510503164614697,127.31605510409874,13.223786999361621,,,,,,,117.75355436120644,5.374836843615498,134.3088985957811,16.925084327116224,127.43882026089314,-12.632534634146332,,,,,,,134.32761025011777,54.06726536574524,131.81202011361975,43.978746679532605,,,,,,
135.14803981478303,18.31217383602373,128.1551963231006,13.056446628362984,,,,,,,118.59223365457119,5.422368991678631,135.14803981478303,16.925084327116224,128.27792594715373,-12.628878315064561,,,,,,,135.1661402956171,53.71416721172773,132.6505501591191,43.44909944850633,,,,,,
135.9871810337849,18.12004229895122,128.99433754210253,12.87671067432742,,,,,,,119.43091294793591,5.469901139741758,135.9871810337849,16.925084327116224,129.1170671661556,-12.628878315064561,,,,,,,136.00467034111645,53.31062646427927,133.48908020461843,42.91945221748017,,,,,,
136.82632225278678,17.934108553397188,129.8334787611044,12.684579137254914,,,,,,,120.26962777404198,5.513776968723107,136.82632225278678,16.925084327116224,129.95620838515748,-12.628878315064561,,,,,,,136.84320038661576,52.95752831026175,134.32761025011777,42.339362393023066,,,,,,
137.66546347178866,17.741977016324682,130.67261998010628,12.511040974737824,,,,,,,121.1082715346654,5.564965435868018,137.66546347178866,16.925084327116224,130.7953496041594,-12.628878315064561,,,,,,,137.6817304321151,52.57920885952876,135.1661402956171,41.78449386528132,,,,,,
138.50460469079053,17.531252104696776,131.51176119910815,12.331305020702246,,,,,,,121.94695082803015,5.6124975839311375,138.50460469079053,16.925084327116224,131.63427762671336,-12.606940400573883,,,,,,,138.52026047761444,52.22611070551136,136.00467034111645,41.179182744108516,,,,,,
139.34374590979246,17.33912056762427,132.35090241811002,12.145371275148214,,,,,,,122.78566565413617,5.656373412912487,139.34374590979246,16.90680273170733,132.47341884571523,-12.606940400573883,,,,,,,139.35879052311378,51.8225699580629,136.84320038661576,40.573871622935826,,,,,,
140.18288712879433,17.13459344751483,133.19004363711196,11.971833112631117,,,,,,,123.62427388201827,5.711218199139175,140.18288712879433,16.888521136298436,133.3125600647171,-12.606940400573883,,,,,,,140.19732056861312,51.393807913898854,137.6817304321151,39.96856050176302,,,,,,
141.0220283477962,16.93006632740539,134.02918485611383,11.785899367077086,,,,,,,124.46295317538302,5.758750347202302,141.0220283477962,16.888521136298436,134.15170128371898,-12.606940400573883,,,,,,,141.03585061411246,50.99026716645028,138.52026047761444,39.36324938059022,,,,,,
141.86116956679808,16.74413258185136,134.8683260751157,11.599965621523047,,,,,,,125.30159693600642,5.809938814347213,141.86116956679808,16.888521136298436,134.9908425027209,-12.606940400573883,,,,,,,141.8743806596118,50.56150512228635,139.35879052311378,38.75793825941753,,,,,,
142.70031078579996,16.52101208718652,135.70746729411758,11.420229667487476,,,,,,,126.14027622937117,5.857470962410332,142.70031078579996,16.888521136298436,135.82998372172278,-12.606940400573883,,,,,,,142.7129107051111,50.1327430781223,140.19732056861312,38.076963248098195,,,,,,
143.5394520048019,16.33507834163248,136.5466085131195,11.246691504970379,,,,,,,126.97891998999457,5.908659429555243,143.5394520048019,16.888521136298436,136.66912494072466,-12.606940400573883,,,,,,,143.55144075061045,49.703981033958144,141.03585061411246,37.421209533494334,,,,,,
144.37859322380376,16.11195784696764,137.38574973212138,11.066955550934807,,,,,,,127.81756375061799,5.959847896700154,144.37859322380376,16.888521136298436,137.50826615972653,-12.606940400573883,,,,,,,144.3899707961098,49.19955509964757,141.8743806596118,36.79067711560606,,,,,,
145.21773444280564,15.919826309895136,138.22489095112326,10.874824013862309,,,,,,,128.65624304398273,6.007380044763281,145.21773444280564,16.888521136298436,138.3474073787284,-12.606940400573883,,,,,,,145.22850084160913,48.74557175876805,142.7129107051111,36.13492340100231,,,,,,
146.0568756618075,15.702903606748762,139.06403217012513,10.682692476789803,,,,,,,129.49492233734742,6.0549121928264,146.0568756618075,16.85195794548065,139.18654859773034,-12.606940400573883,,,,,,,146.06703088710847,48.29158841788842,143.55144075061045,35.42872709296728,,,,,,
146.89601688080938,15.50457427815779,139.903173389127,10.496758731235765,,,,,,,130.3334950324882,6.113413298134873,146.89601688080938,16.85195794548065,140.0256898167322,-12.606940400573883,,,,,,,146.9055609326078,47.81238378029332,144.3899707961098,34.64686689478583,,,,,,
147.59530122997768,15.34033280291839,140.74231460812894,10.30462719416326,,,,,,,131.17217432585295,6.160945446197999,147.59530122997768,16.85195794548065,140.86483103573408,-12.606940400573883,,,,,,,147.60433597052392,47.38362173612927,145.22850084160913,33.940670586751025,,,,,,
,,141.5814558271308,10.106297865572294,,,,,,,132.01081808647638,6.21213391334291,,,141.70397225473596,-12.606940400573883,,,,,,,,,146.06703088710847,33.20925298200052,,,,,,
,,142.42059704613268,9.914166328499789,,,,,,,132.84942631435842,6.2669786995695915,,,142.5431134737379,-12.606940400573883,,,,,,,,,146.9055609326078,32.503056673965716,,,,,,
,,143.25973826513456,9.72203479142729,,,,,,,133.68807007498185,6.318167166714495,,,143.38225469273976,-12.606940400573883,,,,,,,,,147.60433597052392,31.872524256077327,,,,,,
,,144.09887948413643,9.529903254354785,,,,,,,134.52664277012263,6.376668272022968,,,144.22139591174164,-12.606940400573883,,,,,,,,,,,,,,,,
,,144.93802070313836,9.343969508800747,,,,,,,135.36528653074606,6.427856739167865,,,145.0605371307435,-12.606940400573883,,,,,,,,,,,,,,,,
,,145.77716192214024,9.151837971728241,,,,,,,136.2039302913695,6.479045206312776,,,145.8996783497454,-12.606940400573883,,,,,,,,,,,,,,,,
,,146.6163031411421,8.959706434655743,,,,,,,137.04253851925154,6.533889992539464,,,146.73881956874732,-12.606940400573883,,,,,,,,,,,,,,,,
,,147.45544436014399,8.767574897583238,,,,,,,137.88114674713364,6.588734778766145,,,147.5779607877492,-12.606940400573883,,,,,,,,,,,,,,,,
,,,,,,,,,,138.71971944227442,6.647235884074611,,,,,,,,,,,,,,,,,,,,
,,,,,,,,,,139.55836320289785,6.698424351219522,,,,,,,,,,,,,,,,,,,,
,,,,,,,,,,140.39700696352128,6.749612818364426,,,,,,,,,,,,,,,,,,,,
,,,,,,,,,,141.235579658662,6.808113923672892,,,,,,,,,,,,,,,,,,,,
,,,,,,,,,,142.0741523538028,6.86661502898135,,,,,,,,,,,,,,,,,,,,
,,,,,,,,,,142.91279611442621,6.917803496126261,,,,,,,,,,,,,,,,,,,,
,,,,,,,,,,143.75140434230832,6.972648282352949,,,,,,,,,,,,,,,,,,,,
,,,,,,,,,,144.5899770374491,7.031149387661408,,,,,,,,,,,,,,,,,,,,
,,,,,,,,,,145.42858526533115,7.085994173888096,,,,,,,,,,,,,,,,,,,,
,,,,,,,,,,146.26719349321326,7.140838960114785,,,,,,,,,,,,,,,,,,,,
,,,,,,,,,,147.10583725383668,7.1920274272596885,,,,,,,,,,,,,,,,,,,,
,,,,,,,,,,147.66473174205146,7.246872213486377,,,,,,,,,,,,,,,,,,,,
