150_headxflow,,132_headxflow,,123_headxflow,,all_npshxflow,,150_powerxflow,,132_powerxflow,,123_powerxflow,,150_effxflow,,132_effxflow,,123_effxflow,
X,Y,X,Y,X,Y,X,Y,X,Y,X,Y,X,Y,X,Y,X,Y,X,Y
1.2976085864476756,37.547124327773034,1.2976085864476756,303.83527664918665,1.269615532386255,292.6106396574039,1.269615532386255,1.6146882764954498,1.2987458420010913,0.7294323501664941,1.2987458420010913,0.35861837762394533,1.270728254149959,0.11039257692523119,1.2976085864476756,20.03856681286669,1.2976085864476756,23.063846808133007,1.269615532386255,26.781831101380988
1.3395981675398057,37.528520936398415,1.3395981675398057,303.7928661819633,1.311605113478386,292.539955545365,1.311605113478385,1.6652158031629725,1.3407722237777904,0.7321768614764315,1.3407722237777904,0.36105794323277696,1.312754635926658,0.11405192533848041,1.3395981675398057,20.321303261022422,1.3395981675398057,23.33244643388099,1.311605113478386,27.092841194352275
1.3815877486319357,37.46650963181636,1.3815877486319357,303.6656347802932,1.353594694570516,292.4268609661027,1.353594694570516,1.7056801216940656,1.3827986055544885,0.7343114813841591,1.3827986055544885,0.36349750884161036,1.3547810177033561,0.11557665384400106,1.3815877486319357,20.589902886770403,1.3815877486319357,23.61518288203672,1.353594694570516,27.389714464915755
1.4235773297240666,37.45410737089995,1.4235773297240666,303.60908749066203,1.395584275662646,292.4127241436949,1.395584275662646,1.7528532456494474,1.4248249873311867,0.7367510469929925,1.4248249873311867,0.365022237347131,1.3968073994800543,0.11771127375172963,1.4235773297240666,20.900912979741634,1.4235773297240666,23.926192975008064,1.395584275662646,27.743135025110462
1.4655669108161966,37.39209606631789,1.4655669108161966,303.4677192665842,1.437573856754777,292.31376638684037,1.437573856754776,1.806735175029111,1.4668513691078848,0.7379708297974084,1.4668513691078848,0.36746180295596265,1.4388337812567524,0.12076073076277094,1.4655669108161966,21.18364942789742,1.4655669108161966,24.265476712794907,1.437573856754777,28.025871473266193
1.5075564919083266,37.37349267494327,1.5075564919083266,303.4535824441764,1.479563437846907,292.24308227480145,1.479563437846907,1.850553896272352,1.5088777508845839,0.7404103954062409,1.5088777508845839,0.3708162056681079,1.4808601630334515,0.12259040496939466,1.5075564919083266,21.438112231237596,1.5075564919083266,24.562349983358445,1.479563437846907,28.294471099014174
1.5495460730004575,37.317682500819416,1.5495460730004575,303.36876150972967,1.521553018939037,292.1017140507236,1.521553018939037,1.894372617515593,1.550904132661282,0.7419351239117615,1.550904132661282,0.3720359884725237,1.5228865448101496,0.12533491627933202,1.5495460730004575,21.749122324208827,1.5495460730004575,24.830949609106426,1.521553018939037,28.64789165920888
1.5915356540925876,37.274274587611984,1.5915356540925876,303.2698037528752,1.5635426000311679,292.073440405908,1.563542600031167,1.9449001441831228,1.5929305144379802,0.7440697438194901,1.5929305144379802,0.37447555408135713,1.5649129265868478,0.12655469908374783,1.5915356540925876,22.031858772364615,1.5915356540925876,25.113686057262157,1.5635426000311679,28.930628107364555
1.6335252351847185,37.22466554394634,1.6335252351847185,303.1142987063895,1.6055321811232979,291.93207218183016,1.6055321811232979,1.9954276708506455,1.6349568962146783,0.7458994180261147,1.6349568962146783,0.3766101739890848,1.606939308363546,0.1299091017958931,1.6335252351847185,22.28632157570479,1.6335252351847185,25.39642250541783,1.6055321811232979,29.25577502274365
1.6755148162768485,37.17505650028069,1.6755148162768485,303.08602506157393,1.647521762215428,291.8896617146068,1.647521762215428,2.0358919893817387,1.6769832779913774,0.7477290922327384,1.6769832779913774,0.37813490249460546,1.648965690140245,0.13204372170362078,1.6755148162768485,22.583194846268327,1.6755148162768485,25.67915895357362,1.647521762215428,29.52437464849163
1.7175043973689785,37.13164858707325,1.7175043973689785,302.95879365990385,1.6895113433075588,291.7624303129367,1.689511343307558,2.0797107106249655,1.7190096597680755,0.7501686578415718,1.7190096597680755,0.3817942509078547,1.6909920719169431,0.13417834161134934,1.7175043973689785,22.86593129442406,1.7175043973689785,25.96189540172935,1.6895113433075588,29.82124791905511
1.7594939784611094,37.08824067386581,1.7594939784611094,302.83156225823376,1.7315009243996888,291.73415666812116,1.7315009243996888,2.136947042716784,1.7610360415447737,0.7513884406459876,1.7610360415447737,0.38331897941337534,1.7330184536936413,0.1369228529212858,1.7594939784611094,23.09212045294862,1.7594939784611094,26.230495027477332,1.7315009243996888,30.075710722395286
1.8014835595532395,37.04483276065837,1.8014835595532395,302.7326045013793,1.7734905054918189,291.5503779768199,1.7734905054918189,2.180765763960018,1.8030624233214718,0.7544378976570281,1.8030624233214718,0.385453599321103,1.7750448354703403,0.13936241853011833,1.8014835595532395,23.37485690110435,1.8014835595532395,26.527368298040813,1.7734905054918189,30.33017352573546
1.8434731406453695,36.982821456076316,1.8434731406453695,302.6053730997092,1.8154800865839498,291.4231465751498,1.8154800865839498,2.2279388879154,1.8450888050981709,0.755047789059236,1.8450888050981709,0.3878931649299364,1.8170712172470385,0.14088714703563898,1.8434731406453695,23.643456526852333,1.8434731406453695,26.753557456565375,1.8154800865839498,30.598773151483442
1.8854627217375004,36.93941354286888,1.8854627217375004,302.4640048756313,1.8574696676760798,291.3807361079265,1.8574696676760798,2.2784664145829296,1.887115186874869,0.7580972460702764,1.887115186874869,0.38972283913656014,1.8590975990237366,0.1439366040466794,1.8854627217375004,23.912056152600258,1.8854627217375004,27.00802025990555,1.8574696676760798,30.881509599639173
1.9274523028296304,36.89600562966144,1.9274523028296304,302.4074575860002,1.8994592487682098,291.2393678838486,1.8994592487682098,2.3256395385383115,1.9291415686515672,0.7590120831735891,1.9291415686515672,0.39277229614760056,1.9011239808004348,0.14607122395440797,1.9274523028296304,24.152382133532683,1.9274523028296304,27.262483063245725,1.8994592487682098,31.121835580571485
1.9694418839217604,36.852597716454,1.9694418839217604,302.2660893619223,1.9414488298603407,291.1121364821785,1.9414488298603407,2.379521467917975,1.9711679504282653,0.7617565944835256,1.9711679504282653,0.3942970246531212,1.9431503625771338,0.14820584386213653,1.9694418839217604,24.4068449368728,1.9694418839217604,27.545219511401513,1.9414488298603407,31.43284567354283
2.0114314650138914,36.79058641187194,2.0114314650138914,302.09644749302885,1.9834384109524708,291.0273155477318,1.9834384109524708,2.423340189161216,2.0131943322049644,0.7635862686901502,2.0131943322049644,0.3964316445608498,1.985176744353832,0.1503404637698651,2.0114314650138914,24.689581385028532,2.0114314650138914,27.842092781964993,1.9834384109524708,31.659034832067448
2.0534210461060214,36.73477623774809,2.0534210461060214,302.08231067062104,2.0254279920446008,290.92835779087727,2.0254279920446008,2.4805765212530346,2.0552207139816625,0.7657208885978788,2.0552207139816625,0.3988712101696823,2.02720312613053,0.15186519227538575,2.0534210461060214,24.972317833184263,2.0534210461060214,28.068281940489555,2.0254279920446008,31.913497635407623
2.0954106271981514,36.69136832454065,2.0954106271981514,301.9126688017276,2.0674175731367317,290.7587159219838,2.0674175731367317,2.5311040479205573,2.0972470957583607,0.7672456171033986,2.0972470957583607,0.400090992974099,2.0692295079072283,0.15460970358532222,2.0954106271981514,25.198506991708882,2.0954106271981514,28.336881566237537,2.0674175731367317,32.1679604387478
2.1374002082902823,36.64175928087501,2.1374002082902823,301.79957422246537,2.1094071542288617,290.7021686323527,2.1094071542288617,2.5715683664516504,2.139273477535059,0.769685182712232,2.139273477535059,0.4028355042840355,2.1112558896839273,0.15765916059636265,2.1374002082902823,25.424696150233444,2.1374002082902823,28.57720754716985,2.1094071542288617,32.436560064495666
2.1793897893824123,36.57354684583474,2.1793897893824123,301.7430269328342,2.1513967353209926,290.5749372306826,2.1513967353209917,2.625450295831314,2.181299859311758,0.769685182712232,2.181299859311758,0.40375034138734733,2.1532822714606255,0.15948883480298726,2.1793897893824123,25.69329577598137,2.1793897893824123,28.874080817733386,2.1513967353209926,32.64861240061248
2.2213793704745424,36.55494345446012,2.2213793704745424,301.58752188634855,2.1933863164131226,290.4335690066048,2.1933863164131226,2.6826866279231325,2.223326241088456,0.7724296940221684,2.223326241088456,0.4064948526972838,2.1953086532373236,0.16162345471071582,2.2213793704745424,25.933621756913794,2.2213793704745424,29.0861331538502,2.1933863164131226,32.91721202636046
2.2633689515666733,36.486731019419864,2.2633689515666733,301.44615366227066,2.2353758975052527,290.3628848945658,2.2353758975052527,2.736568557302803,2.265352622865154,0.7736494768265842,2.265352622865154,0.4077146355017005,2.2373350350140218,0.16314818321623648,2.2633689515666733,26.159810915438356,2.2633689515666733,29.326459134782624,2.2353758975052527,33.12926436247727
2.3053585326588033,36.437121975754216,2.3053585326588033,301.3047854381928,2.2773654785973836,290.221516670488,2.2773654785973827,2.787096083970326,2.3073790046418523,0.7760890424354177,2.3073790046418523,0.410459146811637,2.279361416790721,0.16528280312396415,2.3053585326588033,26.470821008409644,2.3053585326588033,29.552648293307186,2.2773654785973836,33.3978639882252
2.3473481137509333,36.37511067117216,2.3473481137509333,301.24823814856165,2.3193550596895136,290.0942852688179,2.3193550596895136,2.830914805213567,2.3494053864185513,0.7776137709409383,2.3494053864185513,0.41198387531715763,2.321387798567419,0.16711247733058876,2.3473481137509333,26.697010166934263,2.3473481137509333,29.82124791905511,2.3193550596895136,33.62405314674976
2.3893376948430642,36.34410501888113,2.3893376948430642,301.10686992448376,2.3613446407816436,290.0377379791867,2.3613446407816436,2.8814423318810967,2.3914317681952495,0.779748390848666,2.3914317681952495,0.41442344092599015,2.363414180344117,0.16955204293942128,2.3893376948430642,26.909062503051075,2.3893376948430642,30.06157389998748,2.3613446407816436,33.83610548286657
2.4313272759351943,36.28209371429908,2.4313272759351943,300.9937753452215,2.4033342218737745,289.8963697551089,2.4033342218737745,2.938678663972908,2.4334581499719476,0.7815780650552906,2.4334581499719476,0.41564322373040596,2.4054405621208153,0.1726014999504617,2.4313272759351943,27.16352530639125,2.4313272759351943,30.273626236104292,2.4033342218737745,34.09056828620675
2.473316857027325,36.220082409717016,2.473316857027325,300.90895441077475,2.4453238029659046,289.7691383534388,2.4453238029659046,2.989206190640431,2.4754845317486467,0.7834077392619152,2.4754845317486467,0.41838773504034243,2.4474669438975143,0.1744311741570863,2.473316857027325,27.417988109731425,2.473316857027325,30.485678572221104,2.4453238029659046,34.316757444731365
2.515306438119455,36.189076757425994,2.515306438119455,300.7534493642891,2.4873133840580346,289.68431741899207,2.4873133840580346,3.0430881200201085,2.517510913525345,0.7840176306641231,2.517510913525345,0.41960751784475914,2.4894933256742124,0.17626084836371092,2.515306438119455,27.672450913071543,2.515306438119455,30.754278197969086,2.4873133840580346,34.514672958440315
2.5572960192115852,36.13326658330214,2.5572960192115852,300.6686284298424,2.5293029651501655,289.5429491949142,2.5293029651501655,3.0902612439754833,2.559537295302043,0.7864571962729556,2.559537295302043,0.42204708345359165,2.5315197074509106,0.17809052257033553,2.5572960192115852,27.884503249188356,2.5572960192115852,30.994604178901398,2.5293029651501655,34.740862116964934
2.599285600303716,36.07745640917829,2.599285600303716,300.5555338505801,2.5712925462422955,289.4439914380597,2.5712925462422955,3.1508519787794427,2.601563677078741,0.7882868704795793,2.601563677078741,0.42326686625800747,2.5735460892276087,0.1802251424780641,2.599285600303716,28.13896605252853,2.599285600303716,31.249066982241573,2.5712925462422955,34.99532492030511
2.641275181395846,36.04645075688725,2.641275181395846,300.40002880409446,2.6132821273344256,289.3167600363896,2.6132821273344256,3.2047339081591204,2.64359005885544,0.790116544686204,2.64359005885544,0.4257064318668409,2.615572471004308,0.1820548166846887,2.641275181395846,28.3792920334609,2.641275181395846,31.446982495950635,2.6132821273344256,35.15082996679075
2.683264762487976,35.9844394523052,2.683264762487976,300.32934469205554,2.6552717084265565,289.2036654571273,2.6552717084265565,3.255261434826643,2.6856164406321383,0.7919462188928286,2.6856164406321383,0.42784105177456855,2.657598852781006,0.1838844908913133,2.683264762487976,28.61961801439321,2.683264762487976,31.70144529929081,2.6552717084265565,35.37701912531537
2.725254343580107,35.934830408639556,2.725254343580107,300.2162501127932,2.6972612895186865,289.13298134508835,2.6972612895186865,3.3091433642063137,2.7276428224088365,0.7931660016972453,2.7276428224088365,0.4293657802800892,2.699625234557704,0.18571416509793792,2.725254343580107,28.874080817733386,2.725254343580107,31.927634457815373,2.6972612895186865,35.61734510624768
2.767243924672237,35.89142249543212,2.767243924672237,300.06074506630756,2.7392508706108165,288.9916131210105,2.7392508706108165,3.3663796962981323,2.7696692041855346,0.794690730202765,2.7696692041855346,0.43241523729112963,2.741651616334403,0.1878487850056656,2.767243924672237,29.11440679866581,2.767243924672237,32.153823616339935,2.7392508706108165,35.829397442364495
2.809233505764367,35.82321006039186,2.809233505764367,299.97592413186084,2.7812404517029474,288.87851854174824,2.7812404517029474,3.416907222965655,2.8116955859622337,0.7965204044093896,2.8116955859622337,0.4330251286933384,2.7836779981111013,0.18998340491339416,2.809233505764367,29.340595957190374,2.809233505764367,32.380012774864554,2.7812404517029474,35.999039311257945
2.851223086856498,35.79840553855904,2.851223086856498,299.86282955259855,2.8232300327950774,288.7795607848937,2.8232300327950774,3.4707891523453185,2.853721967738932,0.7989599700182222,2.853721967738932,0.4357696400032749,2.8257043798877994,0.19181307912001877,2.851223086856498,29.566785115714993,2.851223086856498,32.63447557820473,2.8232300327950774,36.19695482496701
2.893212667948628,35.74259536443518,2.893212667948628,299.73559815092847,2.8652196138872075,288.6523293832236,2.8652196138872075,3.528025484437144,2.89574834951563,0.7989599700182222,2.89574834951563,0.4369894228076907,2.8677307616644976,0.1936427533266425,2.893212667948628,29.79297427423961,2.893212667948628,32.80411744709818,2.8652196138872075,36.40900716108382
2.935202249040758,35.674382929394916,2.935202249040758,299.6083667492584,2.9072091949793384,288.53923480396134,2.9072091949793384,3.5886162192411035,2.937774731292328,0.8013995356270556,2.937774731292328,0.43790425991100346,2.9097571434411966,0.1954724275332671,2.935202249040758,30.04743707757973,2.935202249040758,33.03030660562274,2.9072091949793384,36.635196319608326
2.977191830132889,35.649578407562096,2.977191830132889,299.55181945962727,2.9491987760714684,288.4402770471068,2.9491987760714684,3.642498148620774,2.979801113069027,0.8026193184314714,2.979801113069027,0.4406487712209399,2.9517835252178948,0.1979119931421005,2.977191830132889,30.21707894647318,2.977191830132889,33.270632586555166,2.9491987760714684,36.861385478132945
3.019181411225019,35.59376823343825,3.019181411225019,299.39631441314157,2.9911883571635993,288.3130456454367,2.9911883571635993,3.693025675288297,3.0218274948457253,0.8032292098336802,3.0218274948457253,0.44308833682977244,2.993809906994593,0.19913177594651632,3.019181411225019,30.443268104997742,3.019181411225019,33.48268492267192,2.9911883571635993,37.0451641694342
3.061170992317149,35.53175692885618,3.061170992317149,299.2690830114715,3.0331779382557293,288.19995106617444,3.0331779382557293,3.753616410092256,3.0638538766224235,0.8059737211436167,3.0638538766224235,0.4440031739330852,3.035836288771291,0.2018762872564528,3.061170992317149,30.697730908337917,3.061170992317149,33.65232679156537,3.0331779382557293,37.2289428607354
3.10316057340928,35.50695240702336,3.10316057340928,299.21253572184037,3.0751675193478594,288.08685648691215,3.0751675193478594,3.8074983394719197,3.1058802583991216,0.8074984496491364,3.1058802583991216,0.44552790243860496,3.07786267054799,0.20340101576197345,3.10316057340928,30.938056889270342,3.10316057340928,33.878515950089934,3.0751675193478594,37.41272155203666
3.14515015450141,35.438739971983104,3.14515015450141,299.0570306753547,3.1171571004399903,287.9737619076499,3.1171571004399903,3.8613802688515975,3.1479066401758207,0.809633069556865,3.1479066401758207,0.4476625223463335,3.1198890523246883,0.20553563566970112,3.14515015450141,31.150109225387098,3.14515015450141,34.09056828620675,3.1171571004399903,37.63891071056128
3.18713973559354,35.389130928317456,3.18713973559354,298.92979927368464,3.1591466815321203,287.86066732838754,3.1591466815321203,3.918616600943409,3.189933021952519,0.8099380152579689,3.189933021952519,0.4476625223463335,3.1619154341013864,0.20736530987632573,3.18713973559354,31.37629838391166,3.18713973559354,34.33089426713917,3.1591466815321203,37.82268940186242
3.229129316685671,35.351924145568226,3.229129316685671,298.87325198405347,3.2011362626242503,287.8182568611642,3.2011362626242503,3.9691441276109316,3.231959403729217,0.8123775808668015,3.231959403729217,0.45071197935737395,3.2039418158780846,0.20919498408295034,3.229129316685671,31.616624364844085,3.229129316685671,34.514672958440315,3.2011362626242503,38.006468093163676
3.271118897777801,35.29611397144437,3.271118897777801,298.7177469375678,3.2431258437163812,287.66275181467853,3.2431258437163812,4.036443667839187,3.273985785505915,0.8135973636712182,3.273985785505915,0.4516268164606858,3.2459681976547836,0.20980487548515914,3.271118897777801,31.828676700960898,3.271118897777801,34.72672529455713,3.2431258437163812,38.19024678446493
3.313108478869932,35.24030379732052,3.313108478869932,298.59051553589774,3.2851154248085113,287.53552041300844,3.2851154248085113,4.100388805355287,3.316012167282614,0.8142072550734261,3.316012167282614,0.4546762734717271,3.2879945794314818,0.21315927819730351,3.313108478869932,32.0548658594854,3.313108478869932,34.93877763067394,3.2851154248085113,38.35988865335838
3.355098059962062,35.18449362319667,3.355098059962062,298.53396824626657,3.3271050059006413,287.4648363009695,3.3271050059006413,4.147561929310676,3.3580385490593123,0.8172567120844665,3.3580385490593123,0.4562010019772469,3.33002096120818,0.21346422389840747,3.355098059962062,32.28105501801002,3.355098059962062,35.15082996679075,3.3271050059006413,38.571940989475195
3.397087641054192,35.14108570998923,3.397087641054192,298.3784631997809,3.369094586992772,287.3093312544839,3.369094586992772,4.208152664114635,3.4000649308360105,0.8172567120844665,3.4000649308360105,0.4586405675860803,3.372047342984878,0.21620873520834394,3.397087641054192,32.50724417653464,3.397087641054192,35.33460865809201,3.369094586992772,38.78399332559201
3.439077222146323,35.07907440540717,3.439077222146323,298.23709497570303,3.4110841680849022,287.1820998528138,3.4110841680849022,4.262034593494299,3.4420913126127086,0.819391331992195,3.4420913126127086,0.4586405675860803,3.414073724761577,0.2177334637138646,3.439077222146323,32.69102286783584,3.439077222146323,35.53252417180096,3.4110841680849022,38.882951082446425
3.481066803238453,35.01706310082512,3.481066803238453,298.13813721884856,3.4530737491770322,287.0407316287359,3.4530737491770322,4.329334133722554,3.4841176943894077,0.8209160604977157,3.4841176943894077,0.46077518749380797,3.4561001065382753,0.21986808362159316,3.481066803238453,32.8748015591371,3.481066803238453,35.716302863102214,3.4530737491770322,39.109140240971044
3.523056384330583,34.96745405715947,3.523056384330583,298.01090581717847,3.495063330269163,286.99832116151254,3.495063330269163,4.386570465814373,3.526144076166106,0.8212210061988197,3.526144076166106,0.4622999159993286,3.4981264883149734,0.2213928121271138,3.523056384330583,33.12926436247727,3.523056384330583,35.94249202162683,3.495063330269163,39.32119257708786
3.565045965422714,34.91164388303562,3.565045965422714,297.8554007706928,3.537052911361293,286.8428161150269,3.537052911361293,4.437097992481895,3.568170457942804,0.824270463209861,3.568170457942804,0.465044427309266,3.5401528700916716,0.22383237773594544,3.565045965422714,33.31304305377853,3.565045965422714,36.11213389052028,3.537052911361293,39.448423978757944
3.607035546514844,34.85583370891177,3.607035546514844,297.71403254661493,3.579042492453423,286.71558471335686,3.579042492453423,4.501043129997996,3.610196839719503,0.824575408910964,3.610196839719503,0.46595926441257784,3.5821792518683706,0.22444226913815424,3.607035546514844,33.49682174507967,3.607035546514844,36.31004940422929,3.579042492453423,39.64633949246695
3.649025127606974,34.78762127387151,3.649025127606974,297.58680114494484,3.621032073545554,286.5883533116868,3.621032073545554,4.551570656665525,3.652223221496201,0.8270149745197974,3.652223221496201,0.46656915581478664,3.6242056336450688,0.2259669976436749,3.649025127606974,33.72301090360429,3.649025127606974,36.493828095530546,3.621032073545554,39.80184453895265
3.6910147086991048,34.713207708373034,3.6910147086991048,297.47370656568256,3.663021654637684,286.48939555483224,3.663021654637684,4.622224599605914,3.6942496032728993,0.8282347573242133,3.6942496032728993,0.46961861282582706,3.666232015421767,0.22810161755140346,3.6910147086991048,33.94920006212891,3.6910147086991048,36.67760678683169,3.663021654637684,39.92907594062274
3.7330042897912348,34.65119640379098,3.7330042897912348,297.34647516401253,3.705011235729814,286.36216415316215,3.705011235729815,4.682815334409874,3.7362759850495975,0.8285397030253172,3.7362759850495975,0.46961861282582706,3.708258397198465,0.22993129175802718,3.7330042897912348,34.16125239824572,3.7330042897912348,36.861385478132945,3.705011235729814,40.11285463192388
3.774993870883365,34.59538622966713,3.774993870883365,297.2333805847502,3.747000816821945,286.2490695738999,3.747000816821945,4.74340606921384,3.7783023668262965,0.8309792686341497,3.7783023668262965,0.4714482870324508,3.750284778975164,0.23084612886133993,3.774993870883365,34.33089426713917,3.774993870883365,37.0451641694342,3.747000816821945,40.28249650081733
3.8169834519754957,34.51477153371046,3.8169834519754957,297.06373871585674,3.788990397914075,286.107701349822,3.788990397914075,4.800642401305659,3.8203287486029947,0.8318941057374625,3.8203287486029947,0.4732779612390754,3.7923111607518623,0.23206591166575574,3.8169834519754957,34.514672958440315,3.8169834519754957,37.21480603832765,3.788990397914075,40.423864724895225
3.8589730330676257,34.43415683775378,3.8589730330676257,296.93650731418666,3.830979979006206,285.95219630333634,3.830979979006206,4.864587538821759,3.862355130379693,0.8318941057374625,3.862355130379693,0.4738878526412842,3.8343375425285604,0.2348104229756922,3.8589730330676257,34.72672529455713,3.8589730330676257,37.3844479072211,3.830979979006206,40.56523294897312
3.9009626141597558,34.372145533171725,3.9009626141597558,296.75272862288546,3.872969560098336,285.83910172407406,3.872969560098336,4.925178273625718,3.904381512156391,0.8337237799440862,3.904381512156391,0.47663236395122066,3.8763639243052594,0.23603020578010891,3.9009626141597558,34.86809351863502,3.9009626141597558,37.49754248648338,3.872969560098336,40.692464350643206
3.942952195251886,34.29773196767326,3.942952195251886,296.62549722121537,3.914959141190466,285.6835966775884,3.914959141190466,4.992477813853974,3.946407893933089,0.8355534541507108,3.946407893933089,0.4769373096523246,3.9183903060819576,0.23724998858452473,3.942952195251886,35.06600903234403,3.942952195251886,37.69545800019233,3.914959141190466,40.83383257472104
3.9849417763440176,34.20471501080017,3.9849417763440176,296.4699921747297,3.956948722282597,285.5280916311027,3.956948722282596,5.046359743233637,3.988434275709788,0.8358583998518148,3.988434275709788,0.47846203815784527,3.9604166878586566,0.23907966279114934,3.9849417763440176,35.22151407882973,3.9849417763440176,37.82268940186242,3.956948722282597,41.0176112660223
4.026931357436148,34.117899184385294,4.026931357436148,296.3003503058363,3.998938303374727,285.4008602294326,3.998938303374728,5.1069504780375965,4.030460657486487,0.8386029111617512,4.030460657486487,0.48059665806557295,4.002443069635354,0.24090933699777395,4.026931357436148,35.39115594772318,4.026931357436148,38.006468093163676,3.998938303374727,41.130705845284524
4.068920938528278,34.03728448842862,4.068920938528278,296.07416114731166,4.040927884466857,285.2170815381314,4.040927884466858,5.167541212841556,4.0724870392631844,0.83921280256396,4.0724870392631844,0.48181644086998876,4.044469451412053,0.2418241741010858,4.068920938528278,35.518387349393265,4.068920938528278,38.13369949483376,4.040927884466857,41.18725313491575
4.110910519620408,33.96287092293015,4.110910519620408,295.91865610082607,4.082917465558987,285.10398695886914,4.082917465558988,5.231486350357663,4.1145134210398835,0.8410424767705846,4.1145134210398835,0.48364611507661337,4.08649583318875,0.24334890260660647,4.110910519620408,35.70216604069441,4.110910519620408,38.28920454131941,4.082917465558987,41.35689500380914
4.152900100712538,33.857451705140654,4.152900100712538,295.7348774095248,4.124907046651117,284.90607144516014,4.124907046651118,5.2954314878737705,4.156539802816581,0.8416523681727925,4.156539802816581,0.48425600647882217,4.128522214965449,0.24578846821543898,4.152900100712538,35.87180790958786,4.152900100712538,38.416435942989494,4.124907046651117,41.48412640547923
4.194889681804668,33.77063587872578,4.194889681804668,295.56523554063136,4.166896627743249,284.75056639867444,4.166896627743248,5.349313417253434,4.19856618459328,0.8428721509772084,4.19856618459328,0.4857807349843428,4.170548596742148,0.2463983596176469,4.194889681804668,36.02731295607356,4.194889681804668,38.54366734465958,4.166896627743249,41.5406736951104
4.2368792628967995,33.67141779139448,4.2368792628967995,295.33904638210674,4.208886208835379,284.56678770737324,4.208886208835378,5.4099041520574005,4.240592566369979,0.8440919337816251,4.240592566369979,0.4879153548920705,4.2125749785188455,0.24792308812316755,4.2368792628967995,36.154544357743646,4.2368792628967995,38.65676192392192,4.208886208835379,41.69617874159604
4.2788688439889295,33.55979744314678,4.2788688439889295,295.12699404598993,4.250875789927509,284.3547353712564,4.25087578992751,5.477203692285656,4.282618948146676,0.8453117165860418,4.282618948146676,0.48822030059317445,4.254601360295545,0.2500577080308961,4.2788688439889295,36.29591258182148,4.2788688439889295,38.81226697040756,4.250875789927509,41.80927332085838
4.3208584250810596,33.44817709489908,4.3208584250810596,294.9149417098732,4.292865371019639,284.1992303247708,4.29286537101964,5.541148829801756,4.324645329923375,0.8465314993904576,4.324645329923375,0.49126975760421576,4.296627742072244,0.2506675994331049,4.3208584250810596,36.43728080589938,4.3208584250810596,38.882951082446425,4.292865371019639,41.86582061048949
4.36284800617319,33.330355616193174,4.36284800617319,294.68875255134856,4.334854952111769,284.0154516334695,4.33485495211177,5.605093967317856,4.366671711700074,0.8468364450915615,4.366671711700074,0.4915747033053197,4.338654123848941,0.25219232793862467,4.36284800617319,36.57864902997727,4.36284800617319,38.99604566170882,4.334854952111769,41.978915189751774
4.40483758726532,33.20633300702906,4.40483758726532,294.49083703763955,4.376844533203901,283.8316729421683,4.3768445332039,5.675747910258252,4.408698093476771,0.8498859021026028,4.408698093476771,0.49309943181084037,4.38068050562564,0.2534121107430414,4.40483758726532,36.64933314201613,4.40483758726532,39.1374138857866,4.376844533203901,42.03546247938294
4.44682716835745,33.10091378923956,4.44682716835745,294.264647879115,4.418834114296031,283.63375742845926,4.41883411429603,5.736338645062212,4.4507244752534705,0.8501908478037059,4.4507244752534705,0.49462416031636014,4.422706887402337,0.25493683924856114,4.44682716835745,36.79070136609403,4.44682716835745,39.17982435300996,4.418834114296031,42.0637361241985
4.488816749449581,32.97689118007545,4.488816749449581,293.98191143095926,4.460823695388161,283.37929462511914,4.46082369538816,5.800283782578319,4.492750857030168,0.8504957935048099,4.492750857030168,0.49523405171856894,4.464733269179036,0.2570714591562897,4.488816749449581,36.917932767764114,4.488816749449581,39.30705575468005,4.460823695388161,42.148557058645224
4.5308063305417114,32.85906970136954,4.5308063305417114,293.75572227243464,4.502813276480291,283.16724228900233,4.502813276480292,5.864228920094419,4.534777238806867,0.8529353591136433,4.534777238806867,0.495538997419672,4.506759650955735,0.2576813505584976,4.5308063305417114,36.96034323498748,4.5308063305417114,39.32119257708786,4.502813276480291,42.20510434827639
4.5727959116338415,32.7040414399144,4.5727959116338415,293.4871226466867,4.544802857572421,282.94105313047777,4.544802857572422,5.9248196548983785,4.576803620583566,0.8538501962169551,4.576803620583566,0.49828350872960936,4.5487860327324325,0.25920607906401827,4.5727959116338415,37.087574636657564,4.5727959116338415,39.40601351153458,4.544802857572421,42.20510434827639
4.6147854927259715,32.56761656983387,4.6147854927259715,293.17611255371537,4.586792438664551,282.6865903271376,4.586792438664552,5.992119195126634,4.618830002360263,0.8538501962169551,4.618830002360263,0.49889340013181727,4.590812414509132,0.2610357532706429,4.6147854927259715,37.11584828147312,4.6147854927259715,39.4766976235735,4.586792438664551,42.20510434827639
4.6567750738181015,32.41258830837873,4.6567750738181015,292.89337610555964,4.628782019756683,282.4462643462052,4.628782019756682,6.056064332642741,4.660856384136962,0.8556798704235797,4.660856384136962,0.49950329153402606,4.632838796285831,0.26195059037395474,4.6567750738181015,37.200669215919845,4.6567750738181015,39.49083444598131,4.628782019756683,42.20510434827639
4.698764654910233,32.263761177381795,4.698764654910233,292.58236601258835,4.670771600848813,282.1635278980495,4.670771600848812,6.130072678295278,4.702882765913661,0.8568996532279956,4.702882765913661,0.5013329657406507,4.674865178062528,0.2640852102816833,4.698764654910233,37.28549015036657,4.698764654910233,39.51910809079686,4.670771600848813,42.20510434827639
4.740754236002363,32.09012952455203,4.740754236002363,292.271355919617,4.712761181940943,281.8949282723015,4.712761181940944,6.197372218523526,4.744909147690358,0.8575095446302043,4.744909147690358,0.5025527485450665,4.716891559839227,0.26500004738499516,4.740754236002363,37.28549015036657,4.740754236002363,39.50497126838911,4.712761181940943,42.20510434827639
4.782743817094493,31.916497871722278,4.782743817094493,291.9603458266457,4.754750763033073,281.64046546896134,4.754750763033074,6.261317356039633,4.7869355294670575,0.8593392188368281,4.7869355294670575,0.5031626399472744,4.758917941615924,0.265914884488307,4.782743817094493,37.35617426240549,4.782743817094493,39.51910809079686,4.754750763033073,42.20510434827639
4.824733398186623,31.749067349350724,4.824733398186623,291.64933573367443,4.796740344125203,281.3435921983978,4.796740344125204,6.3286168962678815,4.8289619112437565,0.8602540559401408,4.8289619112437565,0.5037725313494823,4.800944323392623,0.2674396129938277,4.824733398186623,37.41272155203666,4.824733398186623,39.50497126838911,4.796740344125203,42.20510434827639
4.866722979278753,31.563033435604552,4.866722979278753,291.281778351072,4.838729925217333,281.01844528301876,4.838729925217334,6.392562033783982,4.870988293020454,0.8608639473423487,4.870988293020454,0.5062120969583148,4.842970705169322,0.26835445009714043,4.866722979278753,37.426858374444464,4.866722979278753,39.51910809079686,4.838729925217333,42.16269388105303
4.908712560370883,31.35839613048377,4.908712560370883,290.9142209684695,4.880719506309465,280.7498456572708,4.880719506309464,6.459861574012237,4.913014674797153,0.8614738387445566,4.913014674797153,0.5065170426594188,4.8849970869460195,0.26957423290155624,4.908712560370883,37.39858472962885,4.908712560370883,39.49083444598131,4.880719506309465,42.03546247938294
4.950702141463015,31.166161086279395,4.950702141463015,290.47597947382815,4.922709087401595,280.41056191948394,4.922709087401594,6.527161114240485,4.95504105657385,0.8614738387445566,4.95504105657385,0.5095664996704601,4.927023468722719,0.27079401570597295,4.950702141463015,37.41272155203666,4.950702141463015,39.4766976235735,4.922709087401595,42.03546247938294
4.992691722555145,30.973926042075014,4.992691722555145,290.0801484464101,4.964698668493725,280.0995518265126,4.9646986684937255,6.594460654468733,4.997067438350549,0.8636084586522861,4.997067438350549,0.509871445371564,4.969049850499418,0.27201379851038876,4.992691722555145,37.39858472962885,4.992691722555145,39.42015033394239,4.964698668493725,41.908231077712855
5.034681303647275,30.732081954204993,5.034681303647275,289.68431741899207,5.006688249585855,279.7037207990946,5.006688249585856,6.665114597409122,5.039093820127248,0.8648282414567019,5.039093820127248,0.509871445371564,5.011076232276115,0.2729286356137015,5.034681303647275,37.29962697277438,5.034681303647275,39.32119257708786,5.006688249585855,41.80927332085838
5.076670884739405,30.521243518626,5.076670884739405,289.2319391019429,5.048677830677985,279.3644370613077,5.048677830677986,6.732414137637377,5.081120201903945,0.8654381328589098,5.081120201903945,0.5104813367737719,5.053102614052814,0.2741484184181173,5.076670884739405,37.28549015036657,5.076670884739405,39.26464528745669,5.048677830677985,41.69617874159604
5.118660465831535,30.29180169167239,5.118660465831535,288.7936976073015,5.090667411770115,278.96860603388967,5.090667411770116,6.793004872441344,5.1231465836806445,0.8660480242611177,5.1231465836806445,0.5132258480837093,5.095128995829513,0.275673146923638,5.118660465831535,37.271353327958764,5.118660465831535,39.12327706337885,5.090667411770115,41.5406736951104
5.160650046923665,30.04995760380237,5.160650046923665,288.3271824678445,5.1326569928622465,278.61518547369496,5.132656992862246,6.870367620806029,5.1651729654573435,0.8675727527666384,5.1651729654573435,0.5132258480837093,5.13715537760621,0.27658798402694984,5.160650046923665,37.144121926288676,5.160650046923665,38.99604566170882,5.1326569928622465,41.35689500380914
5.202639628015797,29.78330899409952,5.202639628015797,287.832393683572,5.1746465739543765,278.1769439790536,5.174646573954376,6.934312758322129,5.207199347234041,0.8684875898699502,5.207199347234041,0.5147505765892291,5.179181759382909,0.27780776683136654,5.202639628015797,37.087574636657564,5.202639628015797,38.84054061522306,5.1746465739543765,41.21552677973125
5.244629209107927,29.52906264531309,5.244629209107927,287.33760489929944,5.216636155046507,277.7104288395966,5.2166361550465075,6.998257895838229,5.24922572901074,0.8684875898699502,5.24922572901074,0.515055522290333,5.2212081411596065,0.2793324953368872,5.244629209107927,36.94620641257967,5.244629209107927,38.71330921355303,5.216636155046507,41.031748088430106
5.286618790200057,29.25001177469383,5.286618790200057,286.8004056478036,5.258625736138637,277.28632416736303,5.2586257361386375,7.08232944962721,5.291252110787437,0.8703172640765748,5.291252110787437,0.5168851964969576,5.263234522936306,0.27963744103799026,5.286618790200057,36.804838188501776,5.286618790200057,38.54366734465958,5.258625736138637,40.79142210749768
5.328608371292187,28.95235751269996,5.328608371292187,286.29148004112324,5.300615317230767,276.81980902790605,5.3006153172307675,7.149628989855451,5.333278492564136,0.8712321011798876,5.333278492564136,0.5171901421980616,5.305260904713005,0.2814671152446149,5.328608371292187,36.67760678683169,5.328608371292187,38.35988865335838,5.300615317230767,40.55109612656531
5.370597952384317,28.679507772538912,5.370597952384317,285.69773349999616,5.342604898322898,276.36743071085687,5.3426048983228975,7.21021972465941,5.375304874340835,0.8721469382831994,5.375304874340835,0.5174950878991655,5.347287286489702,0.2823819523479276,5.370597952384317,36.53623856275391,5.370597952384317,38.13369949483376,5.342604898322898,40.26835967840958
5.412587533476449,28.350847858254014,5.412587533476449,285.1181237812769,5.3845944794150284,275.8019578145454,5.384594479415028,7.280873667599806,5.417331256117532,0.8721469382831994,5.417331256117532,0.5205445449102069,5.389313668266401,0.28299184375013553,5.412587533476449,36.35245987145265,5.412587533476449,37.907510336309144,5.3845944794150284,39.9714864078461
5.454577114568579,28.053193596260144,5.454577114568579,284.49610359533426,5.4265840605071585,275.2930322078651,5.426584060507159,7.35488201325235,5.4593576378942315,0.8724518839843034,5.4593576378942315,0.5208494906113108,5.4313400500431,0.28421162655455134,5.454577114568579,36.154544357743646,5.454577114568579,37.63891071056128,5.4265840605071585,39.74529724932148
5.496566695660709,27.699729160142418,5.496566695660709,283.8599465869839,5.4685736415992885,274.7558329563692,5.468573641599289,7.425535956192746,5.5013840196709305,0.8748914495931359,5.5013840196709305,0.5208494906113108,5.473366431819797,0.28543140935896893,5.496566695660709,35.90008155440347,5.496566695660709,37.370311084813295,5.4685736415992885,39.34946622190341
5.538556276752839,27.37727037631572,5.538556276752839,283.2237895786335,5.5105632226914185,274.19036006005774,5.510563222691419,7.499544301845276,5.543410401447628,0.8758062866964478,5.543410401447628,0.5211544363124139,5.515392813596496,0.28665119216338475,5.538556276752839,35.659755573471045,5.538556276752839,37.05930099184195,5.5105632226914185,39.01018248411651
5.580545857844969,26.999001418365175,5.580545857844969,282.50281163583634,5.5525528037835485,273.65316080856184,5.552552803783549,7.566843842073538,5.585436783224327,0.8758062866964478,5.585436783224327,0.5242038933234552,5.5574191953731935,0.28665119216338475,5.580545857844969,35.39115594772318,5.580545857844969,36.74829089887072,5.5525528037835485,38.62848827910631
5.622535438937099,26.639335851789248,5.622535438937099,281.8101073378548,5.59454238487568,273.045277445027,5.5945423848756795,7.640852187726075,5.627463165001026,0.8758062866964478,5.627463165001026,0.5245088390245591,5.5994455771498926,0.28848086637000936,5.664525020029231,34.82568305141166,5.622535438937099,36.394870338676014,5.59454238487568,38.20438360687268
5.664525020029231,26.28587141567153,5.664525020029231,281.0608557502421,5.63653196596781,272.43739408149213,5.6365319659678095,7.714860533378612,5.669489546777723,0.8770260695008645,5.669489546777723,0.5245088390245591,5.641471958926592,0.2903105405766331,5.706514601121361,34.500536136032565,5.664525020029231,35.97076566644239,5.63653196596781,37.78027893463906
5.706514601121361,25.876596805429955,5.706514601121361,280.3257409850372,5.67852154705994,271.7446897835106,5.678521547059941,7.785514476319001,5.711515928554422,0.8788557437074882,5.711515928554422,0.5254236761278719,5.683498340703289,0.2903105405766331,5.748504182213491,34.13297875343011,5.706514601121361,35.60320828383999,5.67852154705994,37.34203743999774
5.748504182213491,25.436316542897345,5.748504182213491,279.5199421077933,5.72051112815207,271.06612230793684,5.720511128152071,7.859522821971545,5.753542310331119,0.879465635109697,5.753542310331119,0.5281681874378084,5.725524722479988,0.2909204319788419,5.790493763305621,33.76542137082765,5.748504182213491,35.136693144383,5.72051112815207,36.77656454368622
5.790493763305621,25.02704193265577,5.790493763305621,278.7282800529573,5.7625007092442,270.3592811875475,5.762500709244201,7.933531167624082,5.795568692107818,0.879465635109697,5.795568692107818,0.5281681874378084,5.767551104256687,0.2921402147832577,5.874472925489881,32.95962249358382,5.790493763305621,34.740862116964934,5.7625007092442,36.25350211459812
5.828984212640075,24.653733879071787,5.832483344397751,277.88007070849005,5.8044902903363305,269.66657688956593,5.804490290336331,7.997476305140182,5.8375950738845175,0.879465635109697,5.8375950738845175,0.5281681874378084,5.809577486033384,0.2933599975876735,5.916462506582013,32.47897053171903,5.832483344397751,34.203662865469084,5.8044902903363305,35.716302863102214
5.867474661974526,24.21469384263083,5.874472925489881,277.01772454161505,5.846479871428462,268.9880094139922,5.846479871428461,8.071484650792726,5.879621455661215,0.8806854179141128,5.879621455661215,0.5287780788400163,5.851603867810083,0.2939698889898823,5.959951715570291,32.026592214669904,5.874472925489881,33.694737258788734,5.846479871428462,35.15082996679075
5.909464243066656,23.768212449640018,5.916462506582013,276.09883108510894,5.888469452520592,268.15393689193274,5.888469452520593,8.142138593733122,5.921647837437914,0.8828200378218423,5.921647837437914,0.529997861644433,5.8936302495867805,0.2951896717942981,5.998942040870125,31.529783884339054,5.916462506582013,33.100990717661716,5.888469452520592,34.48639931362476
5.94795469240111,23.336613769748908,5.958452087674143,275.1516639837872,5.930459033612722,267.37641165950447,5.930459033612723,8.226210147522089,5.963674219214613,0.8831249835229462,5.963674219214613,0.5318275358510567,5.9356566313634795,0.29610450889761,6.044930629685316,31.045092830357817,5.958452087674143,32.549654643758004,5.930459033612722,33.807831838051015
5.982946009977885,22.890132376758096,5.996942537008595,274.24125262072573,5.972448614704852,266.5282023150373,5.972448614704853,8.296864090462492,6.00570060099131,0.8831249835229462,6.00570060099131,0.5318275358510567,5.977683013140179,0.29671440029981877,6.085920458846681,30.354408078434574,6.000441668766273,31.97004492503868,5.972448614704852,33.100990717661716
6.017937327554661,22.45853369686698,6.035432986343048,273.2856034259594,6.014438195796982,265.6375825033467,6.014438195796983,8.364163630690747,6.047726982768009,0.8831249835229462,6.047726982768009,0.5318275358510567,6.019709394916876,0.29762923740313063,6.126410412042663,29.708153339792887,6.042431249858403,31.390435206319466,6.014438195796982,32.3941495972723
6.056427776889114,21.982286877676785,6.077422567435178,272.2960258574143,6.056427776889114,264.8035099812873,6.056427776889113,8.444880781767573,6.089753364544706,0.8840398206262581,6.089753364544706,0.5336572100576813,6.061735776693575,0.2979341831042346,6.168399993134795,29.105924705221128,6.084420830950533,30.782551842784642,6.056427776889114,31.659034832067448
6.091419094465888,21.545107180373286,6.119412148527308,271.20749053201473,6.098417357981244,263.88461652478117,6.098417357981243,8.51888912742011,6.131779746321405,0.8852596034306739,6.131779746321405,0.5339621557587853,6.103762158470274,0.29945891160975524,6.210389574226925,28.407565678276455,6.124310932988058,30.12660328306339,6.098417357981244,30.881509599639173
6.1229112802849865,21.096765448245016,6.157902597861762,270.27163288861925,6.140406939073374,262.92331260105163,6.140406939073375,8.596251875784795,6.1738061280981045,0.8861744405339866,6.1738061280981045,0.5354868842643059,6.145788540246971,0.29945891160975524,6.252379155319055,27.615903623440374,6.150904334346407,29.651606050161718,6.140406939073374,30.06157389998748
6.157902597861762,20.650284055254204,6.192893915438537,269.2877100490373,6.182396520165504,261.96200867732216,6.182396520165505,8.670260221437331,6.215832509874802,0.8867843319361945,6.215832509874802,0.5354868842643059,6.18781492202367,0.30128858581637985,6.294368736411185,26.866652035827713,6.294368736411185,26.38600007396292,6.182396520165504,29.199227733112536
6.189394783680859,20.21496469708817,6.2278852330153125,268.3546797701233,6.224386101257634,260.95829428636927,6.224386101257635,8.74091416437772,6.257858891651501,0.8867843319361945,6.257858891651501,0.5354868842643059,6.229841303800369,0.30128858581637985,6.343356581018671,25.933621756913794,6.336358317503315,25.495380262272363,6.283871341138152,26.360553793628924
6.220886969499958,19.794528052021825,6.262876550592088,267.35379274365204,6.266375682349764,259.8838957833775,6.266375682349765,8.811568107318116,6.2998852734282,0.8867843319361945,6.2998852734282,0.5357918299654099,6.2718676855770665,0.3022034229196917,6.392344425626156,24.958181010776514,6.378347898595447,24.590623628174,6.3223617904726055,25.452969795049
6.252379155319055,19.322001911106547,6.297867868168863,266.268084782734,6.304866131684218,258.922591859648,6.308365263441895,8.898994063819238,6.341911655204897,0.8867843319361945,6.341911655204897,0.5376215041720345,6.313894067353766,0.3034232057241084,6.434334006718286,24.095834843901457,6.420337479687577,23.586909237221164,6.3643513715647355,24.42098175928055
6.2803722093804755,18.89412390949036,6.332859185745638,265.31809031693075,6.339857449260993,258.00652576762343,6.350354844534025,8.966293604047479,6.383938036981596,0.889223897545028,6.383938036981596,0.5391462326775542,6.355920449130463,0.30372815142521237,6.476323587810416,23.2052150322109,6.462327060779707,22.52664755663716,6.402841820899189,23.35789271421504
6.308365263441896,18.456944212186855,6.3643513715647355,264.3511316642381,6.378347898595447,256.97171036737336,6.392344425626157,9.047010755124312,6.425964418758293,0.889528843246131,6.425964418758293,0.5391462326775542,6.397946830907162,0.30494793422962907,6.518313168902546,22.187363818850258,6.5008175101141585,21.508796343276515,6.437833138475964,22.424862435301122
6.336358317503315,18.02906621057067,6.395843557383834,263.31631626398814,6.4168383479298985,255.8860024064554,6.434334006718287,9.124373503489004,6.467990800534992,0.8901387346483398,6.467990800534992,0.5391462326775542,6.439973212683861,0.30494793422962907,6.560302749994678,21.169512605489615,6.535808827690934,20.507909316805183,6.47282445605274,21.42397540882979
6.3643513715647355,17.591886513267163,6.430834874960608,262.1966799292914,6.451829665506674,254.86815119309472,6.476323587810417,9.1950274464294,6.5100171823116915,0.8904436803494438,6.5100171823116915,0.5391462326775542,6.481999594460558,0.305557825631837,6.59879319932913,20.219518139686386,6.570800145267709,19.574879037891264,6.507815773629515,20.372195821690468
6.392344425626156,17.12680172890174,6.462327060779707,261.19155185609776,6.486820983083449,253.83333579284474,6.518313168902547,9.282453402930514,6.552043564088389,0.8904436803494438,6.552043564088389,0.5391462326775542,6.524025976237257,0.3061677170340449,6.633784516905905,19.28648786077241,6.602292331086808,18.62488457208798,6.54280709120629,19.235595300104364
6.420337479687577,16.661716944536316,6.490320114841127,260.23731634357216,6.521812300660224,252.7476278319267,6.560302749994677,9.35310734587091,6.594069945865088,0.8904436803494438,6.594069945865088,0.5412808525852828,6.566052358013956,0.3073874998384616,6.66877583448268,18.370421768747804,6.633784516905905,17.67489010628475,6.574299277025387,18.243190367077773
6.448330533748996,16.2059338558582,6.518313168902546,259.24067036382314,6.556803618237,251.71281243167672,6.602292331086809,9.430470094235588,6.636096327641787,0.8904436803494438,6.636096327641787,0.5428055810908035,6.6080787397906535,0.30769244553956554,6.703767152059456,17.35257055538716,6.66877583448268,16.62311051914537,6.602292331086808,17.267749620940435
6.476323587810416,15.731547375805462,6.546306222963967,258.2652296176859,6.588295804056097,250.7585769191511,6.644281912178939,9.501124037175984,6.678122709418484,0.8922733545560684,6.678122709418484,0.5428055810908035,6.650105121567353,0.3086072826428774,6.738758469636231,16.334719342026517,6.700268020301779,15.571330932006049,6.630285385148229,16.249898407579792
6.504316641871837,15.229255808690802,6.574299277025387,257.2897888715486,6.616288858117517,249.8043414066255,6.686271493271069,9.585195590964958,6.720149091195183,0.8934931373604842,6.720149091195183,0.5428055810908035,6.69213150334405,0.3098270654472932,6.773749787213006,15.265975567997828,6.731760206120876,14.45169459730937,6.6582784392096475,15.274457661442511
6.532309695933257,14.726964241576141,6.602292331086808,256.22952719096463,6.644281912178938,248.89251636132326,6.728261074363199,9.669267144753931,6.762175472971882,0.8934931373604842,6.762175472971882,0.5428055810908035,6.734157885120749,0.3092171740450862,6.805241973032103,14.320222148916912,6.763252391939973,13.365986636391312,6.686271493271068,14.256606448081868
6.556803618237,14.268080587668926,6.630285385148229,255.19047074399228,6.672274966240359,247.93828084879763,6.770250655455329,9.739921087694327,6.804201854748579,0.8928832459582763,6.804201854748579,0.5440253638952193,6.776184266897448,0.3098270654472932,6.836734158851202,13.281165701944587,6.791245446001394,12.390545890254032,6.714264547332489,13.132729066662819
6.577798408783066,13.896012760176589,6.6582784392096475,254.15141429701993,6.700268020301779,246.96284010266035,6.812240236547459,9.83070144690759,6.8462282365252785,0.8941030287626921,6.8462282365252785,0.5446352552974281,6.818210648674145,0.3116567396539178,6.871725476427978,12.093672619690494,6.819238500062815,11.309078976058345,6.742257601393909,12.03005691885545
6.59879319932913,13.499140410851417,6.686271493271068,253.06994738282424,6.728261074363198,245.98739935652307,6.854229817639591,9.901355389847978,6.888254618301976,0.8941030287626921,6.888254618301976,0.5440253638952193,6.860237030450844,0.3116567396539178,6.903217662247075,11.075821406329851,6.845132075069628,10.244576248751969,6.770250655455328,10.969795238271445
6.623287121632872,13.024753930798688,6.714264547332489,251.90365953418183,6.756254128424619,245.01195861038576,6.896219398731721,9.97871813821267,6.930281000078675,0.8941030287626921,6.930281000078675,0.545245146699636,6.902263412227543,0.3122666310561266,6.931210716308495,10.057970192969208,6.875224608185654,9.209760848501958,6.798243709516749,9.824712623240714
6.651280175694293,12.50385897230941,6.742257601393909,250.77978215276278,6.784247182486039,244.0153126306368,6.938208979823851,10.052726483865207,6.972307381855374,0.8947129201649009,6.972307381855374,0.5464649295040527,6.930281000078675,0.3122666310561266,6.959203770369916,8.997708512385202,6.903217662247075,8.12829393430627,6.826236763578169,8.594809073763258
6.675774097998035,12.010869100882054,6.770250655455328,249.6983152385671,6.81224023654746,242.97625618366447,6.980198560915981,10.140152440366329,7.014333763632071,0.8950178658660048,7.014333763632071,0.5461599838029487,,,6.9871968244313365,8.022267766247921,6.927711584550817,7.117511132149502,6.85422981763959,7.428521225120846
6.696768888544101,11.589192229724077,6.798243709516749,248.510822156313,6.840233290608879,241.8947892694688,7.022188142008111,10.210806383306725,7.05636014540877,0.8947129201649009,,,,,7.015189878492755,7.004416552887221,6.948706375096883,6.212754498051197,6.873475042306817,6.431875245371884
6.717763679090167,11.155113097649675,6.826236763578169,247.30212384044722,6.868226344670299,240.79211712166142,7.064177723100241,10.29152353438355,7.098386527185469,0.8950178658660048,,,,,7.043182932554176,5.965360105914897,6.973200297400625,5.138355995059385,6.897968964610559,5.414024032011241
6.738758469636231,10.708631704658863,6.851897063134471,246.02980982374643,6.89621939873172,239.71065020746573,7.106167304192373,10.368886282748228,7.126404115036601,0.8959327029693167,,,,,7.0711759866155965,4.862687958107529,7.001193351462046,4.078094314475379,6.915464623398947,4.629430388379092
6.759753260182297,10.262150311668059,6.8822228717010105,244.8847272087157,6.920713321035462,238.82003039577515,,,,,,,,,7.095669908919339,3.9225892679897356,7.022188142008112,3.399526838901636,,
6.780748050728361,9.806367222989941,6.905717042073988,243.61847183018966,,,,,,,,,,,7.116664699465405,3.0461062787069295,,,,
6.798243709516749,9.415696004122985,6.927711584550817,242.50974104420752,,,,,,,,,,,,,,,,
6.819238500062815,8.950611219757555,6.950455940975722,241.5555055316819,,,,,,,,,,,,,,,,
6.841982856487718,8.448319652642894,6.98019856091598,240.30439674859278,,,,,,,,,,,,,,,,
6.854929643991124,8.066950129463244,7.008191614977401,239.06035637670752,,,,,,,,,,,,,,,,
6.878723739943332,7.6576755192216694,,,,,,,,,,,,,,,,,,
6.899718530489398,7.211194126230865,,,,,,,,,,,,,,,,,,
6.917214189277786,6.696500298199794,,,,,,,,,,,,,,,,,,
6.939958545702689,6.215912687688849,,,,,,,,,,,,,,,,,,
6.952905333206095,5.797336381759969,,,,,,,,,,,,,,,,,,
6.973200297400625,5.378760075831089,,,,,,,,,,,,,,,,,,
6.994195087946691,4.8578651173418095,,,,,,,,,,,,,,,,,,
7.018689010250434,4.358674115456253,,,,,,,,,,,,,,,,,,
7.030352782776026,3.999008548880326,,,,,,,,,,,,,,,,,,
7.049481369717997,3.5202812775068395,,,,,,,,,,,,,,,,,,
7.0711759866155965,2.951017501443559,,,,,,,,,,,,,,,,,,
7.092170777161661,2.442524803870697,,,,,,,,,,,,,,,,,,
7.112465741356193,1.9055069061900838,,,,,,,,,,,,,,,,,,
